{"lands":{"autotiles":[{"k":[10,-1,56.25,24,0],"v":{"id":2,"t":[0,1],"tid":318}},{"k":[11,-1,56.25,23,0],"v":{"id":2,"t":[0,1],"tid":318}},{"k":[12,-1,56.25,22,0],"v":{"id":2,"t":[0,1],"tid":318}},{"k":[13,-1,56.25,21,0],"v":{"id":2,"t":[0,1],"tid":318}},{"k":[14,-1,56.25,20,0],"v":{"id":2,"t":[0,1],"tid":471}},{"k":[8,-1,56.25,26,0],"v":{"id":2,"t":[0,1],"tid":324}},{"k":[9,-1,56.25,25,0],"v":{"id":2,"t":[0,1],"tid":318}},{"k":[10,-1,56.25,25,0],"v":{"id":2,"t":[0,1],"tid":318}},{"k":[11,-1,56.25,24,0],"v":{"id":2,"t":[0,1],"tid":318}},{"k":[12,-1,56.25,23,0],"v":{"id":2,"t":[0,1],"tid":318}},{"k":[13,-1,56.25,22,0],"v":{"id":2,"t":[0,1],"tid":318}},{"k":[14,-1,56.25,21,0],"v":{"id":2,"t":[0,1],"tid":318}},{"k":[15,-1,56.25,20,0],"v":{"id":2,"t":[0,1],"tid":471}},{"k":[9,-1,56.25,26,0],"v":{"id":2,"t":[0,1],"tid":324}},{"k":[10,-1,56.25,26,0],"v":{"id":2,"t":[0,1],"tid":324}},{"k":[11,-1,56.25,25,0],"v":{"id":2,"t":[0,1],"tid":318}},{"k":[12,-1,56.25,24,0],"v":{"id":2,"t":[0,1],"tid":318}},{"k":[13,-1,56.25,23,0],"v":{"id":2,"t":[0,1],"tid":318}},{"k":[14,-1,56.25,22,0],"v":{"id":2,"t":[0,1],"tid":318}},{"k":[15,-1,56.25,21,0],"v":{"id":2,"t":[0,1],"tid":318}},{"k":[11,-1,56.25,26,0],"v":{"id":2,"t":[0,1],"tid":324}},{"k":[12,-1,56.25,25,0],"v":{"id":2,"t":[0,1],"tid":318}},{"k":[13,-1,56.25,24,0],"v":{"id":2,"t":[0,1],"tid":318}},{"k":[14,-1,56.25,23,0],"v":{"id":2,"t":[0,1],"tid":318}},{"k":[15,-1,56.25,22,0],"v":{"id":2,"t":[0,1],"tid":318}},{"k":[12,-1,56.25,26,0],"v":{"id":2,"t":[0,1],"tid":324}},{"k":[13,-1,56.25,25,0],"v":{"id":2,"t":[0,1],"tid":318}},{"k":[14,-1,56.25,24,0],"v":{"id":2,"t":[0,1],"tid":318}},{"k":[15,-1,56.25,23,0],"v":{"id":2,"t":[0,1],"tid":318}},{"k":[13,-1,56.25,26,0],"v":{"id":2,"t":[0,1],"tid":324}},{"k":[14,-1,56.25,25,0],"v":{"id":2,"t":[0,1],"tid":318}},{"k":[15,-1,56.25,24,0],"v":{"id":2,"t":[0,1],"tid":318}},{"k":[14,-1,56.25,26,0],"v":{"id":2,"t":[0,1],"tid":324}},{"k":[15,-1,56.25,25,0],"v":{"id":2,"t":[0,1],"tid":318}},{"k":[15,-1,56.25,26,0],"v":{"id":2,"t":[0,1],"tid":324}},{"k":[0,-1,56.25,21,0],"v":{"id":2,"t":[0,1],"tid":225}},{"k":[0,-1,56.25,22,0],"v":{"id":2,"t":[0,1],"tid":584}},{"k":[1,-1,56.25,21,0],"v":{"id":2,"t":[0,1],"tid":471}},{"k":[0,-1,56.25,23,0],"v":{"id":2,"t":[0,1],"tid":584}},{"k":[1,-1,56.25,22,0],"v":{"id":2,"t":[0,1],"tid":318}},{"k":[2,-1,56.25,21,0],"v":{"id":2,"t":[0,1],"tid":471}},{"k":[0,-1,56.25,24,0],"v":{"id":2,"t":[0,1],"tid":584}},{"k":[1,-1,56.25,23,0],"v":{"id":2,"t":[0,1],"tid":318}},{"k":[2,-1,56.25,22,0],"v":{"id":2,"t":[0,1],"tid":318}},{"k":[3,-1,56.25,21,0],"v":{"id":2,"t":[0,1],"tid":471}},{"k":[0,-1,56.25,25,0],"v":{"id":2,"t":[0,1],"tid":584}},{"k":[1,-1,56.25,24,0],"v":{"id":2,"t":[0,1],"tid":318}},{"k":[2,-1,56.25,23,0],"v":{"id":2,"t":[0,1],"tid":318}},{"k":[3,-1,56.25,22,0],"v":{"id":2,"t":[0,1],"tid":318}},{"k":[4,-1,56.25,21,0],"v":{"id":2,"t":[0,1],"tid":471}},{"k":[5,-1,56.25,20,0],"v":{"id":2,"t":[0,1],"tid":225}},{"k":[0,-1,56.25,26,0],"v":{"id":2,"t":[0,1],"tid":584}},{"k":[1,-1,56.25,25,0],"v":{"id":2,"t":[0,1],"tid":318}},{"k":[2,-1,56.25,24,0],"v":{"id":2,"t":[0,1],"tid":318}},{"k":[3,-1,56.25,23,0],"v":{"id":2,"t":[0,1],"tid":318}},{"k":[4,-1,56.25,22,0],"v":{"id":2,"t":[0,1],"tid":318}},{"k":[5,-1,56.25,21,0],"v":{"id":2,"t":[0,1],"tid":62}},{"k":[6,-1,56.25,20,0],"v":{"id":2,"t":[0,1],"tid":471}},{"k":[0,-1,56.25,27,0],"v":{"id":2,"t":[0,1],"tid":570}},{"k":[1,-1,56.25,26,0],"v":{"id":2,"t":[0,1],"tid":318}},{"k":[2,-1,56.25,25,0],"v":{"id":2,"t":[0,1],"tid":318}},{"k":[3,-1,56.25,24,0],"v":{"id":2,"t":[0,1],"tid":318}},{"k":[4,-1,56.25,23,0],"v":{"id":2,"t":[0,1],"tid":318}},{"k":[5,-1,56.25,22,0],"v":{"id":2,"t":[0,1],"tid":318}},{"k":[6,-1,56.25,21,0],"v":{"id":2,"t":[0,1],"tid":318}},{"k":[7,-1,56.25,20,0],"v":{"id":2,"t":[0,1],"tid":471}},{"k":[1,-1,56.25,27,0],"v":{"id":2,"t":[0,1],"tid":324}},{"k":[2,-1,56.25,26,0],"v":{"id":2,"t":[0,1],"tid":318}},{"k":[3,-1,56.25,25,0],"v":{"id":2,"t":[0,1],"tid":318}},{"k":[4,-1,56.25,24,0],"v":{"id":2,"t":[0,1],"tid":318}},{"k":[5,-1,56.25,23,0],"v":{"id":2,"t":[0,1],"tid":318}},{"k":[6,-1,56.25,22,0],"v":{"id":2,"t":[0,1],"tid":318}},{"k":[7,-1,56.25,21,0],"v":{"id":2,"t":[0,1],"tid":318}},{"k":[8,-1,56.25,20,0],"v":{"id":2,"t":[0,1],"tid":471}},{"k":[2,-1,56.25,27,0],"v":{"id":2,"t":[0,1],"tid":324}},{"k":[3,-1,56.25,26,0],"v":{"id":2,"t":[0,1],"tid":318}},{"k":[4,-1,56.25,25,0],"v":{"id":2,"t":[0,1],"tid":318}},{"k":[5,-1,56.25,24,0],"v":{"id":2,"t":[0,1],"tid":318}},{"k":[6,-1,56.25,23,0],"v":{"id":2,"t":[0,1],"tid":318}},{"k":[7,-1,56.25,22,0],"v":{"id":2,"t":[0,1],"tid":318}},{"k":[8,-1,56.25,21,0],"v":{"id":2,"t":[0,1],"tid":318}},{"k":[9,-1,56.25,20,0],"v":{"id":2,"t":[0,1],"tid":471}},{"k":[3,-1,56.25,27,0],"v":{"id":2,"t":[0,1],"tid":324}},{"k":[4,-1,56.25,26,0],"v":{"id":2,"t":[0,1],"tid":316}},{"k":[10,-1,56.25,20,0],"v":{"id":2,"t":[0,1],"tid":471}},{"k":[5,-1,56.25,25,0],"v":{"id":2,"t":[0,1],"tid":318}},{"k":[6,-1,56.25,24,0],"v":{"id":2,"t":[0,1],"tid":318}},{"k":[7,-1,56.25,23,0],"v":{"id":2,"t":[0,1],"tid":318}},{"k":[8,-1,56.25,22,0],"v":{"id":2,"t":[0,1],"tid":318}},{"k":[9,-1,56.25,21,0],"v":{"id":2,"t":[0,1],"tid":318}},{"k":[4,-1,56.25,27,0],"v":{"id":2,"t":[0,1],"tid":372}},{"k":[10,-1,56.25,21,0],"v":{"id":2,"t":[0,1],"tid":318}},{"k":[11,-1,56.25,20,0],"v":{"id":2,"t":[0,1],"tid":471}},{"k":[5,-1,56.25,26,0],"v":{"id":2,"t":[0,1],"tid":324}},{"k":[6,-1,56.25,25,0],"v":{"id":2,"t":[0,1],"tid":318}},{"k":[7,-1,56.25,24,0],"v":{"id":2,"t":[0,1],"tid":318}},{"k":[8,-1,56.25,23,0],"v":{"id":2,"t":[0,1],"tid":318}},{"k":[9,-1,56.25,22,0],"v":{"id":2,"t":[0,1],"tid":318}},{"k":[10,-1,56.25,22,0],"v":{"id":2,"t":[0,1],"tid":318}},{"k":[11,-1,56.25,21,0],"v":{"id":2,"t":[0,1],"tid":318}},{"k":[12,-1,56.25,20,0],"v":{"id":2,"t":[0,1],"tid":471}},{"k":[6,-1,56.25,26,0],"v":{"id":2,"t":[0,1],"tid":324}},{"k":[7,-1,56.25,25,0],"v":{"id":2,"t":[0,1],"tid":318}},{"k":[8,-1,56.25,24,0],"v":{"id":2,"t":[0,1],"tid":318}},{"k":[9,-1,56.25,23,0],"v":{"id":2,"t":[0,1],"tid":318}},{"k":[10,-1,56.25,23,0],"v":{"id":2,"t":[0,1],"tid":318}},{"k":[11,-1,56.25,22,0],"v":{"id":2,"t":[0,1],"tid":318}},{"k":[12,-1,56.25,21,0],"v":{"id":2,"t":[0,1],"tid":318}},{"k":[13,-1,56.25,20,0],"v":{"id":2,"t":[0,1],"tid":471}},{"k":[7,-1,56.25,26,0],"v":{"id":2,"t":[0,1],"tid":324}},{"k":[8,-1,56.25,25,0],"v":{"id":2,"t":[0,1],"tid":318}},{"k":[9,-1,56.25,24,0],"v":{"id":2,"t":[0,1],"tid":318}}],"floors":[]},"moun":{"a":[{"k":[0,-1,0,16,0],"v":{"b":true,"sid":1}},{"k":[0,-1,0,17,0],"v":{"b":true,"sid":1,"t":true}},{"k":[0,-1,0,18,0],"v":{"b":true,"sid":1,"t":true}},{"k":[0,-1,0,19,0],"v":{"b":true,"sid":1,"t":true}},{"k":[0,-1,0,20,0],"v":{"r":true,"sid":1,"t":true}},{"k":[1,-1,0,20,0],"v":{"l":true,"r":true,"sid":1}},{"k":[2,-1,0,20,0],"v":{"l":true,"r":true,"sid":1}},{"k":[3,-1,0,20,0],"v":{"l":true,"r":true,"sid":1}},{"k":[4,-1,0,20,0],"v":{"l":true,"sid":1}},{"k":[5,-1,0,19,0],"v":{"r":true,"sid":1}},{"k":[6,-1,0,19,0],"v":{"l":true,"r":true,"sid":1}},{"k":[15,-1,0,27,0],"v":{"l":true,"r":true,"sid":1}},{"k":[7,-1,0,19,0],"v":{"l":true,"r":true,"sid":1}},{"k":[8,-1,0,19,0],"v":{"l":true,"r":true,"sid":1}},{"k":[9,-1,0,19,0],"v":{"l":true,"r":true,"sid":1}},{"k":[0,-1,0,28,0],"v":{"b":true,"r":true,"sid":1}},{"k":[10,-1,0,19,0],"v":{"l":true,"r":true,"sid":1}},{"k":[1,-1,0,28,0],"v":{"l":true,"r":true,"sid":1}},{"k":[0,-1,0,29,0],"v":{"b":true,"sid":1,"t":true}},{"k":[11,-1,0,19,0],"v":{"l":true,"r":true,"sid":1}},{"k":[2,-1,0,28,0],"v":{"l":true,"r":true,"sid":1}},{"k":[0,-1,0,30,0],"v":{"b":true,"sid":1,"t":true}},{"k":[12,-1,0,19,0],"v":{"l":true,"r":true,"sid":1}},{"k":[3,-1,0,28,0],"v":{"l":true,"r":true,"sid":1}},{"k":[0,-1,0,31,0],"v":{"b":true,"sid":1,"t":true}},{"k":[13,-1,0,19,0],"v":{"l":true,"r":true,"sid":1}},{"k":[4,-1,0,28,0],"v":{"l":true,"r":true,"sid":1}},{"k":[5,-1,0,27,0],"v":{"b":true,"r":true,"sid":1}},{"k":[14,-1,0,19,0],"v":{"l":true,"r":true,"sid":1}},{"k":[5,-1,0,28,0],"v":{"l":true,"sid":1,"t":true}},{"k":[6,-1,0,27,0],"v":{"l":true,"r":true,"sid":1}},{"k":[15,-1,0,19,0],"v":{"l":true,"r":true,"sid":1}},{"k":[7,-1,0,27,0],"v":{"l":true,"r":true,"sid":1}},{"k":[8,-1,0,27,0],"v":{"l":true,"r":true,"sid":1}},{"k":[9,-1,0,27,0],"v":{"l":true,"r":true,"sid":1}},{"k":[10,-1,0,27,0],"v":{"b":true,"l":true,"r":true,"sid":1}},{"k":[10,-1,0,28,0],"v":{"r":true,"sid":1,"t":true}},{"k":[11,-1,0,27,0],"v":{"b":true,"l":true,"r":true,"sid":1}},{"k":[11,-1,0,28,0],"v":{"l":true,"sid":1,"t":true}},{"k":[12,-1,0,27,0],"v":{"l":true,"r":true,"sid":1}},{"k":[13,-1,0,27,0],"v":{"l":true,"r":true,"sid":1}},{"k":[14,-1,0,27,0],"v":{"l":true,"r":true,"sid":1}}],"o":[]},"objs":{"list":[]},"objs3d":{"a":[],"o":[]},"sprites":{"list":[],"overflow":[],"walls":[]}}