{"lands":{"autotiles":[],"floors":[]},"moun":{"a":[{"k":[0,-1,0,5,0],"v":{"b":true,"sid":1,"t":true}},{"k":[0,-1,0,6,0],"v":{"b":true,"sid":1,"t":true}},{"k":[0,-1,0,7,0],"v":{"b":true,"sid":1,"t":true}},{"k":[0,-1,0,8,0],"v":{"b":true,"sid":1,"t":true}},{"k":[0,-1,0,9,0],"v":{"b":true,"sid":1,"t":true}},{"k":[0,-1,0,10,0],"v":{"b":true,"sid":1,"t":true}},{"k":[0,-1,0,11,0],"v":{"b":true,"sid":1,"t":true}},{"k":[0,-1,0,12,0],"v":{"b":true,"sid":1,"t":true}},{"k":[0,-1,0,13,0],"v":{"b":true,"sid":1,"t":true}},{"k":[0,-1,0,14,0],"v":{"b":true,"sid":1,"t":true}},{"k":[0,-1,0,15,0],"v":{"b":true,"sid":1,"t":true}},{"k":[0,-1,0,0,0],"v":{"b":true,"sid":1}},{"k":[0,-1,0,1,0],"v":{"b":true,"sid":1,"t":true}},{"k":[0,-1,0,2,0],"v":{"b":true,"sid":1,"t":true}},{"k":[0,-1,0,3,0],"v":{"b":true,"sid":1,"t":true}},{"k":[0,-1,0,4,0],"v":{"b":true,"sid":1,"t":true}}],"o":[]},"objs":{"list":[]},"objs3d":{"a":[],"o":[]},"sprites":{"list":[],"overflow":[],"walls":[]}}