{"lands":{"autotiles":[],"floors":[]},"moun":{"a":[{"k":[0,-1,0,40,0],"v":{"b":true,"sid":1,"t":true}},{"k":[0,-1,0,41,0],"v":{"b":true,"sid":1,"t":true}},{"k":[0,-1,0,42,0],"v":{"b":true,"sid":1,"t":true}},{"k":[0,-1,0,43,0],"v":{"b":true,"sid":1,"t":true}},{"k":[0,-1,0,44,0],"v":{"b":true,"sid":1,"t":true}},{"k":[0,-1,0,45,0],"v":{"b":true,"sid":1,"t":true}},{"k":[0,-1,0,46,0],"v":{"b":true,"sid":1,"t":true}},{"k":[0,-1,0,32,0],"v":{"b":true,"sid":1,"t":true}},{"k":[0,-1,0,47,0],"v":{"sid":1,"t":true}},{"k":[0,-1,0,33,0],"v":{"b":true,"sid":1,"t":true}},{"k":[0,-1,0,34,0],"v":{"b":true,"sid":1,"t":true}},{"k":[0,-1,0,35,0],"v":{"b":true,"sid":1,"t":true}},{"k":[0,-1,0,36,0],"v":{"b":true,"sid":1,"t":true}},{"k":[0,-1,0,37,0],"v":{"b":true,"sid":1,"t":true}},{"k":[0,-1,0,38,0],"v":{"b":true,"sid":1,"t":true}},{"k":[0,-1,0,39,0],"v":{"b":true,"sid":1,"t":true}}],"o":[]},"objs":{"list":[]},"objs3d":{"a":[],"o":[]},"sprites":{"list":[],"overflow":[],"walls":[]}}