{"lands":{"autotiles":[],"floors":[{"k":[0,0,0,48,0],"v":{"t":[0,0]}},{"k":[1,0,0,48,0],"v":{"t":[0,0]}},{"k":[0,0,0,49,0],"v":{"t":[0,0]}},{"k":[2,0,0,48,0],"v":{"t":[0,0]}},{"k":[1,0,0,49,0],"v":{"t":[0,0]}},{"k":[3,0,0,48,0],"v":{"t":[0,0]}},{"k":[2,0,0,49,0],"v":{"t":[0,0]}},{"k":[4,0,0,48,0],"v":{"t":[0,0]}},{"k":[3,0,0,49,0],"v":{"t":[0,0]}},{"k":[9,0,0,48,0],"v":{"t":[0,0]}},{"k":[8,0,0,49,0],"v":{"t":[0,0]}},{"k":[5,0,0,48,0],"v":{"t":[0,0]}},{"k":[4,0,0,49,0],"v":{"t":[0,0]}},{"k":[10,0,0,48,0],"v":{"t":[0,0]}},{"k":[9,0,0,49,0],"v":{"t":[0,0]}},{"k":[6,0,0,48,0],"v":{"t":[0,0]}},{"k":[5,0,0,49,0],"v":{"t":[0,0]}},{"k":[11,0,0,48,0],"v":{"t":[0,0]}},{"k":[10,0,0,49,0],"v":{"t":[0,0]}},{"k":[7,0,0,48,0],"v":{"t":[0,0]}},{"k":[6,0,0,49,0],"v":{"t":[0,0]}},{"k":[12,0,0,48,0],"v":{"t":[0,0]}},{"k":[11,0,0,49,0],"v":{"t":[0,0]}},{"k":[8,0,0,48,0],"v":{"t":[0,0]}},{"k":[7,0,0,49,0],"v":{"t":[0,0]}},{"k":[13,0,0,48,0],"v":{"t":[0,0]}},{"k":[12,0,0,49,0],"v":{"t":[0,0]}},{"k":[14,0,0,48,0],"v":{"t":[0,0]}},{"k":[13,0,0,49,0],"v":{"t":[0,0]}},{"k":[15,0,0,48,0],"v":{"t":[0,0]}},{"k":[14,0,0,49,0],"v":{"t":[0,0]}},{"k":[15,0,0,49,0],"v":{"t":[0,0]}}]},"moun":{"a":[],"o":[]},"objs":{"list":[]},"objs3d":{"a":[],"o":[]},"sprites":{"list":[{"k":[6,0,0,49,0],"v":{"k":4,"t":[0,1,2,2]}},{"k":[8,0,0,49,0],"v":{"k":4,"t":[6,12,2,2]}},{"k":[10,0,0,49,0],"v":{"k":4,"t":[0,1,2,2]}},{"k":[11,0,0,48,0],"v":{"k":4,"t":[4,1,1,1]}},{"k":[13,0,0,49,0],"v":{"k":4,"t":[0,1,2,2]}},{"k":[2,0,0,49,0],"v":{"k":4,"t":[0,1,2,2]}},{"k":[3,0,0,49,0],"v":{"k":4,"t":[7,3,1,1]}}],"overflow":[],"walls":[]}}