{"lands":{"autotiles":[],"floors":[{"k":[1,0,0,40,0],"v":{"t":[0,0]}},{"k":[9,0,0,32,0],"v":{"t":[0,0]}},{"k":[8,0,0,33,0],"v":{"t":[0,0]}},{"k":[7,0,0,34,0],"v":{"t":[0,0]}},{"k":[6,0,0,35,0],"v":{"t":[0,0]}},{"k":[5,0,0,36,0],"v":{"t":[0,0]}},{"k":[4,0,0,37,0],"v":{"t":[0,0]}},{"k":[3,0,0,38,0],"v":{"t":[0,0]}},{"k":[2,0,0,39,0],"v":{"t":[0,0]}},{"k":[0,0,0,41,0],"v":{"t":[0,0]}},{"k":[2,0,0,40,0],"v":{"t":[0,0]}},{"k":[1,0,0,41,0],"v":{"t":[0,0]}},{"k":[10,0,0,32,0],"v":{"t":[0,0]}},{"k":[9,0,0,33,0],"v":{"t":[0,0]}},{"k":[8,0,0,34,0],"v":{"t":[0,0]}},{"k":[7,0,0,35,0],"v":{"t":[0,0]}},{"k":[6,0,0,36,0],"v":{"t":[0,0]}},{"k":[5,0,0,37,0],"v":{"t":[0,0]}},{"k":[4,0,0,38,0],"v":{"t":[0,0]}},{"k":[3,0,0,39,0],"v":{"t":[0,0]}},{"k":[0,0,0,42,0],"v":{"t":[0,0]}},{"k":[3,0,0,40,0],"v":{"t":[0,0]}},{"k":[2,0,0,41,0],"v":{"t":[0,0]}},{"k":[1,0,0,42,0],"v":{"t":[0,0]}},{"k":[11,0,0,32,0],"v":{"t":[0,0]}},{"k":[10,0,0,33,0],"v":{"t":[0,0]}},{"k":[9,0,0,34,0],"v":{"t":[0,0]}},{"k":[8,0,0,35,0],"v":{"t":[0,0]}},{"k":[7,0,0,36,0],"v":{"t":[0,0]}},{"k":[6,0,0,37,0],"v":{"t":[0,0]}},{"k":[5,0,0,38,0],"v":{"t":[0,0]}},{"k":[4,0,0,39,0],"v":{"t":[0,0]}},{"k":[0,0,0,43,0],"v":{"t":[0,0]}},{"k":[4,0,0,40,0],"v":{"t":[0,0]}},{"k":[3,0,0,41,0],"v":{"t":[0,0]}},{"k":[2,0,0,42,0],"v":{"t":[0,0]}},{"k":[1,0,0,43,0],"v":{"t":[0,0]}},{"k":[12,0,0,32,0],"v":{"t":[0,0]}},{"k":[11,0,0,33,0],"v":{"t":[0,0]}},{"k":[10,0,0,34,0],"v":{"t":[0,0]}},{"k":[9,0,0,35,0],"v":{"t":[0,0]}},{"k":[8,0,0,36,0],"v":{"t":[0,0]}},{"k":[7,0,0,37,0],"v":{"t":[0,0]}},{"k":[6,0,0,38,0],"v":{"t":[0,0]}},{"k":[5,0,0,39,0],"v":{"t":[0,0]}},{"k":[0,0,0,44,0],"v":{"t":[0,0]}},{"k":[5,0,0,40,0],"v":{"t":[0,0]}},{"k":[4,0,0,41,0],"v":{"t":[0,0]}},{"k":[3,0,0,42,0],"v":{"t":[0,0]}},{"k":[2,0,0,43,0],"v":{"t":[0,0]}},{"k":[1,0,0,44,0],"v":{"t":[0,0]}},{"k":[13,0,0,32,0],"v":{"t":[0,0]}},{"k":[12,0,0,33,0],"v":{"t":[0,0]}},{"k":[11,0,0,34,0],"v":{"t":[0,0]}},{"k":[10,0,0,35,0],"v":{"t":[0,0]}},{"k":[9,0,0,36,0],"v":{"t":[0,0]}},{"k":[8,0,0,37,0],"v":{"t":[0,0]}},{"k":[7,0,0,38,0],"v":{"t":[0,0]}},{"k":[6,0,0,39,0],"v":{"t":[0,0]}},{"k":[0,0,0,45,0],"v":{"t":[0,0]}},{"k":[6,0,0,40,0],"v":{"t":[0,0]}},{"k":[5,0,0,41,0],"v":{"t":[0,0]}},{"k":[4,0,0,42,0],"v":{"t":[0,0]}},{"k":[3,0,0,43,0],"v":{"t":[0,0]}},{"k":[2,0,0,44,0],"v":{"t":[0,0]}},{"k":[1,0,0,45,0],"v":{"t":[0,0]}},{"k":[14,0,0,32,0],"v":{"t":[0,0]}},{"k":[13,0,0,33,0],"v":{"t":[0,0]}},{"k":[12,0,0,34,0],"v":{"t":[0,0]}},{"k":[11,0,0,35,0],"v":{"t":[0,0]}},{"k":[10,0,0,36,0],"v":{"t":[0,0]}},{"k":[9,0,0,37,0],"v":{"t":[0,0]}},{"k":[8,0,0,38,0],"v":{"t":[0,0]}},{"k":[7,0,0,39,0],"v":{"t":[0,0]}},{"k":[0,0,0,46,0],"v":{"t":[0,0]}},{"k":[7,0,0,40,0],"v":{"t":[0,0]}},{"k":[6,0,0,41,0],"v":{"t":[0,0]}},{"k":[5,0,0,42,0],"v":{"t":[0,0]}},{"k":[4,0,0,43,0],"v":{"t":[0,0]}},{"k":[3,0,0,44,0],"v":{"t":[0,0]}},{"k":[2,0,0,45,0],"v":{"t":[0,0]}},{"k":[1,0,0,46,0],"v":{"t":[0,0]}},{"k":[15,0,0,32,0],"v":{"t":[0,0]}},{"k":[14,0,0,33,0],"v":{"t":[0,0]}},{"k":[13,0,0,34,0],"v":{"t":[0,0]}},{"k":[12,0,0,35,0],"v":{"t":[0,0]}},{"k":[11,0,0,36,0],"v":{"t":[0,0]}},{"k":[10,0,0,37,0],"v":{"t":[0,0]}},{"k":[9,0,0,38,0],"v":{"t":[0,0]}},{"k":[8,0,0,39,0],"v":{"t":[0,0]}},{"k":[0,0,0,47,0],"v":{"t":[0,0]}},{"k":[8,0,0,40,0],"v":{"t":[0,0]}},{"k":[7,0,0,41,0],"v":{"t":[0,0]}},{"k":[6,0,0,42,0],"v":{"t":[0,0]}},{"k":[5,0,0,43,0],"v":{"t":[0,0]}},{"k":[4,0,0,44,0],"v":{"t":[0,0]}},{"k":[3,0,0,45,0],"v":{"t":[0,0]}},{"k":[2,0,0,46,0],"v":{"t":[0,0]}},{"k":[1,0,0,47,0],"v":{"t":[0,0]}},{"k":[15,0,0,33,0],"v":{"t":[0,0]}},{"k":[14,0,0,34,0],"v":{"t":[0,0]}},{"k":[13,0,0,35,0],"v":{"t":[0,0]}},{"k":[12,0,0,36,0],"v":{"t":[0,0]}},{"k":[11,0,0,37,0],"v":{"t":[0,0]}},{"k":[10,0,0,38,0],"v":{"t":[0,0]}},{"k":[9,0,0,39,0],"v":{"t":[0,0]}},{"k":[9,0,0,40,0],"v":{"t":[0,0]}},{"k":[8,0,0,41,0],"v":{"t":[0,0]}},{"k":[7,0,0,42,0],"v":{"t":[0,0]}},{"k":[6,0,0,43,0],"v":{"t":[0,0]}},{"k":[5,0,0,44,0],"v":{"t":[0,0]}},{"k":[4,0,0,45,0],"v":{"t":[0,0]}},{"k":[3,0,0,46,0],"v":{"t":[0,0]}},{"k":[2,0,0,47,0],"v":{"t":[0,0]}},{"k":[15,0,0,34,0],"v":{"t":[0,0]}},{"k":[14,0,0,35,0],"v":{"t":[0,0]}},{"k":[13,0,0,36,0],"v":{"t":[0,0]}},{"k":[12,0,0,37,0],"v":{"t":[0,0]}},{"k":[11,0,0,38,0],"v":{"t":[0,0]}},{"k":[10,0,0,39,0],"v":{"t":[0,0]}},{"k":[10,0,0,40,0],"v":{"t":[0,0]}},{"k":[9,0,0,41,0],"v":{"t":[0,0]}},{"k":[8,0,0,42,0],"v":{"t":[0,0]}},{"k":[7,0,0,43,0],"v":{"t":[0,0]}},{"k":[6,0,0,44,0],"v":{"t":[0,0]}},{"k":[5,0,0,45,0],"v":{"t":[0,0]}},{"k":[4,0,0,46,0],"v":{"t":[0,0]}},{"k":[3,0,0,47,0],"v":{"t":[0,0]}},{"k":[15,0,0,35,0],"v":{"t":[0,0]}},{"k":[14,0,0,36,0],"v":{"t":[0,0]}},{"k":[13,0,0,37,0],"v":{"t":[0,0]}},{"k":[12,0,0,38,0],"v":{"t":[0,0]}},{"k":[11,0,0,39,0],"v":{"t":[0,0]}},{"k":[11,0,0,40,0],"v":{"t":[0,0]}},{"k":[10,0,0,41,0],"v":{"t":[0,0]}},{"k":[9,0,0,42,0],"v":{"t":[0,0]}},{"k":[8,0,0,43,0],"v":{"t":[0,0]}},{"k":[7,0,0,44,0],"v":{"t":[0,0]}},{"k":[6,0,0,45,0],"v":{"t":[0,0]}},{"k":[5,0,0,46,0],"v":{"t":[0,0]}},{"k":[4,0,0,47,0],"v":{"t":[0,0]}},{"k":[15,0,0,36,0],"v":{"t":[0,0]}},{"k":[14,0,0,37,0],"v":{"t":[0,0]}},{"k":[13,0,0,38,0],"v":{"t":[0,0]}},{"k":[12,0,0,39,0],"v":{"t":[0,0]}},{"k":[12,0,0,40,0],"v":{"t":[0,0]}},{"k":[11,0,0,41,0],"v":{"t":[0,0]}},{"k":[10,0,0,42,0],"v":{"t":[0,0]}},{"k":[9,0,0,43,0],"v":{"t":[0,0]}},{"k":[8,0,0,44,0],"v":{"t":[0,0]}},{"k":[7,0,0,45,0],"v":{"t":[0,0]}},{"k":[6,0,0,46,0],"v":{"t":[0,0]}},{"k":[5,0,0,47,0],"v":{"t":[0,0]}},{"k":[15,0,0,37,0],"v":{"t":[0,0]}},{"k":[14,0,0,38,0],"v":{"t":[0,0]}},{"k":[13,0,0,39,0],"v":{"t":[0,0]}},{"k":[13,0,0,40,0],"v":{"t":[0,0]}},{"k":[12,0,0,41,0],"v":{"t":[0,0]}},{"k":[11,0,0,42,0],"v":{"t":[0,0]}},{"k":[10,0,0,43,0],"v":{"t":[0,0]}},{"k":[9,0,0,44,0],"v":{"t":[0,0]}},{"k":[8,0,0,45,0],"v":{"t":[0,0]}},{"k":[7,0,0,46,0],"v":{"t":[0,0]}},{"k":[6,0,0,47,0],"v":{"t":[0,0]}},{"k":[15,0,0,38,0],"v":{"t":[0,0]}},{"k":[14,0,0,39,0],"v":{"t":[0,0]}},{"k":[14,0,0,40,0],"v":{"t":[0,0]}},{"k":[13,0,0,41,0],"v":{"t":[0,0]}},{"k":[12,0,0,42,0],"v":{"t":[0,0]}},{"k":[11,0,0,43,0],"v":{"t":[0,0]}},{"k":[10,0,0,44,0],"v":{"t":[0,0]}},{"k":[9,0,0,45,0],"v":{"t":[0,0]}},{"k":[8,0,0,46,0],"v":{"t":[0,0]}},{"k":[7,0,0,47,0],"v":{"t":[0,0]}},{"k":[15,0,0,39,0],"v":{"t":[0,0]}},{"k":[15,0,0,40,0],"v":{"t":[0,0]}},{"k":[14,0,0,41,0],"v":{"t":[0,0]}},{"k":[13,0,0,42,0],"v":{"t":[0,0]}},{"k":[12,0,0,43,0],"v":{"t":[0,0]}},{"k":[11,0,0,44,0],"v":{"t":[0,0]}},{"k":[10,0,0,45,0],"v":{"t":[0,0]}},{"k":[9,0,0,46,0],"v":{"t":[0,0]}},{"k":[8,0,0,47,0],"v":{"t":[0,0]}},{"k":[15,0,0,41,0],"v":{"t":[0,0]}},{"k":[14,0,0,42,0],"v":{"t":[0,0]}},{"k":[13,0,0,43,0],"v":{"t":[0,0]}},{"k":[12,0,0,44,0],"v":{"t":[0,0]}},{"k":[11,0,0,45,0],"v":{"t":[0,0]}},{"k":[10,0,0,46,0],"v":{"t":[0,0]}},{"k":[9,0,0,47,0],"v":{"t":[0,0]}},{"k":[0,0,0,32,0],"v":{"t":[0,0]}},{"k":[1,0,0,32,0],"v":{"t":[0,0]}},{"k":[0,0,0,33,0],"v":{"t":[0,0]}},{"k":[2,0,0,32,0],"v":{"t":[0,0]}},{"k":[1,0,0,33,0],"v":{"t":[0,0]}},{"k":[0,0,0,34,0],"v":{"t":[0,0]}},{"k":[3,0,0,32,0],"v":{"t":[0,0]}},{"k":[2,0,0,33,0],"v":{"t":[0,0]}},{"k":[1,0,0,34,0],"v":{"t":[0,0]}},{"k":[0,0,0,35,0],"v":{"t":[0,0]}},{"k":[4,0,0,32,0],"v":{"t":[0,0]}},{"k":[3,0,0,33,0],"v":{"t":[0,0]}},{"k":[2,0,0,34,0],"v":{"t":[0,0]}},{"k":[1,0,0,35,0],"v":{"t":[0,0]}},{"k":[0,0,0,36,0],"v":{"t":[0,0]}},{"k":[5,0,0,32,0],"v":{"t":[0,0]}},{"k":[4,0,0,33,0],"v":{"t":[0,0]}},{"k":[3,0,0,34,0],"v":{"t":[0,0]}},{"k":[2,0,0,35,0],"v":{"t":[0,0]}},{"k":[1,0,0,36,0],"v":{"t":[0,0]}},{"k":[0,0,0,37,0],"v":{"t":[0,0]}},{"k":[6,0,0,32,0],"v":{"t":[0,0]}},{"k":[5,0,0,33,0],"v":{"t":[0,0]}},{"k":[4,0,0,34,0],"v":{"t":[0,0]}},{"k":[3,0,0,35,0],"v":{"t":[0,0]}},{"k":[2,0,0,36,0],"v":{"t":[0,0]}},{"k":[1,0,0,37,0],"v":{"t":[0,0]}},{"k":[0,0,0,38,0],"v":{"t":[0,0]}},{"k":[7,0,0,32,0],"v":{"t":[0,0]}},{"k":[6,0,0,33,0],"v":{"t":[0,0]}},{"k":[5,0,0,34,0],"v":{"t":[0,0]}},{"k":[4,0,0,35,0],"v":{"t":[0,0]}},{"k":[3,0,0,36,0],"v":{"t":[0,0]}},{"k":[2,0,0,37,0],"v":{"t":[0,0]}},{"k":[1,0,0,38,0],"v":{"t":[0,0]}},{"k":[0,0,0,39,0],"v":{"t":[0,0]}},{"k":[8,0,0,32,0],"v":{"t":[0,0]}},{"k":[7,0,0,33,0],"v":{"t":[0,0]}},{"k":[6,0,0,34,0],"v":{"t":[0,0]}},{"k":[5,0,0,35,0],"v":{"t":[0,0]}},{"k":[4,0,0,36,0],"v":{"t":[0,0]}},{"k":[3,0,0,37,0],"v":{"t":[0,0]}},{"k":[2,0,0,38,0],"v":{"t":[0,0]}},{"k":[1,0,0,39,0],"v":{"t":[0,0]}},{"k":[0,0,0,40,0],"v":{"t":[0,0]}},{"k":[15,0,0,42,0],"v":{"t":[0,0]}},{"k":[14,0,0,43,0],"v":{"t":[0,0]}},{"k":[13,0,0,44,0],"v":{"t":[0,0]}},{"k":[12,0,0,45,0],"v":{"t":[0,0]}},{"k":[11,0,0,46,0],"v":{"t":[0,0]}},{"k":[10,0,0,47,0],"v":{"t":[0,0]}},{"k":[15,0,0,43,0],"v":{"t":[0,0]}},{"k":[14,0,0,44,0],"v":{"t":[0,0]}},{"k":[13,0,0,45,0],"v":{"t":[0,0]}},{"k":[12,0,0,46,0],"v":{"t":[0,0]}},{"k":[11,0,0,47,0],"v":{"t":[0,0]}},{"k":[15,0,0,44,0],"v":{"t":[0,0]}},{"k":[14,0,0,45,0],"v":{"t":[0,0]}},{"k":[13,0,0,46,0],"v":{"t":[0,0]}},{"k":[12,0,0,47,0],"v":{"t":[0,0]}},{"k":[15,0,0,45,0],"v":{"t":[0,0]}},{"k":[14,0,0,46,0],"v":{"t":[0,0]}},{"k":[13,0,0,47,0],"v":{"t":[0,0]}},{"k":[15,0,0,46,0],"v":{"t":[0,0]}},{"k":[14,0,0,47,0],"v":{"t":[0,0]}},{"k":[15,0,0,47,0],"v":{"t":[0,0]}}]},"moun":{"a":[],"o":[[0,-1,0,40,0],[0,-1,0,41,0],[0,-1,0,42,0],[0,-1,0,43,0],[0,-1,0,44,0],[0,-1,0,45,0],[0,-1,0,46,0],[0,-1,0,32,0],[0,-1,0,47,0],[0,-1,0,33,0],[0,-1,0,34,0],[0,-1,0,35,0],[0,-1,0,36,0],[0,-1,0,37,0],[0,-1,0,38,0],[0,-1,0,39,0]]},"objs":{"list":[]},"objs3d":{"a":[],"o":[]},"sprites":{"list":[{"k":[11,0,0,46,0],"v":{"k":4,"t":[0,1,2,2]}},{"k":[14,0,0,43,0],"v":{"k":4,"t":[0,1,2,2]}},{"k":[13,0,0,45,0],"v":{"k":4,"t":[4,1,1,1]}},{"k":[14,0,0,45,0],"v":{"k":4,"t":[4,1,1,1]}},{"k":[14,0,0,47,0],"v":{"k":4,"t":[0,1,2,2]}},{"k":[5,0,0,36,0],"v":{"k":4,"t":[0,1,2,2]}},{"k":[2,0,0,39,0],"v":{"k":4,"t":[0,1,2,2]}},{"k":[0,0,0,41,0],"v":{"k":4,"t":[6,12,2,2]}},{"k":[1,0,0,41,0],"v":{"k":4,"t":[4,1,1,1]}},{"k":[7,0,0,35,0],"v":{"k":4,"t":[6,5,1,1]}},{"k":[9,0,0,34,0],"v":{"k":4,"t":[0,1,2,2]}},{"k":[6,0,0,38,0],"v":{"k":4,"t":[4,1,1,1]}},{"k":[3,0,0,41,0],"v":{"k":4,"t":[7,3,1,1]}},{"k":[12,0,0,32,0],"v":{"k":4,"t":[6,5,1,1]}},{"k":[5,0,0,40,0],"v":{"k":4,"t":[0,1,2,2]}},{"k":[8,0,0,37,0],"v":{"k":4,"t":[0,1,2,2]}},{"k":[10,0,0,35,0],"v":{"k":4,"t":[0,1,2,2]}},{"k":[2,0,0,44,0],"v":{"k":4,"t":[0,1,2,2]}},{"k":[10,0,0,36,0],"v":{"k":4,"t":[6,3,1,1]}},{"k":[0,0,0,46,0],"v":{"k":4,"t":[4,1,1,1]}},{"k":[4,0,0,43,0],"v":{"k":4,"t":[0,1,2,2]}},{"k":[12,0,0,35,0],"v":{"k":4,"t":[0,1,2,2]}},{"k":[2,0,0,45,0],"v":{"k":4,"t":[3,3,1,1]}},{"k":[9,0,0,39,0],"v":{"k":4,"t":[0,1,2,2]}},{"k":[14,0,0,34,0],"v":{"k":4,"t":[0,1,2,2]}},{"k":[8,0,0,40,0],"v":{"k":4,"t":[7,1,1,1]}},{"k":[7,0,0,42,0],"v":{"k":4,"t":[0,1,2,2]}},{"k":[12,0,0,38,0],"v":{"k":4,"t":[0,1,2,2]}},{"k":[3,0,0,47,0],"v":{"k":4,"t":[0,1,2,2]}},{"k":[4,0,0,46,0],"v":{"k":4,"t":[0,1,2,2]}},{"k":[5,0,0,45,0],"v":{"k":4,"t":[4,1,1,1]}},{"k":[15,0,0,35,0],"v":{"k":4,"t":[4,1,1,1]}},{"k":[9,0,0,42,0],"v":{"k":4,"t":[0,1,2,2]}},{"k":[13,0,0,38,0],"v":{"k":4,"t":[0,1,2,2]}},{"k":[8,0,0,43,0],"v":{"k":4,"t":[7,3,1,1]}},{"k":[7,0,0,45,0],"v":{"k":4,"t":[0,1,2,2]}},{"k":[11,0,0,41,0],"v":{"k":4,"t":[0,1,2,2]}},{"k":[14,0,0,38,0],"v":{"k":4,"t":[0,1,2,2]}},{"k":[7,0,0,47,0],"v":{"k":4,"t":[0,1,2,2]}},{"k":[11,0,0,44,0],"v":{"k":4,"t":[0,1,2,2]}},{"k":[14,0,0,41,0],"v":{"k":4,"t":[6,12,2,2]}},{"k":[9,0,0,46,0],"v":{"k":4,"t":[4,1,1,1]}},{"k":[12,0,0,43,0],"v":{"k":4,"t":[7,3,1,1]}},{"k":[1,0,0,34,0],"v":{"k":4,"t":[7,3,1,1]}},{"k":[3,0,0,33,0],"v":{"k":4,"t":[0,1,2,2]}},{"k":[4,0,0,32,0],"v":{"k":4,"t":[7,1,1,1]}},{"k":[0,0,0,37,0],"v":{"k":4,"t":[4,1,1,1]}},{"k":[3,0,0,34,0],"v":{"k":4,"t":[3,3,1,1]}},{"k":[2,0,0,36,0],"v":{"k":4,"t":[0,1,2,2]}},{"k":[6,0,0,32,0],"v":{"k":4,"t":[4,1,1,1]}},{"k":[6,0,0,34,0],"v":{"k":4,"t":[4,1,1,1]}},{"k":[3,0,0,37,0],"v":{"k":4,"t":[7,3,1,1]}}],"overflow":[[16,0,0,44,0]],"walls":[]}}