{"lands":{"autotiles":[],"floors":[{"k":[0,0,0,16,0],"v":{"t":[0,0]}},{"k":[1,0,0,16,0],"v":{"t":[0,0]}},{"k":[0,0,0,17,0],"v":{"t":[0,0]}},{"k":[2,0,0,16,0],"v":{"t":[0,0]}},{"k":[1,0,0,17,0],"v":{"t":[0,0]}},{"k":[0,0,0,18,0],"v":{"t":[0,0]}},{"k":[3,0,0,16,0],"v":{"t":[0,0]}},{"k":[2,0,0,17,0],"v":{"t":[0,0]}},{"k":[1,0,0,18,0],"v":{"t":[0,0]}},{"k":[0,0,0,19,0],"v":{"t":[0,0]}},{"k":[4,0,0,16,0],"v":{"t":[0,0]}},{"k":[3,0,0,17,0],"v":{"t":[0,0]}},{"k":[2,0,0,18,0],"v":{"t":[0,0]}},{"k":[1,0,0,19,0],"v":{"t":[0,0]}},{"k":[0,0,0,20,0],"v":{"t":[0,0]}},{"k":[4,0,0,17,0],"v":{"t":[0,0]}},{"k":[3,0,0,18,0],"v":{"t":[0,0]}},{"k":[2,0,0,19,0],"v":{"t":[0,0]}},{"k":[5,0,0,16,0],"v":{"t":[0,0]}},{"k":[1,0,0,20,0],"v":{"t":[0,0]}},{"k":[6,0,0,16,0],"v":{"t":[0,0]}},{"k":[4,0,0,18,0],"v":{"t":[0,0]}},{"k":[3,0,0,19,0],"v":{"t":[0,0]}},{"k":[5,0,0,17,0],"v":{"t":[0,0]}},{"k":[2,0,0,20,0],"v":{"t":[0,0]}},{"k":[7,0,0,16,0],"v":{"t":[0,0]}},{"k":[6,0,0,17,0],"v":{"t":[0,0]}},{"k":[5,0,0,18,0],"v":{"t":[0,0]}},{"k":[4,0,0,19,0],"v":{"t":[0,0]}},{"k":[3,0,0,20,0],"v":{"t":[0,0]}},{"k":[8,0,0,16,0],"v":{"t":[0,0]}},{"k":[7,0,0,17,0],"v":{"t":[0,0]}},{"k":[6,0,0,18,0],"v":{"t":[0,0]}},{"k":[4,0,0,20,0],"v":{"t":[0,0]}},{"k":[5,0,0,19,0],"v":{"t":[0,0]}},{"k":[13,0,0,28,0],"v":{"t":[0,0]}},{"k":[14,0,0,27,0],"v":{"t":[0,0]}},{"k":[12,0,0,29,0],"v":{"t":[0,0]}},{"k":[11,0,0,30,0],"v":{"t":[0,0]}},{"k":[10,0,0,31,0],"v":{"t":[0,0]}},{"k":[14,0,0,28,0],"v":{"t":[0,0]}},{"k":[15,0,0,27,0],"v":{"t":[0,0]}},{"k":[13,0,0,29,0],"v":{"t":[0,0]}},{"k":[12,0,0,30,0],"v":{"t":[0,0]}},{"k":[11,0,0,31,0],"v":{"t":[0,0]}},{"k":[15,0,0,28,0],"v":{"t":[0,0]}},{"k":[14,0,0,29,0],"v":{"t":[0,0]}},{"k":[13,0,0,30,0],"v":{"t":[0,0]}},{"k":[12,0,0,31,0],"v":{"t":[0,0]}},{"k":[15,0,0,29,0],"v":{"t":[0,0]}},{"k":[14,0,0,30,0],"v":{"t":[0,0]}},{"k":[13,0,0,31,0],"v":{"t":[0,0]}},{"k":[15,0,0,30,0],"v":{"t":[0,0]}},{"k":[14,0,0,31,0],"v":{"t":[0,0]}},{"k":[15,0,0,31,0],"v":{"t":[0,0]}},{"k":[9,0,0,16,0],"v":{"t":[0,0]}},{"k":[8,0,0,17,0],"v":{"t":[0,0]}},{"k":[7,0,0,18,0],"v":{"t":[0,0]}},{"k":[6,0,0,19,0],"v":{"t":[0,0]}},{"k":[10,0,0,16,0],"v":{"t":[0,0]}},{"k":[9,0,0,17,0],"v":{"t":[0,0]}},{"k":[8,0,0,18,0],"v":{"t":[0,0]}},{"k":[7,0,0,19,0],"v":{"t":[0,0]}},{"k":[11,0,0,16,0],"v":{"t":[0,0]}},{"k":[10,0,0,17,0],"v":{"t":[0,0]}},{"k":[9,0,0,18,0],"v":{"t":[0,0]}},{"k":[8,0,0,19,0],"v":{"t":[0,0]}},{"k":[12,0,0,16,0],"v":{"t":[0,0]}},{"k":[11,0,0,17,0],"v":{"t":[0,0]}},{"k":[10,0,0,18,0],"v":{"t":[0,0]}},{"k":[9,0,0,19,0],"v":{"t":[0,0]}},{"k":[0,0,0,28,0],"v":{"t":[0,0]}},{"k":[13,0,0,16,0],"v":{"t":[0,0]}},{"k":[12,0,0,17,0],"v":{"t":[0,0]}},{"k":[11,0,0,18,0],"v":{"t":[0,0]}},{"k":[10,0,0,19,0],"v":{"t":[0,0]}},{"k":[1,0,0,28,0],"v":{"t":[0,0]}},{"k":[0,0,0,29,0],"v":{"t":[0,0]}},{"k":[14,0,0,16,0],"v":{"t":[0,0]}},{"k":[13,0,0,17,0],"v":{"t":[0,0]}},{"k":[12,0,0,18,0],"v":{"t":[0,0]}},{"k":[11,0,0,19,0],"v":{"t":[0,0]}},{"k":[2,0,0,28,0],"v":{"t":[0,0]}},{"k":[1,0,0,29,0],"v":{"t":[0,0]}},{"k":[0,0,0,30,0],"v":{"t":[0,0]}},{"k":[15,0,0,16,0],"v":{"t":[0,0]}},{"k":[14,0,0,17,0],"v":{"t":[0,0]}},{"k":[13,0,0,18,0],"v":{"t":[0,0]}},{"k":[12,0,0,19,0],"v":{"t":[0,0]}},{"k":[3,0,0,28,0],"v":{"t":[0,0]}},{"k":[2,0,0,29,0],"v":{"t":[0,0]}},{"k":[1,0,0,30,0],"v":{"t":[0,0]}},{"k":[0,0,0,31,0],"v":{"t":[0,0]}},{"k":[15,0,0,17,0],"v":{"t":[0,0]}},{"k":[14,0,0,18,0],"v":{"t":[0,0]}},{"k":[13,0,0,19,0],"v":{"t":[0,0]}},{"k":[4,0,0,28,0],"v":{"t":[0,0]}},{"k":[5,0,0,27,0],"v":{"t":[0,0]}},{"k":[3,0,0,29,0],"v":{"t":[0,0]}},{"k":[2,0,0,30,0],"v":{"t":[0,0]}},{"k":[1,0,0,31,0],"v":{"t":[0,0]}},{"k":[15,0,0,18,0],"v":{"t":[0,0]}},{"k":[14,0,0,19,0],"v":{"t":[0,0]}},{"k":[5,0,0,28,0],"v":{"t":[0,0]}},{"k":[6,0,0,27,0],"v":{"t":[0,0]}},{"k":[4,0,0,29,0],"v":{"t":[0,0]}},{"k":[3,0,0,30,0],"v":{"t":[0,0]}},{"k":[2,0,0,31,0],"v":{"t":[0,0]}},{"k":[6,0,0,28,0],"v":{"t":[0,0]}},{"k":[15,0,0,19,0],"v":{"t":[0,0]}},{"k":[7,0,0,27,0],"v":{"t":[0,0]}},{"k":[5,0,0,29,0],"v":{"t":[0,0]}},{"k":[4,0,0,30,0],"v":{"t":[0,0]}},{"k":[3,0,0,31,0],"v":{"t":[0,0]}},{"k":[7,0,0,28,0],"v":{"t":[0,0]}},{"k":[8,0,0,27,0],"v":{"t":[0,0]}},{"k":[6,0,0,29,0],"v":{"t":[0,0]}},{"k":[5,0,0,30,0],"v":{"t":[0,0]}},{"k":[4,0,0,31,0],"v":{"t":[0,0]}},{"k":[8,0,0,28,0],"v":{"t":[0,0]}},{"k":[9,0,0,27,0],"v":{"t":[0,0]}},{"k":[7,0,0,29,0],"v":{"t":[0,0]}},{"k":[6,0,0,30,0],"v":{"t":[0,0]}},{"k":[5,0,0,31,0],"v":{"t":[0,0]}},{"k":[9,0,0,28,0],"v":{"t":[0,0]}},{"k":[10,0,0,27,0],"v":{"t":[0,0]}},{"k":[8,0,0,29,0],"v":{"t":[0,0]}},{"k":[7,0,0,30,0],"v":{"t":[0,0]}},{"k":[6,0,0,31,0],"v":{"t":[0,0]}},{"k":[10,0,0,28,0],"v":{"t":[0,0]}},{"k":[11,0,0,27,0],"v":{"t":[0,0]}},{"k":[9,0,0,29,0],"v":{"t":[0,0]}},{"k":[8,0,0,30,0],"v":{"t":[0,0]}},{"k":[7,0,0,31,0],"v":{"t":[0,0]}},{"k":[11,0,0,28,0],"v":{"t":[0,0]}},{"k":[12,0,0,27,0],"v":{"t":[0,0]}},{"k":[10,0,0,29,0],"v":{"t":[0,0]}},{"k":[9,0,0,30,0],"v":{"t":[0,0]}},{"k":[8,0,0,31,0],"v":{"t":[0,0]}},{"k":[12,0,0,28,0],"v":{"t":[0,0]}},{"k":[13,0,0,27,0],"v":{"t":[0,0]}},{"k":[11,0,0,29,0],"v":{"t":[0,0]}},{"k":[10,0,0,30,0],"v":{"t":[0,0]}},{"k":[9,0,0,31,0],"v":{"t":[0,0]}}]},"moun":{"a":[],"o":[[0,-1,0,16,0],[0,-1,0,17,0],[0,-1,0,18,0],[0,-1,0,19,0],[0,-1,0,20,0],[1,-1,0,20,0],[2,-1,0,20,0],[3,-1,0,20,0],[4,-1,0,20,0],[5,-1,0,19,0],[6,-1,0,19,0],[15,-1,0,27,0],[7,-1,0,19,0],[8,-1,0,19,0],[9,-1,0,19,0],[0,-1,0,28,0],[10,-1,0,19,0],[1,-1,0,28,0],[0,-1,0,29,0],[11,-1,0,19,0],[2,-1,0,28,0],[0,-1,0,30,0],[12,-1,0,19,0],[3,-1,0,28,0],[0,-1,0,31,0],[13,-1,0,19,0],[4,-1,0,28,0],[5,-1,0,27,0],[14,-1,0,19,0],[5,-1,0,28,0],[6,-1,0,27,0],[15,-1,0,19,0],[7,-1,0,27,0],[8,-1,0,27,0],[9,-1,0,27,0],[10,-1,0,27,0],[10,-1,0,28,0],[11,-1,0,27,0],[11,-1,0,28,0],[12,-1,0,27,0],[13,-1,0,27,0],[14,-1,0,27,0]]},"objs":{"list":[]},"objs3d":{"a":[],"o":[]},"sprites":{"list":[{"k":[4,0,0,28,0],"v":{"k":4,"t":[0,8,2,3]}},{"k":[3,0,0,30,0],"v":{"k":4,"t":[0,8,2,3]}},{"k":[6,0,0,28,0],"v":{"k":4,"t":[0,8,2,3]}},{"k":[7,0,0,27,0],"v":{"k":4,"t":[7,1,1,1]}},{"k":[6,0,0,30,0],"v":{"k":4,"t":[0,8,2,3]}},{"k":[9,0,0,27,0],"v":{"f":false,"k":4,"t":[6,1,1,1]}},{"k":[9,0,0,28,0],"v":{"k":4,"t":[0,8,2,3]}},{"k":[7,0,0,30,0],"v":{"k":4,"t":[7,1,1,1]}},{"k":[11,0,0,27,0],"v":{"f":false,"k":4,"t":[0,8,2,3]}},{"k":[12,0,0,27,0],"v":{"k":4,"t":[4,1,1,1]}},{"k":[10,0,0,31,0],"v":{"k":4,"t":[0,8,2,3]}},{"k":[12,0,0,29,0],"v":{"f":false,"k":4,"t":[0,8,2,3]}},{"k":[15,0,0,27,0],"v":{"f":false,"k":4,"t":[0,8,2,3]}},{"k":[13,0,0,30,0],"v":{"k":4,"t":[0,8,2,3]}},{"k":[15,0,0,29,0],"v":{"k":4,"t":[0,8,2,3]}},{"k":[14,0,0,31,0],"v":{"k":4,"t":[4,1,1,1]}},{"k":[15,0,0,30,0],"v":{"k":4,"t":[2,3,1,1]}},{"k":[1,0,0,28,0],"v":{"k":4,"t":[4,1,1,1]}},{"k":[1,0,0,29,0],"v":{"k":4,"t":[0,8,2,3]}},{"k":[2,0,0,28,0],"v":{"k":4,"t":[7,1,1,1]}},{"k":[0,0,0,30,0],"v":{"k":4,"t":[4,3,1,1]}},{"k":[0,0,0,31,0],"v":{"f":false,"k":4,"t":[0,8,2,3]}}],"overflow":[],"walls":[]}}