{"lands":{"autotiles":[{"k":[31,-1,56.25,25,0],"v":{"id":2,"t":[0,1],"tid":324}},{"k":[16,-1,56.25,20,0],"v":{"id":2,"t":[0,1],"tid":471}},{"k":[16,-1,56.25,21,0],"v":{"id":2,"t":[0,1],"tid":318}},{"k":[17,-1,56.25,20,0],"v":{"id":2,"t":[0,1],"tid":471}},{"k":[16,-1,56.25,22,0],"v":{"id":2,"t":[0,1],"tid":318}},{"k":[17,-1,56.25,21,0],"v":{"id":2,"t":[0,1],"tid":318}},{"k":[18,-1,56.25,20,0],"v":{"id":2,"t":[0,1],"tid":471}},{"k":[16,-1,56.25,23,0],"v":{"id":2,"t":[0,1],"tid":318}},{"k":[17,-1,56.25,22,0],"v":{"id":2,"t":[0,1],"tid":318}},{"k":[18,-1,56.25,21,0],"v":{"id":2,"t":[0,1],"tid":318}},{"k":[19,-1,56.25,20,0],"v":{"id":2,"t":[0,1],"tid":471}},{"k":[16,-1,56.25,24,0],"v":{"id":2,"t":[0,1],"tid":318}},{"k":[17,-1,56.25,23,0],"v":{"id":2,"t":[0,1],"tid":318}},{"k":[18,-1,56.25,22,0],"v":{"id":2,"t":[0,1],"tid":318}},{"k":[19,-1,56.25,21,0],"v":{"id":2,"t":[0,1],"tid":318}},{"k":[20,-1,56.25,20,0],"v":{"id":2,"t":[0,1],"tid":471}},{"k":[16,-1,56.25,25,0],"v":{"id":2,"t":[0,1],"tid":318}},{"k":[17,-1,56.25,24,0],"v":{"id":2,"t":[0,1],"tid":318}},{"k":[18,-1,56.25,23,0],"v":{"id":2,"t":[0,1],"tid":318}},{"k":[19,-1,56.25,22,0],"v":{"id":2,"t":[0,1],"tid":318}},{"k":[20,-1,56.25,21,0],"v":{"id":2,"t":[0,1],"tid":318}},{"k":[21,-1,56.25,20,0],"v":{"id":2,"t":[0,1],"tid":471}},{"k":[16,-1,56.25,26,0],"v":{"id":2,"t":[0,1],"tid":324}},{"k":[17,-1,56.25,25,0],"v":{"id":2,"t":[0,1],"tid":318}},{"k":[18,-1,56.25,24,0],"v":{"id":2,"t":[0,1],"tid":318}},{"k":[19,-1,56.25,23,0],"v":{"id":2,"t":[0,1],"tid":318}},{"k":[20,-1,56.25,22,0],"v":{"id":2,"t":[0,1],"tid":318}},{"k":[21,-1,56.25,21,0],"v":{"id":2,"t":[0,1],"tid":318}},{"k":[22,-1,56.25,20,0],"v":{"id":2,"t":[0,1],"tid":471}},{"k":[17,-1,56.25,26,0],"v":{"id":2,"t":[0,1],"tid":324}},{"k":[18,-1,56.25,25,0],"v":{"id":2,"t":[0,1],"tid":318}},{"k":[19,-1,56.25,24,0],"v":{"id":2,"t":[0,1],"tid":318}},{"k":[20,-1,56.25,23,0],"v":{"id":2,"t":[0,1],"tid":318}},{"k":[21,-1,56.25,22,0],"v":{"id":2,"t":[0,1],"tid":318}},{"k":[22,-1,56.25,21,0],"v":{"id":2,"t":[0,1],"tid":318}},{"k":[23,-1,56.25,20,0],"v":{"id":2,"t":[0,1],"tid":471}},{"k":[18,-1,56.25,26,0],"v":{"id":2,"t":[0,1],"tid":324}},{"k":[19,-1,56.25,25,0],"v":{"id":2,"t":[0,1],"tid":318}},{"k":[20,-1,56.25,24,0],"v":{"id":2,"t":[0,1],"tid":318}},{"k":[21,-1,56.25,23,0],"v":{"id":2,"t":[0,1],"tid":318}},{"k":[22,-1,56.25,22,0],"v":{"id":2,"t":[0,1],"tid":318}},{"k":[23,-1,56.25,21,0],"v":{"id":2,"t":[0,1],"tid":318}},{"k":[24,-1,56.25,20,0],"v":{"id":2,"t":[0,1],"tid":471}},{"k":[19,-1,56.25,26,0],"v":{"id":2,"t":[0,1],"tid":324}},{"k":[20,-1,56.25,25,0],"v":{"id":2,"t":[0,1],"tid":318}},{"k":[21,-1,56.25,24,0],"v":{"id":2,"t":[0,1],"tid":318}},{"k":[22,-1,56.25,23,0],"v":{"id":2,"t":[0,1],"tid":318}},{"k":[23,-1,56.25,22,0],"v":{"id":2,"t":[0,1],"tid":318}},{"k":[24,-1,56.25,21,0],"v":{"id":2,"t":[0,1],"tid":318}},{"k":[25,-1,56.25,20,0],"v":{"id":2,"t":[0,1],"tid":471}},{"k":[20,-1,56.25,26,0],"v":{"id":2,"t":[0,1],"tid":324}},{"k":[21,-1,56.25,25,0],"v":{"id":2,"t":[0,1],"tid":318}},{"k":[22,-1,56.25,24,0],"v":{"id":2,"t":[0,1],"tid":318}},{"k":[23,-1,56.25,23,0],"v":{"id":2,"t":[0,1],"tid":318}},{"k":[24,-1,56.25,22,0],"v":{"id":2,"t":[0,1],"tid":318}},{"k":[25,-1,56.25,21,0],"v":{"id":2,"t":[0,1],"tid":318}},{"k":[26,-1,56.25,20,0],"v":{"id":2,"t":[0,1],"tid":471}},{"k":[21,-1,56.25,26,0],"v":{"id":2,"t":[0,1],"tid":324}},{"k":[22,-1,56.25,25,0],"v":{"id":2,"t":[0,1],"tid":318}},{"k":[23,-1,56.25,24,0],"v":{"id":2,"t":[0,1],"tid":318}},{"k":[24,-1,56.25,23,0],"v":{"id":2,"t":[0,1],"tid":318}},{"k":[25,-1,56.25,22,0],"v":{"id":2,"t":[0,1],"tid":318}},{"k":[26,-1,56.25,21,0],"v":{"id":2,"t":[0,1],"tid":318}},{"k":[27,-1,56.25,20,0],"v":{"id":2,"t":[0,1],"tid":471}},{"k":[22,-1,56.25,26,0],"v":{"id":2,"t":[0,1],"tid":324}},{"k":[23,-1,56.25,25,0],"v":{"id":2,"t":[0,1],"tid":318}},{"k":[24,-1,56.25,24,0],"v":{"id":2,"t":[0,1],"tid":318}},{"k":[25,-1,56.25,23,0],"v":{"id":2,"t":[0,1],"tid":318}},{"k":[26,-1,56.25,22,0],"v":{"id":2,"t":[0,1],"tid":318}},{"k":[27,-1,56.25,21,0],"v":{"id":2,"t":[0,1],"tid":318}},{"k":[28,-1,56.25,20,0],"v":{"id":2,"t":[0,1],"tid":471}},{"k":[23,-1,56.25,26,0],"v":{"id":2,"t":[0,1],"tid":324}},{"k":[24,-1,56.25,25,0],"v":{"id":2,"t":[0,1],"tid":318}},{"k":[25,-1,56.25,24,0],"v":{"id":2,"t":[0,1],"tid":318}},{"k":[26,-1,56.25,23,0],"v":{"id":2,"t":[0,1],"tid":318}},{"k":[27,-1,56.25,22,0],"v":{"id":2,"t":[0,1],"tid":318}},{"k":[28,-1,56.25,21,0],"v":{"id":2,"t":[0,1],"tid":318}},{"k":[29,-1,56.25,20,0],"v":{"id":2,"t":[0,1],"tid":471}},{"k":[30,-1,56.25,19,0],"v":{"id":2,"t":[0,1],"tid":225}},{"k":[24,-1,56.25,26,0],"v":{"id":2,"t":[0,1],"tid":324}},{"k":[25,-1,56.25,25,0],"v":{"id":2,"t":[0,1],"tid":318}},{"k":[26,-1,56.25,24,0],"v":{"id":2,"t":[0,1],"tid":318}},{"k":[27,-1,56.25,23,0],"v":{"id":2,"t":[0,1],"tid":318}},{"k":[28,-1,56.25,22,0],"v":{"id":2,"t":[0,1],"tid":318}},{"k":[29,-1,56.25,21,0],"v":{"id":2,"t":[0,1],"tid":318}},{"k":[30,-1,56.25,20,0],"v":{"id":2,"t":[0,1],"tid":62}},{"k":[31,-1,56.25,19,0],"v":{"id":2,"t":[0,1],"tid":471}},{"k":[25,-1,56.25,26,0],"v":{"id":2,"t":[0,1],"tid":324}},{"k":[26,-1,56.25,25,0],"v":{"id":2,"t":[0,1],"tid":318}},{"k":[27,-1,56.25,24,0],"v":{"id":2,"t":[0,1],"tid":318}},{"k":[28,-1,56.25,23,0],"v":{"id":2,"t":[0,1],"tid":318}},{"k":[29,-1,56.25,22,0],"v":{"id":2,"t":[0,1],"tid":318}},{"k":[30,-1,56.25,21,0],"v":{"id":2,"t":[0,1],"tid":318}},{"k":[31,-1,56.25,20,0],"v":{"id":2,"t":[0,1],"tid":318}},{"k":[26,-1,56.25,26,0],"v":{"id":2,"t":[0,1],"tid":324}},{"k":[27,-1,56.25,25,0],"v":{"id":2,"t":[0,1],"tid":318}},{"k":[28,-1,56.25,24,0],"v":{"id":2,"t":[0,1],"tid":318}},{"k":[29,-1,56.25,23,0],"v":{"id":2,"t":[0,1],"tid":318}},{"k":[30,-1,56.25,22,0],"v":{"id":2,"t":[0,1],"tid":318}},{"k":[31,-1,56.25,21,0],"v":{"id":2,"t":[0,1],"tid":318}},{"k":[27,-1,56.25,26,0],"v":{"id":2,"t":[0,1],"tid":324}},{"k":[28,-1,56.25,25,0],"v":{"id":2,"t":[0,1],"tid":318}},{"k":[29,-1,56.25,24,0],"v":{"id":2,"t":[0,1],"tid":318}},{"k":[30,-1,56.25,23,0],"v":{"id":2,"t":[0,1],"tid":318}},{"k":[31,-1,56.25,22,0],"v":{"id":2,"t":[0,1],"tid":318}},{"k":[28,-1,56.25,26,0],"v":{"id":2,"t":[0,1],"tid":324}},{"k":[29,-1,56.25,25,0],"v":{"id":2,"t":[0,1],"tid":316}},{"k":[30,-1,56.25,24,0],"v":{"id":2,"t":[0,1],"tid":318}},{"k":[31,-1,56.25,23,0],"v":{"id":2,"t":[0,1],"tid":318}},{"k":[29,-1,56.25,26,0],"v":{"id":2,"t":[0,1],"tid":372}},{"k":[30,-1,56.25,25,0],"v":{"id":2,"t":[0,1],"tid":324}},{"k":[31,-1,56.25,24,0],"v":{"id":2,"t":[0,1],"tid":318}}],"floors":[]},"moun":{"a":[{"k":[23,-1,0,19,0],"v":{"l":true,"r":true,"sid":1}},{"k":[24,-1,0,19,0],"v":{"l":true,"r":true,"sid":1}},{"k":[16,-1,0,27,0],"v":{"l":true,"r":true,"sid":1}},{"k":[25,-1,0,19,0],"v":{"l":true,"r":true,"sid":1}},{"k":[17,-1,0,27,0],"v":{"l":true,"r":true,"sid":1}},{"k":[26,-1,0,19,0],"v":{"l":true,"r":true,"sid":1}},{"k":[18,-1,0,27,0],"v":{"l":true,"r":true,"sid":1}},{"k":[27,-1,0,19,0],"v":{"l":true,"r":true,"sid":1}},{"k":[28,-1,0,18,0],"v":{"b":true,"r":true,"sid":1}},{"k":[19,-1,0,27,0],"v":{"l":true,"r":true,"sid":1}},{"k":[28,-1,0,19,0],"v":{"l":true,"r":true,"sid":1,"t":true}},{"k":[29,-1,0,18,0],"v":{"b":true,"l":true,"r":true,"sid":1}},{"k":[20,-1,0,27,0],"v":{"l":true,"r":true,"sid":1}},{"k":[30,-1,0,18,0],"v":{"l":true,"r":true,"sid":1}},{"k":[21,-1,0,27,0],"v":{"l":true,"r":true,"sid":1}},{"k":[29,-1,0,19,0],"v":{"l":true,"sid":1,"t":true}},{"k":[31,-1,0,18,0],"v":{"l":true,"r":true,"sid":1}},{"k":[22,-1,0,27,0],"v":{"l":true,"r":true,"sid":1}},{"k":[23,-1,0,27,0],"v":{"l":true,"r":true,"sid":1}},{"k":[24,-1,0,27,0],"v":{"l":true,"r":true,"sid":1}},{"k":[25,-1,0,27,0],"v":{"l":true,"r":true,"sid":1}},{"k":[26,-1,0,27,0],"v":{"l":true,"r":true,"sid":1}},{"k":[27,-1,0,27,0],"v":{"l":true,"r":true,"sid":1}},{"k":[28,-1,0,27,0],"v":{"l":true,"sid":1}},{"k":[29,-1,0,26,0],"v":{"r":true,"sid":1}},{"k":[30,-1,0,26,0],"v":{"l":true,"r":true,"sid":1}},{"k":[31,-1,0,26,0],"v":{"l":true,"r":true,"sid":1}},{"k":[16,-1,0,19,0],"v":{"l":true,"r":true,"sid":1}},{"k":[17,-1,0,19,0],"v":{"l":true,"r":true,"sid":1}},{"k":[18,-1,0,19,0],"v":{"l":true,"r":true,"sid":1}},{"k":[19,-1,0,19,0],"v":{"l":true,"r":true,"sid":1}},{"k":[20,-1,0,19,0],"v":{"l":true,"r":true,"sid":1}},{"k":[21,-1,0,19,0],"v":{"l":true,"r":true,"sid":1}},{"k":[22,-1,0,19,0],"v":{"l":true,"r":true,"sid":1}}],"o":[]},"objs":{"list":[]},"objs3d":{"a":[],"o":[]},"sprites":{"list":[],"overflow":[],"walls":[]}}