{"lands":{"autotiles":[],"floors":[{"k":[26,0,0,48,0],"v":{"t":[0,0]}},{"k":[25,0,0,49,0],"v":{"t":[0,0]}},{"k":[25,0,0,48,0],"v":{"t":[0,0]}},{"k":[24,0,0,49,0],"v":{"t":[0,0]}},{"k":[28,0,0,48,0],"v":{"t":[0,0]}},{"k":[27,0,0,49,0],"v":{"t":[0,0]}},{"k":[27,0,0,48,0],"v":{"t":[0,0]}},{"k":[26,0,0,49,0],"v":{"t":[0,0]}},{"k":[30,0,0,48,0],"v":{"t":[0,0]}},{"k":[29,0,0,49,0],"v":{"t":[0,0]}},{"k":[29,0,0,48,0],"v":{"t":[0,0]}},{"k":[28,0,0,49,0],"v":{"t":[0,0]}},{"k":[31,0,0,49,0],"v":{"t":[0,0]}},{"k":[31,0,0,48,0],"v":{"t":[0,0]}},{"k":[30,0,0,49,0],"v":{"t":[0,0]}},{"k":[18,0,0,48,0],"v":{"t":[0,0]}},{"k":[17,0,0,49,0],"v":{"t":[0,0]}},{"k":[17,0,0,48,0],"v":{"t":[0,0]}},{"k":[16,0,0,49,0],"v":{"t":[0,0]}},{"k":[20,0,0,48,0],"v":{"t":[0,0]}},{"k":[19,0,0,49,0],"v":{"t":[0,0]}},{"k":[19,0,0,48,0],"v":{"t":[0,0]}},{"k":[18,0,0,49,0],"v":{"t":[0,0]}},{"k":[22,0,0,48,0],"v":{"t":[0,0]}},{"k":[21,0,0,49,0],"v":{"t":[0,0]}},{"k":[21,0,0,48,0],"v":{"t":[0,0]}},{"k":[20,0,0,49,0],"v":{"t":[0,0]}},{"k":[24,0,0,48,0],"v":{"t":[0,0]}},{"k":[23,0,0,49,0],"v":{"t":[0,0]}},{"k":[23,0,0,48,0],"v":{"t":[0,0]}},{"k":[22,0,0,49,0],"v":{"t":[0,0]}},{"k":[16,0,0,48,0],"v":{"t":[0,0]}}]},"moun":{"a":[],"o":[]},"objs":{"list":[]},"objs3d":{"a":[],"o":[]},"sprites":{"list":[{"k":[28,0,0,49,0],"v":{"k":4,"t":[5,5,1,1]}},{"k":[18,0,0,48,0],"v":{"k":4,"t":[0,1,2,2]}},{"k":[16,0,0,49,0],"v":{"k":4,"t":[4,1,1,1]}},{"k":[20,0,0,48,0],"v":{"k":4,"t":[4,1,1,1]}},{"k":[25,0,0,49,0],"v":{"k":4,"t":[0,1,2,2]}}],"overflow":[],"walls":[]}}