{"lands":{"autotiles":[],"floors":[{"k":[25,0,0,16,0],"v":{"t":[0,0]}},{"k":[24,0,0,17,0],"v":{"t":[0,0]}},{"k":[23,0,0,18,0],"v":{"t":[0,0]}},{"k":[22,0,0,19,0],"v":{"t":[0,0]}},{"k":[26,0,0,16,0],"v":{"t":[0,0]}},{"k":[25,0,0,17,0],"v":{"t":[0,0]}},{"k":[24,0,0,18,0],"v":{"t":[0,0]}},{"k":[23,0,0,19,0],"v":{"t":[0,0]}},{"k":[27,0,0,16,0],"v":{"t":[0,0]}},{"k":[26,0,0,17,0],"v":{"t":[0,0]}},{"k":[25,0,0,18,0],"v":{"t":[0,0]}},{"k":[24,0,0,19,0],"v":{"t":[0,0]}},{"k":[16,0,0,27,0],"v":{"t":[0,0]}},{"k":[28,0,0,16,0],"v":{"t":[0,0]}},{"k":[27,0,0,17,0],"v":{"t":[0,0]}},{"k":[26,0,0,18,0],"v":{"t":[0,0]}},{"k":[16,0,0,28,0],"v":{"t":[0,0]}},{"k":[25,0,0,19,0],"v":{"t":[0,0]}},{"k":[17,0,0,27,0],"v":{"t":[0,0]}},{"k":[29,0,0,16,0],"v":{"t":[0,0]}},{"k":[28,0,0,17,0],"v":{"t":[0,0]}},{"k":[27,0,0,18,0],"v":{"t":[0,0]}},{"k":[17,0,0,28,0],"v":{"t":[0,0]}},{"k":[26,0,0,19,0],"v":{"t":[0,0]}},{"k":[18,0,0,27,0],"v":{"t":[0,0]}},{"k":[16,0,0,29,0],"v":{"t":[0,0]}},{"k":[29,0,0,17,0],"v":{"t":[0,0]}},{"k":[30,0,0,16,0],"v":{"t":[0,0]}},{"k":[18,0,0,28,0],"v":{"t":[0,0]}},{"k":[27,0,0,19,0],"v":{"t":[0,0]}},{"k":[28,0,0,18,0],"v":{"t":[0,0]}},{"k":[19,0,0,27,0],"v":{"t":[0,0]}},{"k":[17,0,0,29,0],"v":{"t":[0,0]}},{"k":[16,0,0,30,0],"v":{"t":[0,0]}},{"k":[30,0,0,17,0],"v":{"t":[0,0]}},{"k":[31,0,0,16,0],"v":{"t":[0,0]}},{"k":[19,0,0,28,0],"v":{"t":[0,0]}},{"k":[28,0,0,19,0],"v":{"t":[0,0]}},{"k":[29,0,0,18,0],"v":{"t":[0,0]}},{"k":[20,0,0,27,0],"v":{"t":[0,0]}},{"k":[18,0,0,29,0],"v":{"t":[0,0]}},{"k":[17,0,0,30,0],"v":{"t":[0,0]}},{"k":[16,0,0,31,0],"v":{"t":[0,0]}},{"k":[31,0,0,17,0],"v":{"t":[0,0]}},{"k":[20,0,0,28,0],"v":{"t":[0,0]}},{"k":[30,0,0,18,0],"v":{"t":[0,0]}},{"k":[21,0,0,27,0],"v":{"t":[0,0]}},{"k":[29,0,0,19,0],"v":{"t":[0,0]}},{"k":[19,0,0,29,0],"v":{"t":[0,0]}},{"k":[18,0,0,30,0],"v":{"t":[0,0]}},{"k":[17,0,0,31,0],"v":{"t":[0,0]}},{"k":[21,0,0,28,0],"v":{"t":[0,0]}},{"k":[31,0,0,18,0],"v":{"t":[0,0]}},{"k":[22,0,0,27,0],"v":{"t":[0,0]}},{"k":[20,0,0,29,0],"v":{"t":[0,0]}},{"k":[19,0,0,30,0],"v":{"t":[0,0]}},{"k":[18,0,0,31,0],"v":{"t":[0,0]}},{"k":[22,0,0,28,0],"v":{"t":[0,0]}},{"k":[23,0,0,27,0],"v":{"t":[0,0]}},{"k":[21,0,0,29,0],"v":{"t":[0,0]}},{"k":[20,0,0,30,0],"v":{"t":[0,0]}},{"k":[19,0,0,31,0],"v":{"t":[0,0]}},{"k":[23,0,0,28,0],"v":{"t":[0,0]}},{"k":[24,0,0,27,0],"v":{"t":[0,0]}},{"k":[22,0,0,29,0],"v":{"t":[0,0]}},{"k":[21,0,0,30,0],"v":{"t":[0,0]}},{"k":[20,0,0,31,0],"v":{"t":[0,0]}},{"k":[24,0,0,28,0],"v":{"t":[0,0]}},{"k":[25,0,0,27,0],"v":{"t":[0,0]}},{"k":[23,0,0,29,0],"v":{"t":[0,0]}},{"k":[22,0,0,30,0],"v":{"t":[0,0]}},{"k":[21,0,0,31,0],"v":{"t":[0,0]}},{"k":[25,0,0,28,0],"v":{"t":[0,0]}},{"k":[26,0,0,27,0],"v":{"t":[0,0]}},{"k":[24,0,0,29,0],"v":{"t":[0,0]}},{"k":[23,0,0,30,0],"v":{"t":[0,0]}},{"k":[22,0,0,31,0],"v":{"t":[0,0]}},{"k":[26,0,0,28,0],"v":{"t":[0,0]}},{"k":[27,0,0,27,0],"v":{"t":[0,0]}},{"k":[25,0,0,29,0],"v":{"t":[0,0]}},{"k":[24,0,0,30,0],"v":{"t":[0,0]}},{"k":[23,0,0,31,0],"v":{"t":[0,0]}},{"k":[27,0,0,28,0],"v":{"t":[0,0]}},{"k":[28,0,0,27,0],"v":{"t":[0,0]}},{"k":[29,0,0,26,0],"v":{"t":[0,0]}},{"k":[26,0,0,29,0],"v":{"t":[0,0]}},{"k":[25,0,0,30,0],"v":{"t":[0,0]}},{"k":[24,0,0,31,0],"v":{"t":[0,0]}},{"k":[29,0,0,27,0],"v":{"t":[0,0]}},{"k":[28,0,0,28,0],"v":{"t":[0,0]}},{"k":[30,0,0,26,0],"v":{"t":[0,0]}},{"k":[27,0,0,29,0],"v":{"t":[0,0]}},{"k":[26,0,0,30,0],"v":{"t":[0,0]}},{"k":[25,0,0,31,0],"v":{"t":[0,0]}},{"k":[16,0,0,16,0],"v":{"t":[0,0]}},{"k":[17,0,0,16,0],"v":{"t":[0,0]}},{"k":[16,0,0,17,0],"v":{"t":[0,0]}},{"k":[18,0,0,16,0],"v":{"t":[0,0]}},{"k":[17,0,0,17,0],"v":{"t":[0,0]}},{"k":[16,0,0,18,0],"v":{"t":[0,0]}},{"k":[19,0,0,16,0],"v":{"t":[0,0]}},{"k":[18,0,0,17,0],"v":{"t":[0,0]}},{"k":[17,0,0,18,0],"v":{"t":[0,0]}},{"k":[16,0,0,19,0],"v":{"t":[0,0]}},{"k":[20,0,0,16,0],"v":{"t":[0,0]}},{"k":[19,0,0,17,0],"v":{"t":[0,0]}},{"k":[18,0,0,18,0],"v":{"t":[0,0]}},{"k":[17,0,0,19,0],"v":{"t":[0,0]}},{"k":[21,0,0,16,0],"v":{"t":[0,0]}},{"k":[20,0,0,17,0],"v":{"t":[0,0]}},{"k":[19,0,0,18,0],"v":{"t":[0,0]}},{"k":[18,0,0,19,0],"v":{"t":[0,0]}},{"k":[22,0,0,16,0],"v":{"t":[0,0]}},{"k":[21,0,0,17,0],"v":{"t":[0,0]}},{"k":[20,0,0,18,0],"v":{"t":[0,0]}},{"k":[19,0,0,19,0],"v":{"t":[0,0]}},{"k":[23,0,0,16,0],"v":{"t":[0,0]}},{"k":[22,0,0,17,0],"v":{"t":[0,0]}},{"k":[21,0,0,18,0],"v":{"t":[0,0]}},{"k":[20,0,0,19,0],"v":{"t":[0,0]}},{"k":[24,0,0,16,0],"v":{"t":[0,0]}},{"k":[23,0,0,17,0],"v":{"t":[0,0]}},{"k":[22,0,0,18,0],"v":{"t":[0,0]}},{"k":[21,0,0,19,0],"v":{"t":[0,0]}},{"k":[30,0,0,27,0],"v":{"t":[0,0]}},{"k":[29,0,0,28,0],"v":{"t":[0,0]}},{"k":[31,0,0,26,0],"v":{"t":[0,0]}},{"k":[28,0,0,29,0],"v":{"t":[0,0]}},{"k":[27,0,0,30,0],"v":{"t":[0,0]}},{"k":[26,0,0,31,0],"v":{"t":[0,0]}},{"k":[31,0,0,27,0],"v":{"t":[0,0]}},{"k":[30,0,0,28,0],"v":{"t":[0,0]}},{"k":[29,0,0,29,0],"v":{"t":[0,0]}},{"k":[28,0,0,30,0],"v":{"t":[0,0]}},{"k":[27,0,0,31,0],"v":{"t":[0,0]}},{"k":[31,0,0,28,0],"v":{"t":[0,0]}},{"k":[30,0,0,29,0],"v":{"t":[0,0]}},{"k":[29,0,0,30,0],"v":{"t":[0,0]}},{"k":[28,0,0,31,0],"v":{"t":[0,0]}},{"k":[31,0,0,29,0],"v":{"t":[0,0]}},{"k":[30,0,0,30,0],"v":{"t":[0,0]}},{"k":[29,0,0,31,0],"v":{"t":[0,0]}},{"k":[31,0,0,30,0],"v":{"t":[0,0]}},{"k":[30,0,0,31,0],"v":{"t":[0,0]}},{"k":[31,0,0,31,0],"v":{"t":[0,0]}}]},"moun":{"a":[],"o":[[23,-1,0,19,0],[24,-1,0,19,0],[16,-1,0,27,0],[25,-1,0,19,0],[17,-1,0,27,0],[26,-1,0,19,0],[18,-1,0,27,0],[27,-1,0,19,0],[28,-1,0,18,0],[19,-1,0,27,0],[28,-1,0,19,0],[29,-1,0,18,0],[20,-1,0,27,0],[30,-1,0,18,0],[21,-1,0,27,0],[29,-1,0,19,0],[31,-1,0,18,0],[22,-1,0,27,0],[23,-1,0,27,0],[24,-1,0,27,0],[25,-1,0,27,0],[26,-1,0,27,0],[27,-1,0,27,0],[28,-1,0,27,0],[29,-1,0,26,0],[30,-1,0,26,0],[31,-1,0,26,0],[16,-1,0,19,0],[17,-1,0,19,0],[18,-1,0,19,0],[19,-1,0,19,0],[20,-1,0,19,0],[21,-1,0,19,0],[22,-1,0,19,0]]},"objs":{"list":[]},"objs3d":{"a":[],"o":[]},"sprites":{"list":[{"k":[18,0,0,28,0],"v":{"k":4,"t":[0,8,2,3]}},{"k":[16,0,0,30,0],"v":{"k":4,"t":[7,1,1,1]}},{"k":[19,0,0,27,0],"v":{"k":4,"t":[5,1,1,1]}},{"k":[21,0,0,27,0],"v":{"f":false,"k":4,"t":[0,8,2,3]}},{"k":[18,0,0,31,0],"v":{"f":false,"k":4,"t":[0,8,2,3]}},{"k":[21,0,0,30,0],"v":{"k":4,"t":[0,8,2,3]}},{"k":[22,0,0,29,0],"v":{"k":4,"t":[0,8,2,3]}},{"k":[29,0,0,28,0],"v":{"k":4,"t":[0,8,2,3]}},{"k":[26,0,0,31,0],"v":{"k":4,"t":[4,1,1,1]}},{"k":[31,0,0,26,0],"v":{"k":4,"t":[5,1,1,1]}},{"k":[24,0,0,28,0],"v":{"f":false,"k":4,"t":[0,8,2,3]}},{"k":[28,0,0,30,0],"v":{"k":4,"t":[0,8,2,3]}},{"k":[24,0,0,29,0],"v":{"k":4,"t":[0,8,2,3]}},{"k":[26,0,0,27,0],"v":{"k":4,"t":[0,8,2,3]}},{"k":[23,0,0,30,0],"v":{"k":4,"t":[7,3,1,1]}},{"k":[26,0,0,28,0],"v":{"k":4,"t":[6,1,1,1]}},{"k":[31,0,0,29,0],"v":{"k":4,"t":[0,8,2,3]}},{"k":[30,0,0,26,0],"v":{"k":4,"t":[0,8,2,3]}}],"overflow":[[31,0,0,32,0]],"walls":[]}}