{"lands":{"autotiles":[{"k":[32,-1,56.25,24,0],"v":{"id":2,"t":[0,1],"tid":318}},{"k":[33,-1,56.25,23,0],"v":{"id":2,"t":[0,1],"tid":318}},{"k":[34,-1,56.25,22,0],"v":{"id":2,"t":[0,1],"tid":318}},{"k":[35,-1,56.25,21,0],"v":{"id":2,"t":[0,1],"tid":318}},{"k":[36,-1,56.25,20,0],"v":{"id":2,"t":[0,1],"tid":318}},{"k":[37,-1,56.25,19,0],"v":{"id":2,"t":[0,1],"tid":471}},{"k":[32,-1,56.25,25,0],"v":{"id":2,"t":[0,1],"tid":324}},{"k":[33,-1,56.25,24,0],"v":{"id":2,"t":[0,1],"tid":318}},{"k":[34,-1,56.25,23,0],"v":{"id":2,"t":[0,1],"tid":318}},{"k":[35,-1,56.25,22,0],"v":{"id":2,"t":[0,1],"tid":318}},{"k":[36,-1,56.25,21,0],"v":{"id":2,"t":[0,1],"tid":318}},{"k":[37,-1,56.25,20,0],"v":{"id":2,"t":[0,1],"tid":318}},{"k":[38,-1,56.25,19,0],"v":{"id":2,"t":[0,1],"tid":471}},{"k":[33,-1,56.25,25,0],"v":{"id":2,"t":[0,1],"tid":324}},{"k":[34,-1,56.25,24,0],"v":{"id":2,"t":[0,1],"tid":318}},{"k":[35,-1,56.25,23,0],"v":{"id":2,"t":[0,1],"tid":318}},{"k":[36,-1,56.25,22,0],"v":{"id":2,"t":[0,1],"tid":318}},{"k":[37,-1,56.25,21,0],"v":{"id":2,"t":[0,1],"tid":318}},{"k":[38,-1,56.25,20,0],"v":{"id":2,"t":[0,1],"tid":318}},{"k":[39,-1,56.25,19,0],"v":{"id":2,"t":[0,1],"tid":471}},{"k":[34,-1,56.25,25,0],"v":{"id":2,"t":[0,1],"tid":324}},{"k":[35,-1,56.25,24,0],"v":{"id":2,"t":[0,1],"tid":318}},{"k":[36,-1,56.25,23,0],"v":{"id":2,"t":[0,1],"tid":318}},{"k":[37,-1,56.25,22,0],"v":{"id":2,"t":[0,1],"tid":318}},{"k":[38,-1,56.25,21,0],"v":{"id":2,"t":[0,1],"tid":318}},{"k":[39,-1,56.25,20,0],"v":{"id":2,"t":[0,1],"tid":318}},{"k":[40,-1,56.25,19,0],"v":{"id":2,"t":[0,1],"tid":471}},{"k":[35,-1,56.25,25,0],"v":{"id":2,"t":[0,1],"tid":324}},{"k":[36,-1,56.25,24,0],"v":{"id":2,"t":[0,1],"tid":318}},{"k":[37,-1,56.25,23,0],"v":{"id":2,"t":[0,1],"tid":318}},{"k":[38,-1,56.25,22,0],"v":{"id":2,"t":[0,1],"tid":318}},{"k":[39,-1,56.25,21,0],"v":{"id":2,"t":[0,1],"tid":318}},{"k":[40,-1,56.25,20,0],"v":{"id":2,"t":[0,1],"tid":318}},{"k":[41,-1,56.25,19,0],"v":{"id":2,"t":[0,1],"tid":471}},{"k":[36,-1,56.25,25,0],"v":{"id":2,"t":[0,1],"tid":324}},{"k":[37,-1,56.25,24,0],"v":{"id":2,"t":[0,1],"tid":318}},{"k":[38,-1,56.25,23,0],"v":{"id":2,"t":[0,1],"tid":318}},{"k":[39,-1,56.25,22,0],"v":{"id":2,"t":[0,1],"tid":318}},{"k":[40,-1,56.25,21,0],"v":{"id":2,"t":[0,1],"tid":318}},{"k":[41,-1,56.25,20,0],"v":{"id":2,"t":[0,1],"tid":318}},{"k":[42,-1,56.25,19,0],"v":{"id":2,"t":[0,1],"tid":471}},{"k":[37,-1,56.25,25,0],"v":{"id":2,"t":[0,1],"tid":324}},{"k":[38,-1,56.25,24,0],"v":{"id":2,"t":[0,1],"tid":318}},{"k":[39,-1,56.25,23,0],"v":{"id":2,"t":[0,1],"tid":318}},{"k":[40,-1,56.25,22,0],"v":{"id":2,"t":[0,1],"tid":318}},{"k":[41,-1,56.25,21,0],"v":{"id":2,"t":[0,1],"tid":318}},{"k":[42,-1,56.25,20,0],"v":{"id":2,"t":[0,1],"tid":318}},{"k":[43,-1,56.25,19,0],"v":{"id":2,"t":[0,1],"tid":471}},{"k":[38,-1,56.25,25,0],"v":{"id":2,"t":[0,1],"tid":324}},{"k":[39,-1,56.25,24,0],"v":{"id":2,"t":[0,1],"tid":318}},{"k":[40,-1,56.25,23,0],"v":{"id":2,"t":[0,1],"tid":318}},{"k":[41,-1,56.25,22,0],"v":{"id":2,"t":[0,1],"tid":318}},{"k":[42,-1,56.25,21,0],"v":{"id":2,"t":[0,1],"tid":318}},{"k":[43,-1,56.25,20,0],"v":{"id":2,"t":[0,1],"tid":318}},{"k":[44,-1,56.25,19,0],"v":{"id":2,"t":[0,1],"tid":471}},{"k":[39,-1,56.25,25,0],"v":{"id":2,"t":[0,1],"tid":324}},{"k":[40,-1,56.25,24,0],"v":{"id":2,"t":[0,1],"tid":318}},{"k":[41,-1,56.25,23,0],"v":{"id":2,"t":[0,1],"tid":318}},{"k":[42,-1,56.25,22,0],"v":{"id":2,"t":[0,1],"tid":318}},{"k":[43,-1,56.25,21,0],"v":{"id":2,"t":[0,1],"tid":318}},{"k":[44,-1,56.25,20,0],"v":{"id":2,"t":[0,1],"tid":318}},{"k":[45,-1,56.25,19,0],"v":{"id":2,"t":[0,1],"tid":471}},{"k":[40,-1,56.25,25,0],"v":{"id":2,"t":[0,1],"tid":324}},{"k":[41,-1,56.25,24,0],"v":{"id":2,"t":[0,1],"tid":318}},{"k":[42,-1,56.25,23,0],"v":{"id":2,"t":[0,1],"tid":318}},{"k":[43,-1,56.25,22,0],"v":{"id":2,"t":[0,1],"tid":318}},{"k":[44,-1,56.25,21,0],"v":{"id":2,"t":[0,1],"tid":318}},{"k":[45,-1,56.25,20,0],"v":{"id":2,"t":[0,1],"tid":318}},{"k":[46,-1,56.25,19,0],"v":{"id":2,"t":[0,1],"tid":471}},{"k":[41,-1,56.25,25,0],"v":{"id":2,"t":[0,1],"tid":324}},{"k":[42,-1,56.25,24,0],"v":{"id":2,"t":[0,1],"tid":318}},{"k":[43,-1,56.25,23,0],"v":{"id":2,"t":[0,1],"tid":318}},{"k":[44,-1,56.25,22,0],"v":{"id":2,"t":[0,1],"tid":318}},{"k":[45,-1,56.25,21,0],"v":{"id":2,"t":[0,1],"tid":318}},{"k":[46,-1,56.25,20,0],"v":{"id":2,"t":[0,1],"tid":318}},{"k":[47,-1,56.25,19,0],"v":{"id":2,"t":[0,1],"tid":471}},{"k":[42,-1,56.25,25,0],"v":{"id":2,"t":[0,1],"tid":324}},{"k":[43,-1,56.25,24,0],"v":{"id":2,"t":[0,1],"tid":318}},{"k":[44,-1,56.25,23,0],"v":{"id":2,"t":[0,1],"tid":318}},{"k":[45,-1,56.25,22,0],"v":{"id":2,"t":[0,1],"tid":318}},{"k":[46,-1,56.25,21,0],"v":{"id":2,"t":[0,1],"tid":318}},{"k":[47,-1,56.25,20,0],"v":{"id":2,"t":[0,1],"tid":318}},{"k":[43,-1,56.25,25,0],"v":{"id":2,"t":[0,1],"tid":324}},{"k":[44,-1,56.25,24,0],"v":{"id":2,"t":[0,1],"tid":318}},{"k":[45,-1,56.25,23,0],"v":{"id":2,"t":[0,1],"tid":318}},{"k":[46,-1,56.25,22,0],"v":{"id":2,"t":[0,1],"tid":318}},{"k":[47,-1,56.25,21,0],"v":{"id":2,"t":[0,1],"tid":318}},{"k":[44,-1,56.25,25,0],"v":{"id":2,"t":[0,1],"tid":324}},{"k":[45,-1,56.25,24,0],"v":{"id":2,"t":[0,1],"tid":318}},{"k":[46,-1,56.25,23,0],"v":{"id":2,"t":[0,1],"tid":318}},{"k":[47,-1,56.25,22,0],"v":{"id":2,"t":[0,1],"tid":318}},{"k":[45,-1,56.25,25,0],"v":{"id":2,"t":[0,1],"tid":324}},{"k":[46,-1,56.25,24,0],"v":{"id":2,"t":[0,1],"tid":318}},{"k":[47,-1,56.25,23,0],"v":{"id":2,"t":[0,1],"tid":318}},{"k":[46,-1,56.25,25,0],"v":{"id":2,"t":[0,1],"tid":324}},{"k":[47,-1,56.25,24,0],"v":{"id":2,"t":[0,1],"tid":318}},{"k":[47,-1,56.25,25,0],"v":{"id":2,"t":[0,1],"tid":324}},{"k":[32,-1,56.25,19,0],"v":{"id":2,"t":[0,1],"tid":471}},{"k":[32,-1,56.25,20,0],"v":{"id":2,"t":[0,1],"tid":318}},{"k":[33,-1,56.25,19,0],"v":{"id":2,"t":[0,1],"tid":471}},{"k":[32,-1,56.25,21,0],"v":{"id":2,"t":[0,1],"tid":318}},{"k":[33,-1,56.25,20,0],"v":{"id":2,"t":[0,1],"tid":318}},{"k":[34,-1,56.25,19,0],"v":{"id":2,"t":[0,1],"tid":471}},{"k":[32,-1,56.25,22,0],"v":{"id":2,"t":[0,1],"tid":318}},{"k":[33,-1,56.25,21,0],"v":{"id":2,"t":[0,1],"tid":318}},{"k":[34,-1,56.25,20,0],"v":{"id":2,"t":[0,1],"tid":318}},{"k":[35,-1,56.25,19,0],"v":{"id":2,"t":[0,1],"tid":471}},{"k":[32,-1,56.25,23,0],"v":{"id":2,"t":[0,1],"tid":318}},{"k":[33,-1,56.25,22,0],"v":{"id":2,"t":[0,1],"tid":318}},{"k":[34,-1,56.25,21,0],"v":{"id":2,"t":[0,1],"tid":318}},{"k":[35,-1,56.25,20,0],"v":{"id":2,"t":[0,1],"tid":318}},{"k":[36,-1,56.25,19,0],"v":{"id":2,"t":[0,1],"tid":471}}],"floors":[]},"moun":{"a":[{"k":[40,-1,0,18,0],"v":{"l":true,"r":true,"sid":1}},{"k":[32,-1,0,26,0],"v":{"l":true,"r":true,"sid":1}},{"k":[41,-1,0,18,0],"v":{"l":true,"r":true,"sid":1}},{"k":[33,-1,0,26,0],"v":{"l":true,"r":true,"sid":1}},{"k":[42,-1,0,18,0],"v":{"l":true,"r":true,"sid":1}},{"k":[34,-1,0,26,0],"v":{"l":true,"r":true,"sid":1}},{"k":[43,-1,0,18,0],"v":{"l":true,"r":true,"sid":1}},{"k":[35,-1,0,26,0],"v":{"l":true,"r":true,"sid":1}},{"k":[44,-1,0,18,0],"v":{"l":true,"r":true,"sid":1}},{"k":[36,-1,0,26,0],"v":{"l":true,"r":true,"sid":1}},{"k":[45,-1,0,18,0],"v":{"l":true,"r":true,"sid":1}},{"k":[37,-1,0,26,0],"v":{"l":true,"r":true,"sid":1}},{"k":[46,-1,0,18,0],"v":{"l":true,"r":true,"sid":1}},{"k":[38,-1,0,26,0],"v":{"l":true,"r":true,"sid":1}},{"k":[47,-1,0,18,0],"v":{"l":true,"r":true,"sid":1}},{"k":[39,-1,0,26,0],"v":{"l":true,"r":true,"sid":1}},{"k":[40,-1,0,26,0],"v":{"l":true,"r":true,"sid":1}},{"k":[41,-1,0,26,0],"v":{"l":true,"r":true,"sid":1}},{"k":[42,-1,0,26,0],"v":{"l":true,"r":true,"sid":1}},{"k":[43,-1,0,26,0],"v":{"l":true,"r":true,"sid":1}},{"k":[44,-1,0,26,0],"v":{"l":true,"r":true,"sid":1}},{"k":[45,-1,0,26,0],"v":{"l":true,"r":true,"sid":1}},{"k":[46,-1,0,26,0],"v":{"l":true,"r":true,"sid":1}},{"k":[47,-1,0,26,0],"v":{"l":true,"r":true,"sid":1}},{"k":[32,-1,0,18,0],"v":{"l":true,"r":true,"sid":1}},{"k":[33,-1,0,18,0],"v":{"l":true,"r":true,"sid":1}},{"k":[34,-1,0,18,0],"v":{"l":true,"r":true,"sid":1}},{"k":[35,-1,0,18,0],"v":{"l":true,"r":true,"sid":1}},{"k":[36,-1,0,18,0],"v":{"l":true,"r":true,"sid":1}},{"k":[37,-1,0,18,0],"v":{"l":true,"r":true,"sid":1}},{"k":[38,-1,0,18,0],"v":{"l":true,"r":true,"sid":1}},{"k":[39,-1,0,18,0],"v":{"l":true,"r":true,"sid":1}}],"o":[]},"objs":{"list":[]},"objs3d":{"a":[],"o":[]},"sprites":{"list":[],"overflow":[],"walls":[]}}