{"lands":{"autotiles":[],"floors":[{"k":[43,0,0,15,0],"v":{"t":[0,0]}},{"k":[44,0,0,14,0],"v":{"t":[0,0]}},{"k":[45,0,0,13,0],"v":{"t":[0,0]}},{"k":[46,0,0,12,0],"v":{"t":[0,0]}},{"k":[47,0,0,11,0],"v":{"t":[0,0]}},{"k":[42,0,0,15,0],"v":{"t":[0,0]}},{"k":[43,0,0,14,0],"v":{"t":[0,0]}},{"k":[44,0,0,13,0],"v":{"t":[0,0]}},{"k":[45,0,0,12,0],"v":{"t":[0,0]}},{"k":[46,0,0,11,0],"v":{"t":[0,0]}},{"k":[47,0,0,10,0],"v":{"t":[0,0]}},{"k":[45,0,0,15,0],"v":{"t":[0,0]}},{"k":[46,0,0,14,0],"v":{"t":[0,0]}},{"k":[47,0,0,13,0],"v":{"t":[0,0]}},{"k":[44,0,0,15,0],"v":{"t":[0,0]}},{"k":[45,0,0,14,0],"v":{"t":[0,0]}},{"k":[46,0,0,13,0],"v":{"t":[0,0]}},{"k":[47,0,0,12,0],"v":{"t":[0,0]}},{"k":[47,0,0,15,0],"v":{"t":[0,0]}},{"k":[46,0,0,15,0],"v":{"t":[0,0]}},{"k":[47,0,0,14,0],"v":{"t":[0,0]}},{"k":[35,0,0,15,0],"v":{"t":[0,0]}},{"k":[36,0,0,14,0],"v":{"t":[0,0]}},{"k":[37,0,0,13,0],"v":{"t":[0,0]}},{"k":[38,0,0,12,0],"v":{"t":[0,0]}},{"k":[39,0,0,11,0],"v":{"t":[0,0]}},{"k":[40,0,0,10,0],"v":{"t":[0,0]}},{"k":[41,0,0,9,0],"v":{"t":[0,0]}},{"k":[42,0,0,8,0],"v":{"t":[0,0]}},{"k":[43,0,0,7,0],"v":{"t":[0,0]}},{"k":[44,0,0,6,0],"v":{"t":[0,0]}},{"k":[45,0,0,5,0],"v":{"t":[0,0]}},{"k":[46,0,0,4,0],"v":{"t":[0,0]}},{"k":[47,0,0,3,0],"v":{"t":[0,0]}},{"k":[34,0,0,15,0],"v":{"t":[0,0]}},{"k":[35,0,0,14,0],"v":{"t":[0,0]}},{"k":[36,0,0,13,0],"v":{"t":[0,0]}},{"k":[37,0,0,12,0],"v":{"t":[0,0]}},{"k":[38,0,0,11,0],"v":{"t":[0,0]}},{"k":[39,0,0,10,0],"v":{"t":[0,0]}},{"k":[40,0,0,9,0],"v":{"t":[0,0]}},{"k":[41,0,0,8,0],"v":{"t":[0,0]}},{"k":[42,0,0,7,0],"v":{"t":[0,0]}},{"k":[43,0,0,6,0],"v":{"t":[0,0]}},{"k":[44,0,0,5,0],"v":{"t":[0,0]}},{"k":[45,0,0,4,0],"v":{"t":[0,0]}},{"k":[46,0,0,3,0],"v":{"t":[0,0]}},{"k":[47,0,0,2,0],"v":{"t":[0,0]}},{"k":[37,0,0,15,0],"v":{"t":[0,0]}},{"k":[38,0,0,14,0],"v":{"t":[0,0]}},{"k":[39,0,0,13,0],"v":{"t":[0,0]}},{"k":[40,0,0,12,0],"v":{"t":[0,0]}},{"k":[41,0,0,11,0],"v":{"t":[0,0]}},{"k":[42,0,0,10,0],"v":{"t":[0,0]}},{"k":[43,0,0,9,0],"v":{"t":[0,0]}},{"k":[44,0,0,8,0],"v":{"t":[0,0]}},{"k":[45,0,0,7,0],"v":{"t":[0,0]}},{"k":[46,0,0,6,0],"v":{"t":[0,0]}},{"k":[47,0,0,5,0],"v":{"t":[0,0]}},{"k":[36,0,0,15,0],"v":{"t":[0,0]}},{"k":[37,0,0,14,0],"v":{"t":[0,0]}},{"k":[38,0,0,13,0],"v":{"t":[0,0]}},{"k":[39,0,0,12,0],"v":{"t":[0,0]}},{"k":[40,0,0,11,0],"v":{"t":[0,0]}},{"k":[41,0,0,10,0],"v":{"t":[0,0]}},{"k":[42,0,0,9,0],"v":{"t":[0,0]}},{"k":[43,0,0,8,0],"v":{"t":[0,0]}},{"k":[44,0,0,7,0],"v":{"t":[0,0]}},{"k":[45,0,0,6,0],"v":{"t":[0,0]}},{"k":[46,0,0,5,0],"v":{"t":[0,0]}},{"k":[47,0,0,4,0],"v":{"t":[0,0]}},{"k":[39,0,0,15,0],"v":{"t":[0,0]}},{"k":[40,0,0,14,0],"v":{"t":[0,0]}},{"k":[41,0,0,13,0],"v":{"t":[0,0]}},{"k":[42,0,0,12,0],"v":{"t":[0,0]}},{"k":[43,0,0,11,0],"v":{"t":[0,0]}},{"k":[44,0,0,10,0],"v":{"t":[0,0]}},{"k":[45,0,0,9,0],"v":{"t":[0,0]}},{"k":[46,0,0,8,0],"v":{"t":[0,0]}},{"k":[47,0,0,7,0],"v":{"t":[0,0]}},{"k":[38,0,0,15,0],"v":{"t":[0,0]}},{"k":[39,0,0,14,0],"v":{"t":[0,0]}},{"k":[40,0,0,13,0],"v":{"t":[0,0]}},{"k":[41,0,0,12,0],"v":{"t":[0,0]}},{"k":[42,0,0,11,0],"v":{"t":[0,0]}},{"k":[43,0,0,10,0],"v":{"t":[0,0]}},{"k":[44,0,0,9,0],"v":{"t":[0,0]}},{"k":[45,0,0,8,0],"v":{"t":[0,0]}},{"k":[46,0,0,7,0],"v":{"t":[0,0]}},{"k":[47,0,0,6,0],"v":{"t":[0,0]}},{"k":[41,0,0,15,0],"v":{"t":[0,0]}},{"k":[42,0,0,14,0],"v":{"t":[0,0]}},{"k":[43,0,0,13,0],"v":{"t":[0,0]}},{"k":[44,0,0,12,0],"v":{"t":[0,0]}},{"k":[45,0,0,11,0],"v":{"t":[0,0]}},{"k":[46,0,0,10,0],"v":{"t":[0,0]}},{"k":[47,0,0,9,0],"v":{"t":[0,0]}},{"k":[40,0,0,15,0],"v":{"t":[0,0]}},{"k":[41,0,0,14,0],"v":{"t":[0,0]}},{"k":[42,0,0,13,0],"v":{"t":[0,0]}},{"k":[43,0,0,12,0],"v":{"t":[0,0]}},{"k":[44,0,0,11,0],"v":{"t":[0,0]}},{"k":[45,0,0,10,0],"v":{"t":[0,0]}},{"k":[46,0,0,9,0],"v":{"t":[0,0]}},{"k":[47,0,0,8,0],"v":{"t":[0,0]}},{"k":[32,0,0,10,0],"v":{"t":[0,0]}},{"k":[33,0,0,9,0],"v":{"t":[0,0]}},{"k":[34,0,0,8,0],"v":{"t":[0,0]}},{"k":[35,0,0,7,0],"v":{"t":[0,0]}},{"k":[36,0,0,6,0],"v":{"t":[0,0]}},{"k":[37,0,0,5,0],"v":{"t":[0,0]}},{"k":[38,0,0,4,0],"v":{"t":[0,0]}},{"k":[39,0,0,3,0],"v":{"t":[0,0]}},{"k":[40,0,0,2,0],"v":{"t":[0,0]}},{"k":[41,0,0,1,0],"v":{"t":[0,0]}},{"k":[42,0,0,0,0],"v":{"t":[0,0]}},{"k":[32,0,0,9,0],"v":{"t":[0,0]}},{"k":[33,0,0,8,0],"v":{"t":[0,0]}},{"k":[34,0,0,7,0],"v":{"t":[0,0]}},{"k":[35,0,0,6,0],"v":{"t":[0,0]}},{"k":[36,0,0,5,0],"v":{"t":[0,0]}},{"k":[37,0,0,4,0],"v":{"t":[0,0]}},{"k":[38,0,0,3,0],"v":{"t":[0,0]}},{"k":[39,0,0,2,0],"v":{"t":[0,0]}},{"k":[40,0,0,1,0],"v":{"t":[0,0]}},{"k":[41,0,0,0,0],"v":{"t":[0,0]}},{"k":[32,0,0,12,0],"v":{"t":[0,0]}},{"k":[33,0,0,11,0],"v":{"t":[0,0]}},{"k":[34,0,0,10,0],"v":{"t":[0,0]}},{"k":[35,0,0,9,0],"v":{"t":[0,0]}},{"k":[36,0,0,8,0],"v":{"t":[0,0]}},{"k":[37,0,0,7,0],"v":{"t":[0,0]}},{"k":[38,0,0,6,0],"v":{"t":[0,0]}},{"k":[39,0,0,5,0],"v":{"t":[0,0]}},{"k":[40,0,0,4,0],"v":{"t":[0,0]}},{"k":[41,0,0,3,0],"v":{"t":[0,0]}},{"k":[42,0,0,2,0],"v":{"t":[0,0]}},{"k":[43,0,0,1,0],"v":{"t":[0,0]}},{"k":[44,0,0,0,0],"v":{"t":[0,0]}},{"k":[32,0,0,11,0],"v":{"t":[0,0]}},{"k":[33,0,0,10,0],"v":{"t":[0,0]}},{"k":[34,0,0,9,0],"v":{"t":[0,0]}},{"k":[35,0,0,8,0],"v":{"t":[0,0]}},{"k":[36,0,0,7,0],"v":{"t":[0,0]}},{"k":[37,0,0,6,0],"v":{"t":[0,0]}},{"k":[38,0,0,5,0],"v":{"t":[0,0]}},{"k":[39,0,0,4,0],"v":{"t":[0,0]}},{"k":[40,0,0,3,0],"v":{"t":[0,0]}},{"k":[41,0,0,2,0],"v":{"t":[0,0]}},{"k":[42,0,0,1,0],"v":{"t":[0,0]}},{"k":[43,0,0,0,0],"v":{"t":[0,0]}},{"k":[32,0,0,14,0],"v":{"t":[0,0]}},{"k":[33,0,0,13,0],"v":{"t":[0,0]}},{"k":[34,0,0,12,0],"v":{"t":[0,0]}},{"k":[35,0,0,11,0],"v":{"t":[0,0]}},{"k":[36,0,0,10,0],"v":{"t":[0,0]}},{"k":[37,0,0,9,0],"v":{"t":[0,0]}},{"k":[38,0,0,8,0],"v":{"t":[0,0]}},{"k":[39,0,0,7,0],"v":{"t":[0,0]}},{"k":[40,0,0,6,0],"v":{"t":[0,0]}},{"k":[41,0,0,5,0],"v":{"t":[0,0]}},{"k":[42,0,0,4,0],"v":{"t":[0,0]}},{"k":[43,0,0,3,0],"v":{"t":[0,0]}},{"k":[44,0,0,2,0],"v":{"t":[0,0]}},{"k":[45,0,0,1,0],"v":{"t":[0,0]}},{"k":[46,0,0,0,0],"v":{"t":[0,0]}},{"k":[32,0,0,13,0],"v":{"t":[0,0]}},{"k":[33,0,0,12,0],"v":{"t":[0,0]}},{"k":[34,0,0,11,0],"v":{"t":[0,0]}},{"k":[35,0,0,10,0],"v":{"t":[0,0]}},{"k":[36,0,0,9,0],"v":{"t":[0,0]}},{"k":[37,0,0,8,0],"v":{"t":[0,0]}},{"k":[38,0,0,7,0],"v":{"t":[0,0]}},{"k":[39,0,0,6,0],"v":{"t":[0,0]}},{"k":[40,0,0,5,0],"v":{"t":[0,0]}},{"k":[41,0,0,4,0],"v":{"t":[0,0]}},{"k":[42,0,0,3,0],"v":{"t":[0,0]}},{"k":[43,0,0,2,0],"v":{"t":[0,0]}},{"k":[44,0,0,1,0],"v":{"t":[0,0]}},{"k":[45,0,0,0,0],"v":{"t":[0,0]}},{"k":[33,0,0,15,0],"v":{"t":[0,0]}},{"k":[34,0,0,14,0],"v":{"t":[0,0]}},{"k":[35,0,0,13,0],"v":{"t":[0,0]}},{"k":[36,0,0,12,0],"v":{"t":[0,0]}},{"k":[37,0,0,11,0],"v":{"t":[0,0]}},{"k":[38,0,0,10,0],"v":{"t":[0,0]}},{"k":[39,0,0,9,0],"v":{"t":[0,0]}},{"k":[40,0,0,8,0],"v":{"t":[0,0]}},{"k":[41,0,0,7,0],"v":{"t":[0,0]}},{"k":[42,0,0,6,0],"v":{"t":[0,0]}},{"k":[43,0,0,5,0],"v":{"t":[0,0]}},{"k":[44,0,0,4,0],"v":{"t":[0,0]}},{"k":[45,0,0,3,0],"v":{"t":[0,0]}},{"k":[46,0,0,2,0],"v":{"t":[0,0]}},{"k":[47,0,0,1,0],"v":{"t":[0,0]}},{"k":[32,0,0,15,0],"v":{"t":[0,0]}},{"k":[33,0,0,14,0],"v":{"t":[0,0]}},{"k":[34,0,0,13,0],"v":{"t":[0,0]}},{"k":[35,0,0,12,0],"v":{"t":[0,0]}},{"k":[36,0,0,11,0],"v":{"t":[0,0]}},{"k":[37,0,0,10,0],"v":{"t":[0,0]}},{"k":[38,0,0,9,0],"v":{"t":[0,0]}},{"k":[39,0,0,8,0],"v":{"t":[0,0]}},{"k":[40,0,0,7,0],"v":{"t":[0,0]}},{"k":[41,0,0,6,0],"v":{"t":[0,0]}},{"k":[42,0,0,5,0],"v":{"t":[0,0]}},{"k":[43,0,0,4,0],"v":{"t":[0,0]}},{"k":[44,0,0,3,0],"v":{"t":[0,0]}},{"k":[45,0,0,2,0],"v":{"t":[0,0]}},{"k":[46,0,0,1,0],"v":{"t":[0,0]}},{"k":[47,0,0,0,0],"v":{"t":[0,0]}},{"k":[32,0,0,2,0],"v":{"t":[0,0]}},{"k":[33,0,0,1,0],"v":{"t":[0,0]}},{"k":[34,0,0,0,0],"v":{"t":[0,0]}},{"k":[32,0,0,1,0],"v":{"t":[0,0]}},{"k":[33,0,0,0,0],"v":{"t":[0,0]}},{"k":[32,0,0,4,0],"v":{"t":[0,0]}},{"k":[33,0,0,3,0],"v":{"t":[0,0]}},{"k":[34,0,0,2,0],"v":{"t":[0,0]}},{"k":[35,0,0,1,0],"v":{"t":[0,0]}},{"k":[36,0,0,0,0],"v":{"t":[0,0]}},{"k":[32,0,0,3,0],"v":{"t":[0,0]}},{"k":[33,0,0,2,0],"v":{"t":[0,0]}},{"k":[34,0,0,1,0],"v":{"t":[0,0]}},{"k":[35,0,0,0,0],"v":{"t":[0,0]}},{"k":[32,0,0,6,0],"v":{"t":[0,0]}},{"k":[33,0,0,5,0],"v":{"t":[0,0]}},{"k":[34,0,0,4,0],"v":{"t":[0,0]}},{"k":[35,0,0,3,0],"v":{"t":[0,0]}},{"k":[36,0,0,2,0],"v":{"t":[0,0]}},{"k":[37,0,0,1,0],"v":{"t":[0,0]}},{"k":[38,0,0,0,0],"v":{"t":[0,0]}},{"k":[32,0,0,5,0],"v":{"t":[0,0]}},{"k":[33,0,0,4,0],"v":{"t":[0,0]}},{"k":[34,0,0,3,0],"v":{"t":[0,0]}},{"k":[35,0,0,2,0],"v":{"t":[0,0]}},{"k":[36,0,0,1,0],"v":{"t":[0,0]}},{"k":[37,0,0,0,0],"v":{"t":[0,0]}},{"k":[32,0,0,8,0],"v":{"t":[0,0]}},{"k":[33,0,0,7,0],"v":{"t":[0,0]}},{"k":[34,0,0,6,0],"v":{"t":[0,0]}},{"k":[35,0,0,5,0],"v":{"t":[0,0]}},{"k":[36,0,0,4,0],"v":{"t":[0,0]}},{"k":[37,0,0,3,0],"v":{"t":[0,0]}},{"k":[38,0,0,2,0],"v":{"t":[0,0]}},{"k":[39,0,0,1,0],"v":{"t":[0,0]}},{"k":[40,0,0,0,0],"v":{"t":[0,0]}},{"k":[32,0,0,7,0],"v":{"t":[0,0]}},{"k":[33,0,0,6,0],"v":{"t":[0,0]}},{"k":[34,0,0,5,0],"v":{"t":[0,0]}},{"k":[35,0,0,4,0],"v":{"t":[0,0]}},{"k":[36,0,0,3,0],"v":{"t":[0,0]}},{"k":[37,0,0,2,0],"v":{"t":[0,0]}},{"k":[38,0,0,1,0],"v":{"t":[0,0]}},{"k":[39,0,0,0,0],"v":{"t":[0,0]}},{"k":[32,0,0,0,0],"v":{"t":[0,0]}}]},"moun":{"a":[],"o":[]},"objs":{"list":[]},"objs3d":{"a":[],"o":[]},"sprites":{"list":[],"overflow":[],"walls":[]}}