{"lands":{"autotiles":[],"floors":[{"k":[43,0,0,48,0],"v":{"t":[0,0]}},{"k":[42,0,0,49,0],"v":{"t":[0,0]}},{"k":[46,0,0,48,0],"v":{"t":[0,0]}},{"k":[45,0,0,49,0],"v":{"t":[0,0]}},{"k":[45,0,0,48,0],"v":{"t":[0,0]}},{"k":[44,0,0,49,0],"v":{"t":[0,0]}},{"k":[47,0,0,49,0],"v":{"t":[0,0]}},{"k":[47,0,0,48,0],"v":{"t":[0,0]}},{"k":[46,0,0,49,0],"v":{"t":[0,0]}},{"k":[34,0,0,48,0],"v":{"t":[0,0]}},{"k":[33,0,0,49,0],"v":{"t":[0,0]}},{"k":[33,0,0,48,0],"v":{"t":[0,0]}},{"k":[32,0,0,49,0],"v":{"t":[0,0]}},{"k":[36,0,0,48,0],"v":{"t":[0,0]}},{"k":[35,0,0,49,0],"v":{"t":[0,0]}},{"k":[35,0,0,48,0],"v":{"t":[0,0]}},{"k":[34,0,0,49,0],"v":{"t":[0,0]}},{"k":[38,0,0,48,0],"v":{"t":[0,0]}},{"k":[37,0,0,49,0],"v":{"t":[0,0]}},{"k":[37,0,0,48,0],"v":{"t":[0,0]}},{"k":[36,0,0,49,0],"v":{"t":[0,0]}},{"k":[40,0,0,48,0],"v":{"t":[0,0]}},{"k":[39,0,0,49,0],"v":{"t":[0,0]}},{"k":[39,0,0,48,0],"v":{"t":[0,0]}},{"k":[38,0,0,49,0],"v":{"t":[0,0]}},{"k":[32,0,0,48,0],"v":{"t":[0,0]}},{"k":[42,0,0,48,0],"v":{"t":[0,0]}},{"k":[41,0,0,49,0],"v":{"t":[0,0]}},{"k":[41,0,0,48,0],"v":{"t":[0,0]}},{"k":[40,0,0,49,0],"v":{"t":[0,0]}},{"k":[44,0,0,48,0],"v":{"t":[0,0]}},{"k":[43,0,0,49,0],"v":{"t":[0,0]}}]},"moun":{"a":[],"o":[]},"objs":{"list":[]},"objs3d":{"a":[],"o":[]},"sprites":{"list":[{"k":[46,0,0,48,0],"v":{"k":4,"t":[6,12,2,2]}},{"k":[34,0,0,48,0],"v":{"k":4,"t":[7,1,1,1]}},{"k":[32,0,0,49,0],"v":{"k":4,"t":[5,5,1,1]}},{"k":[39,0,0,48,0],"v":{"k":4,"t":[0,1,2,2]}},{"k":[41,0,0,49,0],"v":{"k":4,"t":[7,3,1,1]}}],"overflow":[],"walls":[]}}