{"lands":{"autotiles":[],"floors":[{"k":[32,0,0,16,0],"v":{"t":[0,0]}},{"k":[32,0,0,17,0],"v":{"t":[0,0]}},{"k":[33,0,0,16,0],"v":{"t":[0,0]}},{"k":[33,0,0,17,0],"v":{"t":[0,0]}},{"k":[34,0,0,16,0],"v":{"t":[0,0]}},{"k":[32,0,0,18,0],"v":{"t":[0,0]}},{"k":[34,0,0,17,0],"v":{"t":[0,0]}},{"k":[35,0,0,16,0],"v":{"t":[0,0]}},{"k":[33,0,0,18,0],"v":{"t":[0,0]}},{"k":[35,0,0,17,0],"v":{"t":[0,0]}},{"k":[36,0,0,16,0],"v":{"t":[0,0]}},{"k":[34,0,0,18,0],"v":{"t":[0,0]}},{"k":[36,0,0,17,0],"v":{"t":[0,0]}},{"k":[37,0,0,16,0],"v":{"t":[0,0]}},{"k":[35,0,0,18,0],"v":{"t":[0,0]}},{"k":[37,0,0,17,0],"v":{"t":[0,0]}},{"k":[38,0,0,16,0],"v":{"t":[0,0]}},{"k":[36,0,0,18,0],"v":{"t":[0,0]}},{"k":[38,0,0,17,0],"v":{"t":[0,0]}},{"k":[39,0,0,16,0],"v":{"t":[0,0]}},{"k":[37,0,0,18,0],"v":{"t":[0,0]}},{"k":[39,0,0,17,0],"v":{"t":[0,0]}},{"k":[40,0,0,16,0],"v":{"t":[0,0]}},{"k":[38,0,0,18,0],"v":{"t":[0,0]}},{"k":[46,0,0,27,0],"v":{"t":[0,0]}},{"k":[45,0,0,28,0],"v":{"t":[0,0]}},{"k":[44,0,0,29,0],"v":{"t":[0,0]}},{"k":[43,0,0,30,0],"v":{"t":[0,0]}},{"k":[42,0,0,31,0],"v":{"t":[0,0]}},{"k":[47,0,0,26,0],"v":{"t":[0,0]}},{"k":[47,0,0,27,0],"v":{"t":[0,0]}},{"k":[46,0,0,28,0],"v":{"t":[0,0]}},{"k":[45,0,0,29,0],"v":{"t":[0,0]}},{"k":[44,0,0,30,0],"v":{"t":[0,0]}},{"k":[43,0,0,31,0],"v":{"t":[0,0]}},{"k":[47,0,0,28,0],"v":{"t":[0,0]}},{"k":[46,0,0,29,0],"v":{"t":[0,0]}},{"k":[45,0,0,30,0],"v":{"t":[0,0]}},{"k":[44,0,0,31,0],"v":{"t":[0,0]}},{"k":[47,0,0,29,0],"v":{"t":[0,0]}},{"k":[46,0,0,30,0],"v":{"t":[0,0]}},{"k":[45,0,0,31,0],"v":{"t":[0,0]}},{"k":[47,0,0,30,0],"v":{"t":[0,0]}},{"k":[46,0,0,31,0],"v":{"t":[0,0]}},{"k":[47,0,0,31,0],"v":{"t":[0,0]}},{"k":[40,0,0,17,0],"v":{"t":[0,0]}},{"k":[41,0,0,16,0],"v":{"t":[0,0]}},{"k":[39,0,0,18,0],"v":{"t":[0,0]}},{"k":[41,0,0,17,0],"v":{"t":[0,0]}},{"k":[42,0,0,16,0],"v":{"t":[0,0]}},{"k":[40,0,0,18,0],"v":{"t":[0,0]}},{"k":[32,0,0,26,0],"v":{"t":[0,0]}},{"k":[32,0,0,27,0],"v":{"t":[0,0]}},{"k":[42,0,0,17,0],"v":{"t":[0,0]}},{"k":[43,0,0,16,0],"v":{"t":[0,0]}},{"k":[41,0,0,18,0],"v":{"t":[0,0]}},{"k":[33,0,0,26,0],"v":{"t":[0,0]}},{"k":[33,0,0,27,0],"v":{"t":[0,0]}},{"k":[32,0,0,28,0],"v":{"t":[0,0]}},{"k":[43,0,0,17,0],"v":{"t":[0,0]}},{"k":[44,0,0,16,0],"v":{"t":[0,0]}},{"k":[42,0,0,18,0],"v":{"t":[0,0]}},{"k":[34,0,0,26,0],"v":{"t":[0,0]}},{"k":[34,0,0,27,0],"v":{"t":[0,0]}},{"k":[33,0,0,28,0],"v":{"t":[0,0]}},{"k":[44,0,0,17,0],"v":{"t":[0,0]}},{"k":[45,0,0,16,0],"v":{"t":[0,0]}},{"k":[43,0,0,18,0],"v":{"t":[0,0]}},{"k":[35,0,0,26,0],"v":{"t":[0,0]}},{"k":[32,0,0,29,0],"v":{"t":[0,0]}},{"k":[35,0,0,27,0],"v":{"t":[0,0]}},{"k":[34,0,0,28,0],"v":{"t":[0,0]}},{"k":[45,0,0,17,0],"v":{"t":[0,0]}},{"k":[46,0,0,16,0],"v":{"t":[0,0]}},{"k":[44,0,0,18,0],"v":{"t":[0,0]}},{"k":[36,0,0,26,0],"v":{"t":[0,0]}},{"k":[33,0,0,29,0],"v":{"t":[0,0]}},{"k":[32,0,0,30,0],"v":{"t":[0,0]}},{"k":[36,0,0,27,0],"v":{"t":[0,0]}},{"k":[35,0,0,28,0],"v":{"t":[0,0]}},{"k":[46,0,0,17,0],"v":{"t":[0,0]}},{"k":[47,0,0,16,0],"v":{"t":[0,0]}},{"k":[45,0,0,18,0],"v":{"t":[0,0]}},{"k":[37,0,0,26,0],"v":{"t":[0,0]}},{"k":[34,0,0,29,0],"v":{"t":[0,0]}},{"k":[33,0,0,30,0],"v":{"t":[0,0]}},{"k":[32,0,0,31,0],"v":{"t":[0,0]}},{"k":[37,0,0,27,0],"v":{"t":[0,0]}},{"k":[36,0,0,28,0],"v":{"t":[0,0]}},{"k":[47,0,0,17,0],"v":{"t":[0,0]}},{"k":[46,0,0,18,0],"v":{"t":[0,0]}},{"k":[38,0,0,26,0],"v":{"t":[0,0]}},{"k":[35,0,0,29,0],"v":{"t":[0,0]}},{"k":[34,0,0,30,0],"v":{"t":[0,0]}},{"k":[33,0,0,31,0],"v":{"t":[0,0]}},{"k":[38,0,0,27,0],"v":{"t":[0,0]}},{"k":[37,0,0,28,0],"v":{"t":[0,0]}},{"k":[47,0,0,18,0],"v":{"t":[0,0]}},{"k":[39,0,0,26,0],"v":{"t":[0,0]}},{"k":[36,0,0,29,0],"v":{"t":[0,0]}},{"k":[35,0,0,30,0],"v":{"t":[0,0]}},{"k":[34,0,0,31,0],"v":{"t":[0,0]}},{"k":[39,0,0,27,0],"v":{"t":[0,0]}},{"k":[38,0,0,28,0],"v":{"t":[0,0]}},{"k":[40,0,0,26,0],"v":{"t":[0,0]}},{"k":[37,0,0,29,0],"v":{"t":[0,0]}},{"k":[36,0,0,30,0],"v":{"t":[0,0]}},{"k":[35,0,0,31,0],"v":{"t":[0,0]}},{"k":[40,0,0,27,0],"v":{"t":[0,0]}},{"k":[39,0,0,28,0],"v":{"t":[0,0]}},{"k":[41,0,0,26,0],"v":{"t":[0,0]}},{"k":[38,0,0,29,0],"v":{"t":[0,0]}},{"k":[37,0,0,30,0],"v":{"t":[0,0]}},{"k":[36,0,0,31,0],"v":{"t":[0,0]}},{"k":[41,0,0,27,0],"v":{"t":[0,0]}},{"k":[40,0,0,28,0],"v":{"t":[0,0]}},{"k":[42,0,0,26,0],"v":{"t":[0,0]}},{"k":[39,0,0,29,0],"v":{"t":[0,0]}},{"k":[38,0,0,30,0],"v":{"t":[0,0]}},{"k":[37,0,0,31,0],"v":{"t":[0,0]}},{"k":[42,0,0,27,0],"v":{"t":[0,0]}},{"k":[41,0,0,28,0],"v":{"t":[0,0]}},{"k":[43,0,0,26,0],"v":{"t":[0,0]}},{"k":[40,0,0,29,0],"v":{"t":[0,0]}},{"k":[39,0,0,30,0],"v":{"t":[0,0]}},{"k":[38,0,0,31,0],"v":{"t":[0,0]}},{"k":[43,0,0,27,0],"v":{"t":[0,0]}},{"k":[42,0,0,28,0],"v":{"t":[0,0]}},{"k":[41,0,0,29,0],"v":{"t":[0,0]}},{"k":[44,0,0,26,0],"v":{"t":[0,0]}},{"k":[40,0,0,30,0],"v":{"t":[0,0]}},{"k":[39,0,0,31,0],"v":{"t":[0,0]}},{"k":[44,0,0,27,0],"v":{"t":[0,0]}},{"k":[43,0,0,28,0],"v":{"t":[0,0]}},{"k":[42,0,0,29,0],"v":{"t":[0,0]}},{"k":[41,0,0,30,0],"v":{"t":[0,0]}},{"k":[45,0,0,26,0],"v":{"t":[0,0]}},{"k":[40,0,0,31,0],"v":{"t":[0,0]}},{"k":[45,0,0,27,0],"v":{"t":[0,0]}},{"k":[44,0,0,28,0],"v":{"t":[0,0]}},{"k":[43,0,0,29,0],"v":{"t":[0,0]}},{"k":[42,0,0,30,0],"v":{"t":[0,0]}},{"k":[41,0,0,31,0],"v":{"t":[0,0]}},{"k":[46,0,0,26,0],"v":{"t":[0,0]}}]},"moun":{"a":[],"o":[[40,-1,0,18,0],[32,-1,0,26,0],[41,-1,0,18,0],[33,-1,0,26,0],[42,-1,0,18,0],[34,-1,0,26,0],[43,-1,0,18,0],[35,-1,0,26,0],[44,-1,0,18,0],[36,-1,0,26,0],[45,-1,0,18,0],[37,-1,0,26,0],[46,-1,0,18,0],[38,-1,0,26,0],[47,-1,0,18,0],[39,-1,0,26,0],[40,-1,0,26,0],[41,-1,0,26,0],[42,-1,0,26,0],[43,-1,0,26,0],[44,-1,0,26,0],[45,-1,0,26,0],[46,-1,0,26,0],[47,-1,0,26,0],[32,-1,0,18,0],[33,-1,0,18,0],[34,-1,0,18,0],[35,-1,0,18,0],[36,-1,0,18,0],[37,-1,0,18,0],[38,-1,0,18,0],[39,-1,0,18,0]]},"objs":{"list":[]},"objs3d":{"a":[],"o":[]},"sprites":{"list":[{"k":[39,0,0,30,0],"v":{"k":4,"t":[0,1,2,2]}},{"k":[39,0,0,30,1],"v":{"k":4,"t":[0,8,2,3],"yOff":1}},{"k":[41,0,0,29,0],"v":{"k":4,"t":[0,8,2,3]}},{"k":[40,0,0,31,0],"v":{"k":4,"t":[0,1,2,2]}},{"k":[43,0,0,28,0],"v":{"k":4,"t":[0,8,2,3]}},{"k":[45,0,0,27,0],"v":{"k":4,"t":[0,8,2,3]}},{"k":[46,0,0,26,0],"v":{"k":4,"t":[4,1,1,1]}},{"k":[47,0,0,26,0],"v":{"k":4,"t":[7,1,1,1]}},{"k":[43,0,0,31,0],"v":{"k":4,"t":[0,1,2,2]}},{"k":[44,0,0,31,0],"v":{"k":4,"t":[0,1,2,2]}},{"k":[46,0,0,29,0],"v":{"f":false,"k":4,"t":[0,8,2,3]}},{"k":[32,0,0,26,0],"v":{"k":4,"t":[7,1,1,1]}},{"k":[33,0,0,26,0],"v":{"k":4,"t":[0,8,2,3]}},{"k":[33,0,0,28,0],"v":{"k":4,"t":[0,8,2,3]}},{"k":[36,0,0,26,0],"v":{"k":4,"t":[7,1,1,1]}},{"k":[37,0,0,27,0],"v":{"k":4,"t":[0,8,2,3]}},{"k":[35,0,0,30,0],"v":{"k":4,"t":[0,8,2,3]}},{"k":[35,0,0,30,1],"v":{"k":4,"t":[0,8,2,3],"yOff":2}},{"k":[39,0,0,27,0],"v":{"f":false,"k":4,"t":[6,1,1,1]}},{"k":[36,0,0,31,0],"v":{"k":4,"t":[5,5,1,1]}},{"k":[41,0,0,27,0],"v":{"k":4,"t":[0,8,2,3]}}],"overflow":[],"walls":[]}}