{"lands":{"autotiles":[],"floors":[{"k":[41,0,0,32,0],"v":{"t":[0,0]}},{"k":[33,0,0,40,0],"v":{"t":[0,0]}},{"k":[32,0,0,41,0],"v":{"t":[0,0]}},{"k":[40,0,0,33,0],"v":{"t":[0,0]}},{"k":[39,0,0,34,0],"v":{"t":[0,0]}},{"k":[38,0,0,35,0],"v":{"t":[0,0]}},{"k":[37,0,0,36,0],"v":{"t":[0,0]}},{"k":[36,0,0,37,0],"v":{"t":[0,0]}},{"k":[35,0,0,38,0],"v":{"t":[0,0]}},{"k":[34,0,0,39,0],"v":{"t":[0,0]}},{"k":[42,0,0,32,0],"v":{"t":[0,0]}},{"k":[41,0,0,33,0],"v":{"t":[0,0]}},{"k":[34,0,0,40,0],"v":{"t":[0,0]}},{"k":[33,0,0,41,0],"v":{"t":[0,0]}},{"k":[32,0,0,42,0],"v":{"t":[0,0]}},{"k":[40,0,0,34,0],"v":{"t":[0,0]}},{"k":[39,0,0,35,0],"v":{"t":[0,0]}},{"k":[38,0,0,36,0],"v":{"t":[0,0]}},{"k":[37,0,0,37,0],"v":{"t":[0,0]}},{"k":[36,0,0,38,0],"v":{"t":[0,0]}},{"k":[35,0,0,39,0],"v":{"t":[0,0]}},{"k":[43,0,0,32,0],"v":{"t":[0,0]}},{"k":[42,0,0,33,0],"v":{"t":[0,0]}},{"k":[41,0,0,34,0],"v":{"t":[0,0]}},{"k":[35,0,0,40,0],"v":{"t":[0,0]}},{"k":[34,0,0,41,0],"v":{"t":[0,0]}},{"k":[33,0,0,42,0],"v":{"t":[0,0]}},{"k":[32,0,0,43,0],"v":{"t":[0,0]}},{"k":[40,0,0,35,0],"v":{"t":[0,0]}},{"k":[39,0,0,36,0],"v":{"t":[0,0]}},{"k":[38,0,0,37,0],"v":{"t":[0,0]}},{"k":[37,0,0,38,0],"v":{"t":[0,0]}},{"k":[36,0,0,39,0],"v":{"t":[0,0]}},{"k":[44,0,0,32,0],"v":{"t":[0,0]}},{"k":[43,0,0,33,0],"v":{"t":[0,0]}},{"k":[42,0,0,34,0],"v":{"t":[0,0]}},{"k":[41,0,0,35,0],"v":{"t":[0,0]}},{"k":[36,0,0,40,0],"v":{"t":[0,0]}},{"k":[35,0,0,41,0],"v":{"t":[0,0]}},{"k":[34,0,0,42,0],"v":{"t":[0,0]}},{"k":[33,0,0,43,0],"v":{"t":[0,0]}},{"k":[32,0,0,44,0],"v":{"t":[0,0]}},{"k":[40,0,0,36,0],"v":{"t":[0,0]}},{"k":[39,0,0,37,0],"v":{"t":[0,0]}},{"k":[38,0,0,38,0],"v":{"t":[0,0]}},{"k":[37,0,0,39,0],"v":{"t":[0,0]}},{"k":[45,0,0,32,0],"v":{"t":[0,0]}},{"k":[44,0,0,33,0],"v":{"t":[0,0]}},{"k":[43,0,0,34,0],"v":{"t":[0,0]}},{"k":[42,0,0,35,0],"v":{"t":[0,0]}},{"k":[41,0,0,36,0],"v":{"t":[0,0]}},{"k":[37,0,0,40,0],"v":{"t":[0,0]}},{"k":[36,0,0,41,0],"v":{"t":[0,0]}},{"k":[35,0,0,42,0],"v":{"t":[0,0]}},{"k":[34,0,0,43,0],"v":{"t":[0,0]}},{"k":[33,0,0,44,0],"v":{"t":[0,0]}},{"k":[32,0,0,45,0],"v":{"t":[0,0]}},{"k":[40,0,0,37,0],"v":{"t":[0,0]}},{"k":[39,0,0,38,0],"v":{"t":[0,0]}},{"k":[38,0,0,39,0],"v":{"t":[0,0]}},{"k":[46,0,0,32,0],"v":{"t":[0,0]}},{"k":[45,0,0,33,0],"v":{"t":[0,0]}},{"k":[44,0,0,34,0],"v":{"t":[0,0]}},{"k":[43,0,0,35,0],"v":{"t":[0,0]}},{"k":[42,0,0,36,0],"v":{"t":[0,0]}},{"k":[41,0,0,37,0],"v":{"t":[0,0]}},{"k":[38,0,0,40,0],"v":{"t":[0,0]}},{"k":[37,0,0,41,0],"v":{"t":[0,0]}},{"k":[36,0,0,42,0],"v":{"t":[0,0]}},{"k":[35,0,0,43,0],"v":{"t":[0,0]}},{"k":[34,0,0,44,0],"v":{"t":[0,0]}},{"k":[33,0,0,45,0],"v":{"t":[0,0]}},{"k":[32,0,0,46,0],"v":{"t":[0,0]}},{"k":[40,0,0,38,0],"v":{"t":[0,0]}},{"k":[39,0,0,39,0],"v":{"t":[0,0]}},{"k":[47,0,0,32,0],"v":{"t":[0,0]}},{"k":[46,0,0,33,0],"v":{"t":[0,0]}},{"k":[45,0,0,34,0],"v":{"t":[0,0]}},{"k":[44,0,0,35,0],"v":{"t":[0,0]}},{"k":[43,0,0,36,0],"v":{"t":[0,0]}},{"k":[42,0,0,37,0],"v":{"t":[0,0]}},{"k":[41,0,0,38,0],"v":{"t":[0,0]}},{"k":[39,0,0,40,0],"v":{"t":[0,0]}},{"k":[38,0,0,41,0],"v":{"t":[0,0]}},{"k":[37,0,0,42,0],"v":{"t":[0,0]}},{"k":[36,0,0,43,0],"v":{"t":[0,0]}},{"k":[35,0,0,44,0],"v":{"t":[0,0]}},{"k":[34,0,0,45,0],"v":{"t":[0,0]}},{"k":[33,0,0,46,0],"v":{"t":[0,0]}},{"k":[32,0,0,47,0],"v":{"t":[0,0]}},{"k":[40,0,0,39,0],"v":{"t":[0,0]}},{"k":[47,0,0,33,0],"v":{"t":[0,0]}},{"k":[46,0,0,34,0],"v":{"t":[0,0]}},{"k":[45,0,0,35,0],"v":{"t":[0,0]}},{"k":[44,0,0,36,0],"v":{"t":[0,0]}},{"k":[43,0,0,37,0],"v":{"t":[0,0]}},{"k":[42,0,0,38,0],"v":{"t":[0,0]}},{"k":[41,0,0,39,0],"v":{"t":[0,0]}},{"k":[40,0,0,40,0],"v":{"t":[0,0]}},{"k":[39,0,0,41,0],"v":{"t":[0,0]}},{"k":[38,0,0,42,0],"v":{"t":[0,0]}},{"k":[37,0,0,43,0],"v":{"t":[0,0]}},{"k":[36,0,0,44,0],"v":{"t":[0,0]}},{"k":[35,0,0,45,0],"v":{"t":[0,0]}},{"k":[34,0,0,46,0],"v":{"t":[0,0]}},{"k":[33,0,0,47,0],"v":{"t":[0,0]}},{"k":[47,0,0,34,0],"v":{"t":[0,0]}},{"k":[46,0,0,35,0],"v":{"t":[0,0]}},{"k":[45,0,0,36,0],"v":{"t":[0,0]}},{"k":[44,0,0,37,0],"v":{"t":[0,0]}},{"k":[43,0,0,38,0],"v":{"t":[0,0]}},{"k":[42,0,0,39,0],"v":{"t":[0,0]}},{"k":[41,0,0,40,0],"v":{"t":[0,0]}},{"k":[40,0,0,41,0],"v":{"t":[0,0]}},{"k":[39,0,0,42,0],"v":{"t":[0,0]}},{"k":[38,0,0,43,0],"v":{"t":[0,0]}},{"k":[37,0,0,44,0],"v":{"t":[0,0]}},{"k":[36,0,0,45,0],"v":{"t":[0,0]}},{"k":[35,0,0,46,0],"v":{"t":[0,0]}},{"k":[34,0,0,47,0],"v":{"t":[0,0]}},{"k":[47,0,0,35,0],"v":{"t":[0,0]}},{"k":[46,0,0,36,0],"v":{"t":[0,0]}},{"k":[45,0,0,37,0],"v":{"t":[0,0]}},{"k":[44,0,0,38,0],"v":{"t":[0,0]}},{"k":[43,0,0,39,0],"v":{"t":[0,0]}},{"k":[42,0,0,40,0],"v":{"t":[0,0]}},{"k":[41,0,0,41,0],"v":{"t":[0,0]}},{"k":[40,0,0,42,0],"v":{"t":[0,0]}},{"k":[39,0,0,43,0],"v":{"t":[0,0]}},{"k":[38,0,0,44,0],"v":{"t":[0,0]}},{"k":[37,0,0,45,0],"v":{"t":[0,0]}},{"k":[36,0,0,46,0],"v":{"t":[0,0]}},{"k":[35,0,0,47,0],"v":{"t":[0,0]}},{"k":[47,0,0,36,0],"v":{"t":[0,0]}},{"k":[46,0,0,37,0],"v":{"t":[0,0]}},{"k":[45,0,0,38,0],"v":{"t":[0,0]}},{"k":[44,0,0,39,0],"v":{"t":[0,0]}},{"k":[43,0,0,40,0],"v":{"t":[0,0]}},{"k":[42,0,0,41,0],"v":{"t":[0,0]}},{"k":[41,0,0,42,0],"v":{"t":[0,0]}},{"k":[40,0,0,43,0],"v":{"t":[0,0]}},{"k":[39,0,0,44,0],"v":{"t":[0,0]}},{"k":[38,0,0,45,0],"v":{"t":[0,0]}},{"k":[37,0,0,46,0],"v":{"t":[0,0]}},{"k":[36,0,0,47,0],"v":{"t":[0,0]}},{"k":[47,0,0,37,0],"v":{"t":[0,0]}},{"k":[46,0,0,38,0],"v":{"t":[0,0]}},{"k":[45,0,0,39,0],"v":{"t":[0,0]}},{"k":[44,0,0,40,0],"v":{"t":[0,0]}},{"k":[43,0,0,41,0],"v":{"t":[0,0]}},{"k":[42,0,0,42,0],"v":{"t":[0,0]}},{"k":[41,0,0,43,0],"v":{"t":[0,0]}},{"k":[40,0,0,44,0],"v":{"t":[0,0]}},{"k":[39,0,0,45,0],"v":{"t":[0,0]}},{"k":[38,0,0,46,0],"v":{"t":[0,0]}},{"k":[37,0,0,47,0],"v":{"t":[0,0]}},{"k":[47,0,0,38,0],"v":{"t":[0,0]}},{"k":[46,0,0,39,0],"v":{"t":[0,0]}},{"k":[45,0,0,40,0],"v":{"t":[0,0]}},{"k":[44,0,0,41,0],"v":{"t":[0,0]}},{"k":[43,0,0,42,0],"v":{"t":[0,0]}},{"k":[42,0,0,43,0],"v":{"t":[0,0]}},{"k":[41,0,0,44,0],"v":{"t":[0,0]}},{"k":[40,0,0,45,0],"v":{"t":[0,0]}},{"k":[39,0,0,46,0],"v":{"t":[0,0]}},{"k":[38,0,0,47,0],"v":{"t":[0,0]}},{"k":[47,0,0,39,0],"v":{"t":[0,0]}},{"k":[46,0,0,40,0],"v":{"t":[0,0]}},{"k":[45,0,0,41,0],"v":{"t":[0,0]}},{"k":[44,0,0,42,0],"v":{"t":[0,0]}},{"k":[43,0,0,43,0],"v":{"t":[0,0]}},{"k":[42,0,0,44,0],"v":{"t":[0,0]}},{"k":[41,0,0,45,0],"v":{"t":[0,0]}},{"k":[40,0,0,46,0],"v":{"t":[0,0]}},{"k":[39,0,0,47,0],"v":{"t":[0,0]}},{"k":[47,0,0,40,0],"v":{"t":[0,0]}},{"k":[46,0,0,41,0],"v":{"t":[0,0]}},{"k":[45,0,0,42,0],"v":{"t":[0,0]}},{"k":[44,0,0,43,0],"v":{"t":[0,0]}},{"k":[43,0,0,44,0],"v":{"t":[0,0]}},{"k":[42,0,0,45,0],"v":{"t":[0,0]}},{"k":[41,0,0,46,0],"v":{"t":[0,0]}},{"k":[40,0,0,47,0],"v":{"t":[0,0]}},{"k":[47,0,0,41,0],"v":{"t":[0,0]}},{"k":[46,0,0,42,0],"v":{"t":[0,0]}},{"k":[45,0,0,43,0],"v":{"t":[0,0]}},{"k":[44,0,0,44,0],"v":{"t":[0,0]}},{"k":[43,0,0,45,0],"v":{"t":[0,0]}},{"k":[42,0,0,46,0],"v":{"t":[0,0]}},{"k":[41,0,0,47,0],"v":{"t":[0,0]}},{"k":[32,0,0,32,0],"v":{"t":[0,0]}},{"k":[33,0,0,32,0],"v":{"t":[0,0]}},{"k":[32,0,0,33,0],"v":{"t":[0,0]}},{"k":[34,0,0,32,0],"v":{"t":[0,0]}},{"k":[33,0,0,33,0],"v":{"t":[0,0]}},{"k":[32,0,0,34,0],"v":{"t":[0,0]}},{"k":[35,0,0,32,0],"v":{"t":[0,0]}},{"k":[34,0,0,33,0],"v":{"t":[0,0]}},{"k":[33,0,0,34,0],"v":{"t":[0,0]}},{"k":[32,0,0,35,0],"v":{"t":[0,0]}},{"k":[36,0,0,32,0],"v":{"t":[0,0]}},{"k":[35,0,0,33,0],"v":{"t":[0,0]}},{"k":[34,0,0,34,0],"v":{"t":[0,0]}},{"k":[33,0,0,35,0],"v":{"t":[0,0]}},{"k":[32,0,0,36,0],"v":{"t":[0,0]}},{"k":[37,0,0,32,0],"v":{"t":[0,0]}},{"k":[36,0,0,33,0],"v":{"t":[0,0]}},{"k":[35,0,0,34,0],"v":{"t":[0,0]}},{"k":[34,0,0,35,0],"v":{"t":[0,0]}},{"k":[33,0,0,36,0],"v":{"t":[0,0]}},{"k":[32,0,0,37,0],"v":{"t":[0,0]}},{"k":[38,0,0,32,0],"v":{"t":[0,0]}},{"k":[37,0,0,33,0],"v":{"t":[0,0]}},{"k":[36,0,0,34,0],"v":{"t":[0,0]}},{"k":[35,0,0,35,0],"v":{"t":[0,0]}},{"k":[34,0,0,36,0],"v":{"t":[0,0]}},{"k":[33,0,0,37,0],"v":{"t":[0,0]}},{"k":[32,0,0,38,0],"v":{"t":[0,0]}},{"k":[39,0,0,32,0],"v":{"t":[0,0]}},{"k":[38,0,0,33,0],"v":{"t":[0,0]}},{"k":[37,0,0,34,0],"v":{"t":[0,0]}},{"k":[36,0,0,35,0],"v":{"t":[0,0]}},{"k":[35,0,0,36,0],"v":{"t":[0,0]}},{"k":[34,0,0,37,0],"v":{"t":[0,0]}},{"k":[33,0,0,38,0],"v":{"t":[0,0]}},{"k":[32,0,0,39,0],"v":{"t":[0,0]}},{"k":[32,0,0,40,0],"v":{"t":[0,0]}},{"k":[40,0,0,32,0],"v":{"t":[0,0]}},{"k":[39,0,0,33,0],"v":{"t":[0,0]}},{"k":[38,0,0,34,0],"v":{"t":[0,0]}},{"k":[37,0,0,35,0],"v":{"t":[0,0]}},{"k":[36,0,0,36,0],"v":{"t":[0,0]}},{"k":[35,0,0,37,0],"v":{"t":[0,0]}},{"k":[34,0,0,38,0],"v":{"t":[0,0]}},{"k":[33,0,0,39,0],"v":{"t":[0,0]}},{"k":[47,0,0,42,0],"v":{"t":[0,0]}},{"k":[46,0,0,43,0],"v":{"t":[0,0]}},{"k":[45,0,0,44,0],"v":{"t":[0,0]}},{"k":[44,0,0,45,0],"v":{"t":[0,0]}},{"k":[43,0,0,46,0],"v":{"t":[0,0]}},{"k":[42,0,0,47,0],"v":{"t":[0,0]}},{"k":[47,0,0,43,0],"v":{"t":[0,0]}},{"k":[46,0,0,44,0],"v":{"t":[0,0]}},{"k":[45,0,0,45,0],"v":{"t":[0,0]}},{"k":[44,0,0,46,0],"v":{"t":[0,0]}},{"k":[43,0,0,47,0],"v":{"t":[0,0]}},{"k":[47,0,0,44,0],"v":{"t":[0,0]}},{"k":[46,0,0,45,0],"v":{"t":[0,0]}},{"k":[45,0,0,46,0],"v":{"t":[0,0]}},{"k":[44,0,0,47,0],"v":{"t":[0,0]}},{"k":[47,0,0,45,0],"v":{"t":[0,0]}},{"k":[46,0,0,46,0],"v":{"t":[0,0]}},{"k":[45,0,0,47,0],"v":{"t":[0,0]}},{"k":[47,0,0,46,0],"v":{"t":[0,0]}},{"k":[46,0,0,47,0],"v":{"t":[0,0]}},{"k":[47,0,0,47,0],"v":{"t":[0,0]}}]},"moun":{"a":[],"o":[]},"objs":{"list":[]},"objs3d":{"a":[],"o":[]},"sprites":{"list":[{"k":[36,0,0,33,0],"v":{"k":4,"t":[0,1,2,2]}},{"k":[34,0,0,37,0],"v":{"k":4,"t":[0,1,2,2]}},{"k":[37,0,0,35,0],"v":{"k":4,"t":[0,1,2,2]}},{"k":[38,0,0,34,0],"v":{"k":4,"t":[7,1,1,1]}},{"k":[34,0,0,38,0],"v":{"k":4,"t":[2,3,1,1]}},{"k":[40,0,0,33,0],"v":{"k":4,"t":[4,1,1,1]}},{"k":[35,0,0,39,0],"v":{"k":4,"t":[0,1,2,2]}},{"k":[37,0,0,37,0],"v":{"k":4,"t":[5,5,1,1]}},{"k":[34,0,0,42,0],"v":{"k":4,"t":[0,1,2,2]}},{"k":[44,0,0,33,0],"v":{"k":4,"t":[0,1,2,2]}},{"k":[41,0,0,36,0],"v":{"k":4,"t":[6,12,2,2]}},{"k":[38,0,0,39,0],"v":{"k":4,"t":[6,12,2,2]}},{"k":[37,0,0,40,0],"v":{"k":4,"t":[7,1,1,1]}},{"k":[46,0,0,32,0],"v":{"k":4,"t":[7,1,1,1]}},{"k":[34,0,0,46,0],"v":{"k":4,"t":[0,1,2,2]}},{"k":[41,0,0,39,0],"v":{"k":4,"t":[0,1,2,2]}},{"k":[44,0,0,36,0],"v":{"k":4,"t":[0,1,2,2]}},{"k":[36,0,0,44,0],"v":{"k":4,"t":[0,1,2,2]}},{"k":[43,0,0,37,0],"v":{"k":4,"t":[5,5,1,1]}},{"k":[39,0,0,42,0],"v":{"k":4,"t":[0,1,2,2]}},{"k":[36,0,0,46,0],"v":{"k":4,"t":[7,3,1,1]}},{"k":[47,0,0,36,0],"v":{"k":4,"t":[0,1,2,2]}},{"k":[41,0,0,42,0],"v":{"k":4,"t":[0,1,2,2]}},{"k":[38,0,0,45,0],"v":{"k":4,"t":[6,12,2,2]}},{"k":[44,0,0,40,0],"v":{"k":4,"t":[0,1,2,2]}},{"k":[43,0,0,41,0],"v":{"k":4,"t":[4,1,1,1]}},{"k":[45,0,0,40,0],"v":{"k":4,"t":[0,1,2,2]}},{"k":[45,0,0,45,0],"v":{"k":4,"t":[0,1,2,2]}},{"k":[47,0,0,43,0],"v":{"k":4,"t":[0,1,2,2]}},{"k":[43,0,0,47,0],"v":{"k":4,"t":[0,1,2,2]}},{"k":[47,0,0,39,0],"v":{"k":4,"t":[0,1,2,2]}},{"k":[42,0,0,44,0],"v":{"k":4,"t":[0,1,2,2]}},{"k":[41,0,0,46,0],"v":{"k":4,"t":[0,1,2,2]}},{"k":[44,0,0,43,0],"v":{"k":4,"t":[0,1,2,2]}},{"k":[47,0,0,45,0],"v":{"k":4,"t":[4,1,1,1]}},{"k":[32,0,0,33,0],"v":{"k":4,"t":[4,1,1,1]}},{"k":[34,0,0,34,0],"v":{"k":4,"t":[7,3,1,1]}}],"overflow":[[46,0,0,48,0],[39,0,0,48,0]],"walls":[]}}