{"lands":{"autotiles":[{"k":[58,-1,56.25,25,0],"v":{"id":2,"t":[0,1],"tid":324}},{"k":[59,-1,56.25,24,0],"v":{"id":2,"t":[0,1],"tid":318}},{"k":[60,-1,56.25,23,0],"v":{"id":2,"t":[0,1],"tid":318}},{"k":[61,-1,56.25,22,0],"v":{"id":2,"t":[0,1],"tid":318}},{"k":[62,-1,56.25,21,0],"v":{"id":2,"t":[0,1],"tid":318}},{"k":[63,-1,56.25,20,0],"v":{"id":2,"t":[0,1],"tid":318}},{"k":[57,-1,56.25,25,0],"v":{"id":2,"t":[0,1],"tid":324}},{"k":[58,-1,56.25,24,0],"v":{"id":2,"t":[0,1],"tid":318}},{"k":[59,-1,56.25,23,0],"v":{"id":2,"t":[0,1],"tid":318}},{"k":[60,-1,56.25,22,0],"v":{"id":2,"t":[0,1],"tid":318}},{"k":[61,-1,56.25,21,0],"v":{"id":2,"t":[0,1],"tid":318}},{"k":[62,-1,56.25,20,0],"v":{"id":2,"t":[0,1],"tid":318}},{"k":[63,-1,56.25,19,0],"v":{"id":2,"t":[0,1],"tid":471}},{"k":[60,-1,56.25,25,0],"v":{"id":2,"t":[0,1],"tid":324}},{"k":[61,-1,56.25,24,0],"v":{"id":2,"t":[0,1],"tid":318}},{"k":[62,-1,56.25,23,0],"v":{"id":2,"t":[0,1],"tid":318}},{"k":[63,-1,56.25,22,0],"v":{"id":2,"t":[0,1],"tid":318}},{"k":[59,-1,56.25,25,0],"v":{"id":2,"t":[0,1],"tid":324}},{"k":[60,-1,56.25,24,0],"v":{"id":2,"t":[0,1],"tid":318}},{"k":[61,-1,56.25,23,0],"v":{"id":2,"t":[0,1],"tid":318}},{"k":[62,-1,56.25,22,0],"v":{"id":2,"t":[0,1],"tid":318}},{"k":[63,-1,56.25,21,0],"v":{"id":2,"t":[0,1],"tid":318}},{"k":[62,-1,56.25,25,0],"v":{"id":2,"t":[0,1],"tid":324}},{"k":[63,-1,56.25,24,0],"v":{"id":2,"t":[0,1],"tid":318}},{"k":[61,-1,56.25,25,0],"v":{"id":2,"t":[0,1],"tid":324}},{"k":[62,-1,56.25,24,0],"v":{"id":2,"t":[0,1],"tid":318}},{"k":[63,-1,56.25,23,0],"v":{"id":2,"t":[0,1],"tid":318}},{"k":[63,-1,56.25,25,0],"v":{"id":2,"t":[0,1],"tid":324}},{"k":[50,-1,56.25,25,0],"v":{"id":2,"t":[0,1],"tid":324}},{"k":[51,-1,56.25,24,0],"v":{"id":2,"t":[0,1],"tid":318}},{"k":[52,-1,56.25,23,0],"v":{"id":2,"t":[0,1],"tid":318}},{"k":[53,-1,56.25,22,0],"v":{"id":2,"t":[0,1],"tid":318}},{"k":[54,-1,56.25,21,0],"v":{"id":2,"t":[0,1],"tid":318}},{"k":[55,-1,56.25,20,0],"v":{"id":2,"t":[0,1],"tid":318}},{"k":[56,-1,56.25,19,0],"v":{"id":2,"t":[0,1],"tid":471}},{"k":[49,-1,56.25,25,0],"v":{"id":2,"t":[0,1],"tid":324}},{"k":[50,-1,56.25,24,0],"v":{"id":2,"t":[0,1],"tid":318}},{"k":[51,-1,56.25,23,0],"v":{"id":2,"t":[0,1],"tid":318}},{"k":[52,-1,56.25,22,0],"v":{"id":2,"t":[0,1],"tid":318}},{"k":[53,-1,56.25,21,0],"v":{"id":2,"t":[0,1],"tid":318}},{"k":[54,-1,56.25,20,0],"v":{"id":2,"t":[0,1],"tid":318}},{"k":[55,-1,56.25,19,0],"v":{"id":2,"t":[0,1],"tid":471}},{"k":[52,-1,56.25,25,0],"v":{"id":2,"t":[0,1],"tid":324}},{"k":[53,-1,56.25,24,0],"v":{"id":2,"t":[0,1],"tid":318}},{"k":[54,-1,56.25,23,0],"v":{"id":2,"t":[0,1],"tid":318}},{"k":[55,-1,56.25,22,0],"v":{"id":2,"t":[0,1],"tid":318}},{"k":[56,-1,56.25,21,0],"v":{"id":2,"t":[0,1],"tid":318}},{"k":[57,-1,56.25,20,0],"v":{"id":2,"t":[0,1],"tid":318}},{"k":[58,-1,56.25,19,0],"v":{"id":2,"t":[0,1],"tid":471}},{"k":[51,-1,56.25,25,0],"v":{"id":2,"t":[0,1],"tid":324}},{"k":[52,-1,56.25,24,0],"v":{"id":2,"t":[0,1],"tid":318}},{"k":[53,-1,56.25,23,0],"v":{"id":2,"t":[0,1],"tid":318}},{"k":[54,-1,56.25,22,0],"v":{"id":2,"t":[0,1],"tid":318}},{"k":[55,-1,56.25,21,0],"v":{"id":2,"t":[0,1],"tid":318}},{"k":[56,-1,56.25,20,0],"v":{"id":2,"t":[0,1],"tid":318}},{"k":[57,-1,56.25,19,0],"v":{"id":2,"t":[0,1],"tid":471}},{"k":[54,-1,56.25,25,0],"v":{"id":2,"t":[0,1],"tid":324}},{"k":[55,-1,56.25,24,0],"v":{"id":2,"t":[0,1],"tid":318}},{"k":[56,-1,56.25,23,0],"v":{"id":2,"t":[0,1],"tid":318}},{"k":[57,-1,56.25,22,0],"v":{"id":2,"t":[0,1],"tid":318}},{"k":[58,-1,56.25,21,0],"v":{"id":2,"t":[0,1],"tid":318}},{"k":[59,-1,56.25,20,0],"v":{"id":2,"t":[0,1],"tid":318}},{"k":[60,-1,56.25,19,0],"v":{"id":2,"t":[0,1],"tid":471}},{"k":[53,-1,56.25,25,0],"v":{"id":2,"t":[0,1],"tid":324}},{"k":[54,-1,56.25,24,0],"v":{"id":2,"t":[0,1],"tid":318}},{"k":[55,-1,56.25,23,0],"v":{"id":2,"t":[0,1],"tid":318}},{"k":[56,-1,56.25,22,0],"v":{"id":2,"t":[0,1],"tid":318}},{"k":[57,-1,56.25,21,0],"v":{"id":2,"t":[0,1],"tid":318}},{"k":[58,-1,56.25,20,0],"v":{"id":2,"t":[0,1],"tid":318}},{"k":[59,-1,56.25,19,0],"v":{"id":2,"t":[0,1],"tid":471}},{"k":[56,-1,56.25,25,0],"v":{"id":2,"t":[0,1],"tid":324}},{"k":[57,-1,56.25,24,0],"v":{"id":2,"t":[0,1],"tid":318}},{"k":[58,-1,56.25,23,0],"v":{"id":2,"t":[0,1],"tid":318}},{"k":[59,-1,56.25,22,0],"v":{"id":2,"t":[0,1],"tid":318}},{"k":[60,-1,56.25,21,0],"v":{"id":2,"t":[0,1],"tid":318}},{"k":[61,-1,56.25,20,0],"v":{"id":2,"t":[0,1],"tid":318}},{"k":[62,-1,56.25,19,0],"v":{"id":2,"t":[0,1],"tid":471}},{"k":[55,-1,56.25,25,0],"v":{"id":2,"t":[0,1],"tid":324}},{"k":[56,-1,56.25,24,0],"v":{"id":2,"t":[0,1],"tid":318}},{"k":[57,-1,56.25,23,0],"v":{"id":2,"t":[0,1],"tid":318}},{"k":[58,-1,56.25,22,0],"v":{"id":2,"t":[0,1],"tid":318}},{"k":[59,-1,56.25,21,0],"v":{"id":2,"t":[0,1],"tid":318}},{"k":[60,-1,56.25,20,0],"v":{"id":2,"t":[0,1],"tid":318}},{"k":[61,-1,56.25,19,0],"v":{"id":2,"t":[0,1],"tid":471}},{"k":[48,-1,56.25,19,0],"v":{"id":2,"t":[0,1],"tid":471}},{"k":[48,-1,56.25,21,0],"v":{"id":2,"t":[0,1],"tid":318}},{"k":[49,-1,56.25,20,0],"v":{"id":2,"t":[0,1],"tid":318}},{"k":[50,-1,56.25,19,0],"v":{"id":2,"t":[0,1],"tid":471}},{"k":[48,-1,56.25,20,0],"v":{"id":2,"t":[0,1],"tid":318}},{"k":[49,-1,56.25,19,0],"v":{"id":2,"t":[0,1],"tid":471}},{"k":[48,-1,56.25,23,0],"v":{"id":2,"t":[0,1],"tid":318}},{"k":[49,-1,56.25,22,0],"v":{"id":2,"t":[0,1],"tid":318}},{"k":[50,-1,56.25,21,0],"v":{"id":2,"t":[0,1],"tid":318}},{"k":[51,-1,56.25,20,0],"v":{"id":2,"t":[0,1],"tid":318}},{"k":[52,-1,56.25,19,0],"v":{"id":2,"t":[0,1],"tid":471}},{"k":[48,-1,56.25,22,0],"v":{"id":2,"t":[0,1],"tid":318}},{"k":[49,-1,56.25,21,0],"v":{"id":2,"t":[0,1],"tid":318}},{"k":[50,-1,56.25,20,0],"v":{"id":2,"t":[0,1],"tid":318}},{"k":[51,-1,56.25,19,0],"v":{"id":2,"t":[0,1],"tid":471}},{"k":[48,-1,56.25,25,0],"v":{"id":2,"t":[0,1],"tid":324}},{"k":[49,-1,56.25,24,0],"v":{"id":2,"t":[0,1],"tid":318}},{"k":[50,-1,56.25,23,0],"v":{"id":2,"t":[0,1],"tid":318}},{"k":[51,-1,56.25,22,0],"v":{"id":2,"t":[0,1],"tid":318}},{"k":[52,-1,56.25,21,0],"v":{"id":2,"t":[0,1],"tid":318}},{"k":[53,-1,56.25,20,0],"v":{"id":2,"t":[0,1],"tid":318}},{"k":[54,-1,56.25,19,0],"v":{"id":2,"t":[0,1],"tid":471}},{"k":[48,-1,56.25,24,0],"v":{"id":2,"t":[0,1],"tid":318}},{"k":[49,-1,56.25,23,0],"v":{"id":2,"t":[0,1],"tid":318}},{"k":[50,-1,56.25,22,0],"v":{"id":2,"t":[0,1],"tid":318}},{"k":[51,-1,56.25,21,0],"v":{"id":2,"t":[0,1],"tid":318}},{"k":[52,-1,56.25,20,0],"v":{"id":2,"t":[0,1],"tid":318}},{"k":[53,-1,56.25,19,0],"v":{"id":2,"t":[0,1],"tid":471}}],"floors":[]},"moun":{"a":[{"k":[57,-1,0,26,0],"v":{"l":true,"r":true,"sid":1}},{"k":[56,-1,0,26,0],"v":{"l":true,"r":true,"sid":1}},{"k":[59,-1,0,26,0],"v":{"l":true,"r":true,"sid":1}},{"k":[58,-1,0,26,0],"v":{"l":true,"r":true,"sid":1}},{"k":[61,-1,0,26,0],"v":{"l":true,"r":true,"sid":1}},{"k":[60,-1,0,26,0],"v":{"l":true,"r":true,"sid":1}},{"k":[63,-1,0,26,0],"v":{"l":true,"r":true,"sid":1}},{"k":[62,-1,0,26,0],"v":{"l":true,"r":true,"sid":1}},{"k":[57,-1,0,18,0],"v":{"l":true,"r":true,"sid":1}},{"k":[49,-1,0,26,0],"v":{"l":true,"r":true,"sid":1}},{"k":[56,-1,0,18,0],"v":{"l":true,"r":true,"sid":1}},{"k":[48,-1,0,26,0],"v":{"l":true,"r":true,"sid":1}},{"k":[59,-1,0,18,0],"v":{"l":true,"r":true,"sid":1}},{"k":[51,-1,0,26,0],"v":{"l":true,"r":true,"sid":1}},{"k":[58,-1,0,18,0],"v":{"l":true,"r":true,"sid":1}},{"k":[50,-1,0,26,0],"v":{"l":true,"r":true,"sid":1}},{"k":[61,-1,0,18,0],"v":{"l":true,"r":true,"sid":1}},{"k":[53,-1,0,26,0],"v":{"l":true,"r":true,"sid":1}},{"k":[60,-1,0,18,0],"v":{"l":true,"r":true,"sid":1}},{"k":[52,-1,0,26,0],"v":{"l":true,"r":true,"sid":1}},{"k":[63,-1,0,18,0],"v":{"l":true,"r":true,"sid":1}},{"k":[55,-1,0,26,0],"v":{"l":true,"r":true,"sid":1}},{"k":[62,-1,0,18,0],"v":{"l":true,"r":true,"sid":1}},{"k":[54,-1,0,26,0],"v":{"l":true,"r":true,"sid":1}},{"k":[49,-1,0,18,0],"v":{"l":true,"r":true,"sid":1}},{"k":[48,-1,0,18,0],"v":{"l":true,"r":true,"sid":1}},{"k":[51,-1,0,18,0],"v":{"l":true,"r":true,"sid":1}},{"k":[50,-1,0,18,0],"v":{"l":true,"r":true,"sid":1}},{"k":[53,-1,0,18,0],"v":{"l":true,"r":true,"sid":1}},{"k":[52,-1,0,18,0],"v":{"l":true,"r":true,"sid":1}},{"k":[55,-1,0,18,0],"v":{"l":true,"r":true,"sid":1}},{"k":[54,-1,0,18,0],"v":{"l":true,"r":true,"sid":1}}],"o":[]},"objs":{"list":[]},"objs3d":{"a":[],"o":[]},"sprites":{"list":[],"overflow":[],"walls":[]}}