{"lands":{"autotiles":[],"floors":[{"k":[48,0,0,48,0],"v":{"t":[0,0]}},{"k":[58,0,0,48,0],"v":{"t":[0,0]}},{"k":[57,0,0,49,0],"v":{"t":[0,0]}},{"k":[57,0,0,48,0],"v":{"t":[0,0]}},{"k":[56,0,0,49,0],"v":{"t":[0,0]}},{"k":[60,0,0,48,0],"v":{"t":[0,0]}},{"k":[59,0,0,49,0],"v":{"t":[0,0]}},{"k":[59,0,0,48,0],"v":{"t":[0,0]}},{"k":[58,0,0,49,0],"v":{"t":[0,0]}},{"k":[62,0,0,48,0],"v":{"t":[0,0]}},{"k":[61,0,0,49,0],"v":{"t":[0,0]}},{"k":[61,0,0,48,0],"v":{"t":[0,0]}},{"k":[60,0,0,49,0],"v":{"t":[0,0]}},{"k":[63,0,0,49,0],"v":{"t":[0,0]}},{"k":[63,0,0,48,0],"v":{"t":[0,0]}},{"k":[62,0,0,49,0],"v":{"t":[0,0]}},{"k":[50,0,0,48,0],"v":{"t":[0,0]}},{"k":[49,0,0,49,0],"v":{"t":[0,0]}},{"k":[49,0,0,48,0],"v":{"t":[0,0]}},{"k":[48,0,0,49,0],"v":{"t":[0,0]}},{"k":[52,0,0,48,0],"v":{"t":[0,0]}},{"k":[51,0,0,49,0],"v":{"t":[0,0]}},{"k":[51,0,0,48,0],"v":{"t":[0,0]}},{"k":[50,0,0,49,0],"v":{"t":[0,0]}},{"k":[54,0,0,48,0],"v":{"t":[0,0]}},{"k":[53,0,0,49,0],"v":{"t":[0,0]}},{"k":[53,0,0,48,0],"v":{"t":[0,0]}},{"k":[52,0,0,49,0],"v":{"t":[0,0]}},{"k":[56,0,0,48,0],"v":{"t":[0,0]}},{"k":[55,0,0,49,0],"v":{"t":[0,0]}},{"k":[55,0,0,48,0],"v":{"t":[0,0]}},{"k":[54,0,0,49,0],"v":{"t":[0,0]}}]},"moun":{"a":[],"o":[]},"objs":{"list":[]},"objs3d":{"a":[],"o":[]},"sprites":{"list":[{"k":[60,0,0,48,0],"v":{"k":4,"t":[6,12,2,2]}},{"k":[63,0,0,48,0],"v":{"k":4,"t":[6,12,2,2]}},{"k":[49,0,0,48,0],"v":{"k":4,"t":[7,1,1,1]}},{"k":[52,0,0,48,0],"v":{"k":4,"t":[4,1,1,1]}},{"k":[55,0,0,48,0],"v":{"k":4,"t":[0,1,2,2]}}],"overflow":[],"walls":[]}}