{"lands":{"autotiles":[],"floors":[{"k":[59,0,0,15,0],"v":{"t":[0,0]}},{"k":[60,0,0,14,0],"v":{"t":[0,0]}},{"k":[61,0,0,13,0],"v":{"t":[0,0]}},{"k":[62,0,0,12,0],"v":{"t":[0,0]}},{"k":[63,0,0,11,0],"v":{"t":[0,0]}},{"k":[58,0,0,15,0],"v":{"t":[0,0]}},{"k":[59,0,0,14,0],"v":{"t":[0,0]}},{"k":[60,0,0,13,0],"v":{"t":[0,0]}},{"k":[61,0,0,12,0],"v":{"t":[0,0]}},{"k":[62,0,0,11,0],"v":{"t":[0,0]}},{"k":[63,0,0,10,0],"v":{"t":[0,0]}},{"k":[61,0,0,15,0],"v":{"t":[0,0]}},{"k":[62,0,0,14,0],"v":{"t":[0,0]}},{"k":[63,0,0,13,0],"v":{"t":[0,0]}},{"k":[60,0,0,15,0],"v":{"t":[0,0]}},{"k":[61,0,0,14,0],"v":{"t":[0,0]}},{"k":[62,0,0,13,0],"v":{"t":[0,0]}},{"k":[63,0,0,12,0],"v":{"t":[0,0]}},{"k":[63,0,0,15,0],"v":{"t":[0,0]}},{"k":[62,0,0,15,0],"v":{"t":[0,0]}},{"k":[63,0,0,14,0],"v":{"t":[0,0]}},{"k":[51,0,0,15,0],"v":{"t":[0,0]}},{"k":[52,0,0,14,0],"v":{"t":[0,0]}},{"k":[53,0,0,13,0],"v":{"t":[0,0]}},{"k":[54,0,0,12,0],"v":{"t":[0,0]}},{"k":[55,0,0,11,0],"v":{"t":[0,0]}},{"k":[56,0,0,10,0],"v":{"t":[0,0]}},{"k":[57,0,0,9,0],"v":{"t":[0,0]}},{"k":[58,0,0,8,0],"v":{"t":[0,0]}},{"k":[59,0,0,7,0],"v":{"t":[0,0]}},{"k":[60,0,0,6,0],"v":{"t":[0,0]}},{"k":[61,0,0,5,0],"v":{"t":[0,0]}},{"k":[62,0,0,4,0],"v":{"t":[0,0]}},{"k":[63,0,0,3,0],"v":{"t":[0,0]}},{"k":[50,0,0,15,0],"v":{"t":[0,0]}},{"k":[51,0,0,14,0],"v":{"t":[0,0]}},{"k":[52,0,0,13,0],"v":{"t":[0,0]}},{"k":[53,0,0,12,0],"v":{"t":[0,0]}},{"k":[54,0,0,11,0],"v":{"t":[0,0]}},{"k":[55,0,0,10,0],"v":{"t":[0,0]}},{"k":[56,0,0,9,0],"v":{"t":[0,0]}},{"k":[57,0,0,8,0],"v":{"t":[0,0]}},{"k":[58,0,0,7,0],"v":{"t":[0,0]}},{"k":[59,0,0,6,0],"v":{"t":[0,0]}},{"k":[60,0,0,5,0],"v":{"t":[0,0]}},{"k":[61,0,0,4,0],"v":{"t":[0,0]}},{"k":[62,0,0,3,0],"v":{"t":[0,0]}},{"k":[63,0,0,2,0],"v":{"t":[0,0]}},{"k":[53,0,0,15,0],"v":{"t":[0,0]}},{"k":[54,0,0,14,0],"v":{"t":[0,0]}},{"k":[55,0,0,13,0],"v":{"t":[0,0]}},{"k":[56,0,0,12,0],"v":{"t":[0,0]}},{"k":[57,0,0,11,0],"v":{"t":[0,0]}},{"k":[58,0,0,10,0],"v":{"t":[0,0]}},{"k":[59,0,0,9,0],"v":{"t":[0,0]}},{"k":[60,0,0,8,0],"v":{"t":[0,0]}},{"k":[61,0,0,7,0],"v":{"t":[0,0]}},{"k":[62,0,0,6,0],"v":{"t":[0,0]}},{"k":[63,0,0,5,0],"v":{"t":[0,0]}},{"k":[52,0,0,15,0],"v":{"t":[0,0]}},{"k":[53,0,0,14,0],"v":{"t":[0,0]}},{"k":[54,0,0,13,0],"v":{"t":[0,0]}},{"k":[55,0,0,12,0],"v":{"t":[0,0]}},{"k":[56,0,0,11,0],"v":{"t":[0,0]}},{"k":[57,0,0,10,0],"v":{"t":[0,0]}},{"k":[58,0,0,9,0],"v":{"t":[0,0]}},{"k":[59,0,0,8,0],"v":{"t":[0,0]}},{"k":[60,0,0,7,0],"v":{"t":[0,0]}},{"k":[61,0,0,6,0],"v":{"t":[0,0]}},{"k":[62,0,0,5,0],"v":{"t":[0,0]}},{"k":[63,0,0,4,0],"v":{"t":[0,0]}},{"k":[55,0,0,15,0],"v":{"t":[0,0]}},{"k":[56,0,0,14,0],"v":{"t":[0,0]}},{"k":[57,0,0,13,0],"v":{"t":[0,0]}},{"k":[58,0,0,12,0],"v":{"t":[0,0]}},{"k":[59,0,0,11,0],"v":{"t":[0,0]}},{"k":[60,0,0,10,0],"v":{"t":[0,0]}},{"k":[61,0,0,9,0],"v":{"t":[0,0]}},{"k":[62,0,0,8,0],"v":{"t":[0,0]}},{"k":[63,0,0,7,0],"v":{"t":[0,0]}},{"k":[54,0,0,15,0],"v":{"t":[0,0]}},{"k":[55,0,0,14,0],"v":{"t":[0,0]}},{"k":[56,0,0,13,0],"v":{"t":[0,0]}},{"k":[57,0,0,12,0],"v":{"t":[0,0]}},{"k":[58,0,0,11,0],"v":{"t":[0,0]}},{"k":[59,0,0,10,0],"v":{"t":[0,0]}},{"k":[60,0,0,9,0],"v":{"t":[0,0]}},{"k":[61,0,0,8,0],"v":{"t":[0,0]}},{"k":[62,0,0,7,0],"v":{"t":[0,0]}},{"k":[63,0,0,6,0],"v":{"t":[0,0]}},{"k":[57,0,0,15,0],"v":{"t":[0,0]}},{"k":[58,0,0,14,0],"v":{"t":[0,0]}},{"k":[59,0,0,13,0],"v":{"t":[0,0]}},{"k":[60,0,0,12,0],"v":{"t":[0,0]}},{"k":[61,0,0,11,0],"v":{"t":[0,0]}},{"k":[62,0,0,10,0],"v":{"t":[0,0]}},{"k":[63,0,0,9,0],"v":{"t":[0,0]}},{"k":[56,0,0,15,0],"v":{"t":[0,0]}},{"k":[57,0,0,14,0],"v":{"t":[0,0]}},{"k":[58,0,0,13,0],"v":{"t":[0,0]}},{"k":[59,0,0,12,0],"v":{"t":[0,0]}},{"k":[60,0,0,11,0],"v":{"t":[0,0]}},{"k":[61,0,0,10,0],"v":{"t":[0,0]}},{"k":[62,0,0,9,0],"v":{"t":[0,0]}},{"k":[63,0,0,8,0],"v":{"t":[0,0]}},{"k":[48,0,0,10,0],"v":{"t":[0,0]}},{"k":[49,0,0,9,0],"v":{"t":[0,0]}},{"k":[50,0,0,8,0],"v":{"t":[0,0]}},{"k":[51,0,0,7,0],"v":{"t":[0,0]}},{"k":[52,0,0,6,0],"v":{"t":[0,0]}},{"k":[53,0,0,5,0],"v":{"t":[0,0]}},{"k":[54,0,0,4,0],"v":{"t":[0,0]}},{"k":[55,0,0,3,0],"v":{"t":[0,0]}},{"k":[56,0,0,2,0],"v":{"t":[0,0]}},{"k":[57,0,0,1,0],"v":{"t":[0,0]}},{"k":[58,0,0,0,0],"v":{"t":[0,0]}},{"k":[48,0,0,9,0],"v":{"t":[0,0]}},{"k":[49,0,0,8,0],"v":{"t":[0,0]}},{"k":[50,0,0,7,0],"v":{"t":[0,0]}},{"k":[51,0,0,6,0],"v":{"t":[0,0]}},{"k":[52,0,0,5,0],"v":{"t":[0,0]}},{"k":[53,0,0,4,0],"v":{"t":[0,0]}},{"k":[54,0,0,3,0],"v":{"t":[0,0]}},{"k":[55,0,0,2,0],"v":{"t":[0,0]}},{"k":[56,0,0,1,0],"v":{"t":[0,0]}},{"k":[57,0,0,0,0],"v":{"t":[0,0]}},{"k":[48,0,0,12,0],"v":{"t":[0,0]}},{"k":[49,0,0,11,0],"v":{"t":[0,0]}},{"k":[50,0,0,10,0],"v":{"t":[0,0]}},{"k":[51,0,0,9,0],"v":{"t":[0,0]}},{"k":[52,0,0,8,0],"v":{"t":[0,0]}},{"k":[53,0,0,7,0],"v":{"t":[0,0]}},{"k":[54,0,0,6,0],"v":{"t":[0,0]}},{"k":[55,0,0,5,0],"v":{"t":[0,0]}},{"k":[56,0,0,4,0],"v":{"t":[0,0]}},{"k":[57,0,0,3,0],"v":{"t":[0,0]}},{"k":[58,0,0,2,0],"v":{"t":[0,0]}},{"k":[59,0,0,1,0],"v":{"t":[0,0]}},{"k":[60,0,0,0,0],"v":{"t":[0,0]}},{"k":[48,0,0,11,0],"v":{"t":[0,0]}},{"k":[49,0,0,10,0],"v":{"t":[0,0]}},{"k":[50,0,0,9,0],"v":{"t":[0,0]}},{"k":[51,0,0,8,0],"v":{"t":[0,0]}},{"k":[52,0,0,7,0],"v":{"t":[0,0]}},{"k":[53,0,0,6,0],"v":{"t":[0,0]}},{"k":[54,0,0,5,0],"v":{"t":[0,0]}},{"k":[55,0,0,4,0],"v":{"t":[0,0]}},{"k":[56,0,0,3,0],"v":{"t":[0,0]}},{"k":[57,0,0,2,0],"v":{"t":[0,0]}},{"k":[58,0,0,1,0],"v":{"t":[0,0]}},{"k":[59,0,0,0,0],"v":{"t":[0,0]}},{"k":[48,0,0,14,0],"v":{"t":[0,0]}},{"k":[49,0,0,13,0],"v":{"t":[0,0]}},{"k":[50,0,0,12,0],"v":{"t":[0,0]}},{"k":[51,0,0,11,0],"v":{"t":[0,0]}},{"k":[52,0,0,10,0],"v":{"t":[0,0]}},{"k":[53,0,0,9,0],"v":{"t":[0,0]}},{"k":[54,0,0,8,0],"v":{"t":[0,0]}},{"k":[55,0,0,7,0],"v":{"t":[0,0]}},{"k":[56,0,0,6,0],"v":{"t":[0,0]}},{"k":[57,0,0,5,0],"v":{"t":[0,0]}},{"k":[58,0,0,4,0],"v":{"t":[0,0]}},{"k":[59,0,0,3,0],"v":{"t":[0,0]}},{"k":[60,0,0,2,0],"v":{"t":[0,0]}},{"k":[61,0,0,1,0],"v":{"t":[0,0]}},{"k":[62,0,0,0,0],"v":{"t":[0,0]}},{"k":[48,0,0,13,0],"v":{"t":[0,0]}},{"k":[49,0,0,12,0],"v":{"t":[0,0]}},{"k":[50,0,0,11,0],"v":{"t":[0,0]}},{"k":[51,0,0,10,0],"v":{"t":[0,0]}},{"k":[52,0,0,9,0],"v":{"t":[0,0]}},{"k":[53,0,0,8,0],"v":{"t":[0,0]}},{"k":[54,0,0,7,0],"v":{"t":[0,0]}},{"k":[55,0,0,6,0],"v":{"t":[0,0]}},{"k":[56,0,0,5,0],"v":{"t":[0,0]}},{"k":[57,0,0,4,0],"v":{"t":[0,0]}},{"k":[58,0,0,3,0],"v":{"t":[0,0]}},{"k":[59,0,0,2,0],"v":{"t":[0,0]}},{"k":[60,0,0,1,0],"v":{"t":[0,0]}},{"k":[61,0,0,0,0],"v":{"t":[0,0]}},{"k":[49,0,0,15,0],"v":{"t":[0,0]}},{"k":[50,0,0,14,0],"v":{"t":[0,0]}},{"k":[51,0,0,13,0],"v":{"t":[0,0]}},{"k":[52,0,0,12,0],"v":{"t":[0,0]}},{"k":[53,0,0,11,0],"v":{"t":[0,0]}},{"k":[54,0,0,10,0],"v":{"t":[0,0]}},{"k":[55,0,0,9,0],"v":{"t":[0,0]}},{"k":[56,0,0,8,0],"v":{"t":[0,0]}},{"k":[57,0,0,7,0],"v":{"t":[0,0]}},{"k":[58,0,0,6,0],"v":{"t":[0,0]}},{"k":[59,0,0,5,0],"v":{"t":[0,0]}},{"k":[60,0,0,4,0],"v":{"t":[0,0]}},{"k":[61,0,0,3,0],"v":{"t":[0,0]}},{"k":[62,0,0,2,0],"v":{"t":[0,0]}},{"k":[63,0,0,1,0],"v":{"t":[0,0]}},{"k":[48,0,0,15,0],"v":{"t":[0,0]}},{"k":[49,0,0,14,0],"v":{"t":[0,0]}},{"k":[50,0,0,13,0],"v":{"t":[0,0]}},{"k":[51,0,0,12,0],"v":{"t":[0,0]}},{"k":[52,0,0,11,0],"v":{"t":[0,0]}},{"k":[53,0,0,10,0],"v":{"t":[0,0]}},{"k":[54,0,0,9,0],"v":{"t":[0,0]}},{"k":[55,0,0,8,0],"v":{"t":[0,0]}},{"k":[56,0,0,7,0],"v":{"t":[0,0]}},{"k":[57,0,0,6,0],"v":{"t":[0,0]}},{"k":[58,0,0,5,0],"v":{"t":[0,0]}},{"k":[59,0,0,4,0],"v":{"t":[0,0]}},{"k":[60,0,0,3,0],"v":{"t":[0,0]}},{"k":[61,0,0,2,0],"v":{"t":[0,0]}},{"k":[62,0,0,1,0],"v":{"t":[0,0]}},{"k":[63,0,0,0,0],"v":{"t":[0,0]}},{"k":[48,0,0,2,0],"v":{"t":[0,0]}},{"k":[49,0,0,1,0],"v":{"t":[0,0]}},{"k":[50,0,0,0,0],"v":{"t":[0,0]}},{"k":[48,0,0,1,0],"v":{"t":[0,0]}},{"k":[49,0,0,0,0],"v":{"t":[0,0]}},{"k":[48,0,0,4,0],"v":{"t":[0,0]}},{"k":[49,0,0,3,0],"v":{"t":[0,0]}},{"k":[50,0,0,2,0],"v":{"t":[0,0]}},{"k":[51,0,0,1,0],"v":{"t":[0,0]}},{"k":[52,0,0,0,0],"v":{"t":[0,0]}},{"k":[48,0,0,3,0],"v":{"t":[0,0]}},{"k":[49,0,0,2,0],"v":{"t":[0,0]}},{"k":[50,0,0,1,0],"v":{"t":[0,0]}},{"k":[51,0,0,0,0],"v":{"t":[0,0]}},{"k":[48,0,0,6,0],"v":{"t":[0,0]}},{"k":[49,0,0,5,0],"v":{"t":[0,0]}},{"k":[50,0,0,4,0],"v":{"t":[0,0]}},{"k":[51,0,0,3,0],"v":{"t":[0,0]}},{"k":[52,0,0,2,0],"v":{"t":[0,0]}},{"k":[53,0,0,1,0],"v":{"t":[0,0]}},{"k":[54,0,0,0,0],"v":{"t":[0,0]}},{"k":[48,0,0,5,0],"v":{"t":[0,0]}},{"k":[49,0,0,4,0],"v":{"t":[0,0]}},{"k":[50,0,0,3,0],"v":{"t":[0,0]}},{"k":[51,0,0,2,0],"v":{"t":[0,0]}},{"k":[52,0,0,1,0],"v":{"t":[0,0]}},{"k":[53,0,0,0,0],"v":{"t":[0,0]}},{"k":[48,0,0,8,0],"v":{"t":[0,0]}},{"k":[49,0,0,7,0],"v":{"t":[0,0]}},{"k":[50,0,0,6,0],"v":{"t":[0,0]}},{"k":[51,0,0,5,0],"v":{"t":[0,0]}},{"k":[52,0,0,4,0],"v":{"t":[0,0]}},{"k":[53,0,0,3,0],"v":{"t":[0,0]}},{"k":[54,0,0,2,0],"v":{"t":[0,0]}},{"k":[55,0,0,1,0],"v":{"t":[0,0]}},{"k":[56,0,0,0,0],"v":{"t":[0,0]}},{"k":[48,0,0,7,0],"v":{"t":[0,0]}},{"k":[49,0,0,6,0],"v":{"t":[0,0]}},{"k":[50,0,0,5,0],"v":{"t":[0,0]}},{"k":[51,0,0,4,0],"v":{"t":[0,0]}},{"k":[52,0,0,3,0],"v":{"t":[0,0]}},{"k":[53,0,0,2,0],"v":{"t":[0,0]}},{"k":[54,0,0,1,0],"v":{"t":[0,0]}},{"k":[55,0,0,0,0],"v":{"t":[0,0]}},{"k":[48,0,0,0,0],"v":{"t":[0,0]}}]},"moun":{"a":[],"o":[]},"objs":{"list":[]},"objs3d":{"a":[],"o":[]},"sprites":{"list":[],"overflow":[],"walls":[]}}