{"lands":{"autotiles":[],"floors":[{"k":[63,0,0,27,0],"v":{"t":[0,0]}},{"k":[62,0,0,28,0],"v":{"t":[0,0]}},{"k":[61,0,0,29,0],"v":{"t":[0,0]}},{"k":[60,0,0,30,0],"v":{"t":[0,0]}},{"k":[59,0,0,31,0],"v":{"t":[0,0]}},{"k":[62,0,0,27,0],"v":{"t":[0,0]}},{"k":[61,0,0,28,0],"v":{"t":[0,0]}},{"k":[60,0,0,29,0],"v":{"t":[0,0]}},{"k":[59,0,0,30,0],"v":{"t":[0,0]}},{"k":[58,0,0,31,0],"v":{"t":[0,0]}},{"k":[63,0,0,26,0],"v":{"t":[0,0]}},{"k":[63,0,0,29,0],"v":{"t":[0,0]}},{"k":[62,0,0,30,0],"v":{"t":[0,0]}},{"k":[61,0,0,31,0],"v":{"t":[0,0]}},{"k":[63,0,0,28,0],"v":{"t":[0,0]}},{"k":[62,0,0,29,0],"v":{"t":[0,0]}},{"k":[61,0,0,30,0],"v":{"t":[0,0]}},{"k":[60,0,0,31,0],"v":{"t":[0,0]}},{"k":[63,0,0,31,0],"v":{"t":[0,0]}},{"k":[63,0,0,30,0],"v":{"t":[0,0]}},{"k":[62,0,0,31,0],"v":{"t":[0,0]}},{"k":[55,0,0,27,0],"v":{"t":[0,0]}},{"k":[54,0,0,28,0],"v":{"t":[0,0]}},{"k":[53,0,0,29,0],"v":{"t":[0,0]}},{"k":[52,0,0,30,0],"v":{"t":[0,0]}},{"k":[51,0,0,31,0],"v":{"t":[0,0]}},{"k":[56,0,0,26,0],"v":{"t":[0,0]}},{"k":[54,0,0,27,0],"v":{"t":[0,0]}},{"k":[53,0,0,28,0],"v":{"t":[0,0]}},{"k":[52,0,0,29,0],"v":{"t":[0,0]}},{"k":[51,0,0,30,0],"v":{"t":[0,0]}},{"k":[50,0,0,31,0],"v":{"t":[0,0]}},{"k":[63,0,0,18,0],"v":{"t":[0,0]}},{"k":[55,0,0,26,0],"v":{"t":[0,0]}},{"k":[57,0,0,27,0],"v":{"t":[0,0]}},{"k":[56,0,0,28,0],"v":{"t":[0,0]}},{"k":[55,0,0,29,0],"v":{"t":[0,0]}},{"k":[54,0,0,30,0],"v":{"t":[0,0]}},{"k":[53,0,0,31,0],"v":{"t":[0,0]}},{"k":[58,0,0,26,0],"v":{"t":[0,0]}},{"k":[56,0,0,27,0],"v":{"t":[0,0]}},{"k":[55,0,0,28,0],"v":{"t":[0,0]}},{"k":[54,0,0,29,0],"v":{"t":[0,0]}},{"k":[53,0,0,30,0],"v":{"t":[0,0]}},{"k":[52,0,0,31,0],"v":{"t":[0,0]}},{"k":[57,0,0,26,0],"v":{"t":[0,0]}},{"k":[59,0,0,27,0],"v":{"t":[0,0]}},{"k":[58,0,0,28,0],"v":{"t":[0,0]}},{"k":[57,0,0,29,0],"v":{"t":[0,0]}},{"k":[56,0,0,30,0],"v":{"t":[0,0]}},{"k":[55,0,0,31,0],"v":{"t":[0,0]}},{"k":[60,0,0,26,0],"v":{"t":[0,0]}},{"k":[58,0,0,27,0],"v":{"t":[0,0]}},{"k":[57,0,0,28,0],"v":{"t":[0,0]}},{"k":[56,0,0,29,0],"v":{"t":[0,0]}},{"k":[55,0,0,30,0],"v":{"t":[0,0]}},{"k":[54,0,0,31,0],"v":{"t":[0,0]}},{"k":[59,0,0,26,0],"v":{"t":[0,0]}},{"k":[61,0,0,27,0],"v":{"t":[0,0]}},{"k":[60,0,0,28,0],"v":{"t":[0,0]}},{"k":[59,0,0,29,0],"v":{"t":[0,0]}},{"k":[58,0,0,30,0],"v":{"t":[0,0]}},{"k":[57,0,0,31,0],"v":{"t":[0,0]}},{"k":[62,0,0,26,0],"v":{"t":[0,0]}},{"k":[60,0,0,27,0],"v":{"t":[0,0]}},{"k":[59,0,0,28,0],"v":{"t":[0,0]}},{"k":[58,0,0,29,0],"v":{"t":[0,0]}},{"k":[57,0,0,30,0],"v":{"t":[0,0]}},{"k":[56,0,0,31,0],"v":{"t":[0,0]}},{"k":[61,0,0,26,0],"v":{"t":[0,0]}},{"k":[57,0,0,17,0],"v":{"t":[0,0]}},{"k":[58,0,0,16,0],"v":{"t":[0,0]}},{"k":[56,0,0,18,0],"v":{"t":[0,0]}},{"k":[48,0,0,26,0],"v":{"t":[0,0]}},{"k":[56,0,0,17,0],"v":{"t":[0,0]}},{"k":[57,0,0,16,0],"v":{"t":[0,0]}},{"k":[55,0,0,18,0],"v":{"t":[0,0]}},{"k":[49,0,0,27,0],"v":{"t":[0,0]}},{"k":[48,0,0,28,0],"v":{"t":[0,0]}},{"k":[59,0,0,17,0],"v":{"t":[0,0]}},{"k":[60,0,0,16,0],"v":{"t":[0,0]}},{"k":[58,0,0,18,0],"v":{"t":[0,0]}},{"k":[50,0,0,26,0],"v":{"t":[0,0]}},{"k":[48,0,0,27,0],"v":{"t":[0,0]}},{"k":[58,0,0,17,0],"v":{"t":[0,0]}},{"k":[59,0,0,16,0],"v":{"t":[0,0]}},{"k":[57,0,0,18,0],"v":{"t":[0,0]}},{"k":[49,0,0,26,0],"v":{"t":[0,0]}},{"k":[51,0,0,27,0],"v":{"t":[0,0]}},{"k":[50,0,0,28,0],"v":{"t":[0,0]}},{"k":[49,0,0,29,0],"v":{"t":[0,0]}},{"k":[48,0,0,30,0],"v":{"t":[0,0]}},{"k":[62,0,0,16,0],"v":{"t":[0,0]}},{"k":[60,0,0,18,0],"v":{"t":[0,0]}},{"k":[52,0,0,26,0],"v":{"t":[0,0]}},{"k":[61,0,0,17,0],"v":{"t":[0,0]}},{"k":[50,0,0,27,0],"v":{"t":[0,0]}},{"k":[49,0,0,28,0],"v":{"t":[0,0]}},{"k":[48,0,0,29,0],"v":{"t":[0,0]}},{"k":[61,0,0,16,0],"v":{"t":[0,0]}},{"k":[59,0,0,18,0],"v":{"t":[0,0]}},{"k":[51,0,0,26,0],"v":{"t":[0,0]}},{"k":[60,0,0,17,0],"v":{"t":[0,0]}},{"k":[53,0,0,27,0],"v":{"t":[0,0]}},{"k":[52,0,0,28,0],"v":{"t":[0,0]}},{"k":[51,0,0,29,0],"v":{"t":[0,0]}},{"k":[50,0,0,30,0],"v":{"t":[0,0]}},{"k":[49,0,0,31,0],"v":{"t":[0,0]}},{"k":[63,0,0,17,0],"v":{"t":[0,0]}},{"k":[62,0,0,18,0],"v":{"t":[0,0]}},{"k":[54,0,0,26,0],"v":{"t":[0,0]}},{"k":[52,0,0,27,0],"v":{"t":[0,0]}},{"k":[51,0,0,28,0],"v":{"t":[0,0]}},{"k":[50,0,0,29,0],"v":{"t":[0,0]}},{"k":[49,0,0,30,0],"v":{"t":[0,0]}},{"k":[48,0,0,31,0],"v":{"t":[0,0]}},{"k":[62,0,0,17,0],"v":{"t":[0,0]}},{"k":[63,0,0,16,0],"v":{"t":[0,0]}},{"k":[61,0,0,18,0],"v":{"t":[0,0]}},{"k":[53,0,0,26,0],"v":{"t":[0,0]}},{"k":[49,0,0,17,0],"v":{"t":[0,0]}},{"k":[50,0,0,16,0],"v":{"t":[0,0]}},{"k":[48,0,0,18,0],"v":{"t":[0,0]}},{"k":[48,0,0,17,0],"v":{"t":[0,0]}},{"k":[49,0,0,16,0],"v":{"t":[0,0]}},{"k":[51,0,0,17,0],"v":{"t":[0,0]}},{"k":[52,0,0,16,0],"v":{"t":[0,0]}},{"k":[50,0,0,18,0],"v":{"t":[0,0]}},{"k":[50,0,0,17,0],"v":{"t":[0,0]}},{"k":[51,0,0,16,0],"v":{"t":[0,0]}},{"k":[49,0,0,18,0],"v":{"t":[0,0]}},{"k":[53,0,0,17,0],"v":{"t":[0,0]}},{"k":[54,0,0,16,0],"v":{"t":[0,0]}},{"k":[52,0,0,18,0],"v":{"t":[0,0]}},{"k":[52,0,0,17,0],"v":{"t":[0,0]}},{"k":[53,0,0,16,0],"v":{"t":[0,0]}},{"k":[51,0,0,18,0],"v":{"t":[0,0]}},{"k":[55,0,0,17,0],"v":{"t":[0,0]}},{"k":[56,0,0,16,0],"v":{"t":[0,0]}},{"k":[54,0,0,18,0],"v":{"t":[0,0]}},{"k":[54,0,0,17,0],"v":{"t":[0,0]}},{"k":[55,0,0,16,0],"v":{"t":[0,0]}},{"k":[53,0,0,18,0],"v":{"t":[0,0]}},{"k":[48,0,0,16,0],"v":{"t":[0,0]}}]},"moun":{"a":[],"o":[[57,-1,0,26,0],[56,-1,0,26,0],[59,-1,0,26,0],[58,-1,0,26,0],[61,-1,0,26,0],[60,-1,0,26,0],[63,-1,0,26,0],[62,-1,0,26,0],[57,-1,0,18,0],[49,-1,0,26,0],[56,-1,0,18,0],[48,-1,0,26,0],[59,-1,0,18,0],[51,-1,0,26,0],[58,-1,0,18,0],[50,-1,0,26,0],[61,-1,0,18,0],[53,-1,0,26,0],[60,-1,0,18,0],[52,-1,0,26,0],[63,-1,0,18,0],[55,-1,0,26,0],[62,-1,0,18,0],[54,-1,0,26,0],[49,-1,0,18,0],[48,-1,0,18,0],[51,-1,0,18,0],[50,-1,0,18,0],[53,-1,0,18,0],[52,-1,0,18,0],[55,-1,0,18,0],[54,-1,0,18,0]]},"objs":{"list":[]},"objs3d":{"a":[],"o":[]},"sprites":{"list":[{"k":[62,0,0,30,0],"v":{"k":4,"t":[6,12,2,2]}},{"k":[49,0,0,26,0],"v":{"f":false,"k":4,"t":[0,8,2,3]}},{"k":[49,0,0,29,0],"v":{"k":4,"t":[0,1,2,2]}},{"k":[52,0,0,27,0],"v":{"f":false,"k":4,"t":[0,8,2,3]}},{"k":[53,0,0,26,0],"v":{"f":false,"k":4,"t":[6,1,1,1]}},{"k":[55,0,0,27,0],"v":{"f":false,"k":4,"t":[0,8,2,3]}},{"k":[52,0,0,29,0],"v":{"f":false,"k":4,"t":[0,8,2,3]}},{"k":[58,0,0,26,0],"v":{"k":4,"t":[7,1,1,1]}},{"k":[57,0,0,26,0],"v":{"k":4,"t":[7,1,1,1]}},{"k":[60,0,0,26,0],"v":{"f":false,"k":4,"t":[0,8,2,3]}},{"k":[55,0,0,30,0],"v":{"k":4,"t":[6,12,2,2]}},{"k":[62,0,0,26,0],"v":{"k":4,"t":[7,3,1,1]}},{"k":[57,0,0,30,0],"v":{"f":false,"k":4,"t":[0,8,2,3]}},{"k":[59,0,0,28,0],"v":{"f":false,"k":4,"t":[0,8,2,3]}},{"k":[60,0,0,30,0],"v":{"k":4,"t":[6,12,2,2]}},{"k":[63,0,0,27,0],"v":{"f":false,"k":4,"t":[6,12,2,2]}},{"k":[62,0,0,28,0],"v":{"f":false,"k":4,"t":[0,8,2,3]}}],"overflow":[[62,0,0,32,0],[50,0,0,32,0],[53,0,0,32,0],[58,0,0,32,0]],"walls":[]}}