{"lands":{"autotiles":[],"floors":[{"k":[63,0,0,43,0],"v":{"t":[0,0]}},{"k":[62,0,0,44,0],"v":{"t":[0,0]}},{"k":[61,0,0,45,0],"v":{"t":[0,0]}},{"k":[60,0,0,46,0],"v":{"t":[0,0]}},{"k":[59,0,0,47,0],"v":{"t":[0,0]}},{"k":[63,0,0,42,0],"v":{"t":[0,0]}},{"k":[62,0,0,43,0],"v":{"t":[0,0]}},{"k":[61,0,0,44,0],"v":{"t":[0,0]}},{"k":[60,0,0,45,0],"v":{"t":[0,0]}},{"k":[59,0,0,46,0],"v":{"t":[0,0]}},{"k":[58,0,0,47,0],"v":{"t":[0,0]}},{"k":[63,0,0,45,0],"v":{"t":[0,0]}},{"k":[62,0,0,46,0],"v":{"t":[0,0]}},{"k":[61,0,0,47,0],"v":{"t":[0,0]}},{"k":[63,0,0,44,0],"v":{"t":[0,0]}},{"k":[62,0,0,45,0],"v":{"t":[0,0]}},{"k":[61,0,0,46,0],"v":{"t":[0,0]}},{"k":[60,0,0,47,0],"v":{"t":[0,0]}},{"k":[63,0,0,47,0],"v":{"t":[0,0]}},{"k":[63,0,0,46,0],"v":{"t":[0,0]}},{"k":[62,0,0,47,0],"v":{"t":[0,0]}},{"k":[63,0,0,35,0],"v":{"t":[0,0]}},{"k":[62,0,0,36,0],"v":{"t":[0,0]}},{"k":[61,0,0,37,0],"v":{"t":[0,0]}},{"k":[60,0,0,38,0],"v":{"t":[0,0]}},{"k":[59,0,0,39,0],"v":{"t":[0,0]}},{"k":[58,0,0,40,0],"v":{"t":[0,0]}},{"k":[57,0,0,41,0],"v":{"t":[0,0]}},{"k":[56,0,0,42,0],"v":{"t":[0,0]}},{"k":[55,0,0,43,0],"v":{"t":[0,0]}},{"k":[54,0,0,44,0],"v":{"t":[0,0]}},{"k":[53,0,0,45,0],"v":{"t":[0,0]}},{"k":[52,0,0,46,0],"v":{"t":[0,0]}},{"k":[51,0,0,47,0],"v":{"t":[0,0]}},{"k":[63,0,0,34,0],"v":{"t":[0,0]}},{"k":[62,0,0,35,0],"v":{"t":[0,0]}},{"k":[61,0,0,36,0],"v":{"t":[0,0]}},{"k":[60,0,0,37,0],"v":{"t":[0,0]}},{"k":[59,0,0,38,0],"v":{"t":[0,0]}},{"k":[58,0,0,39,0],"v":{"t":[0,0]}},{"k":[57,0,0,40,0],"v":{"t":[0,0]}},{"k":[56,0,0,41,0],"v":{"t":[0,0]}},{"k":[55,0,0,42,0],"v":{"t":[0,0]}},{"k":[54,0,0,43,0],"v":{"t":[0,0]}},{"k":[53,0,0,44,0],"v":{"t":[0,0]}},{"k":[52,0,0,45,0],"v":{"t":[0,0]}},{"k":[51,0,0,46,0],"v":{"t":[0,0]}},{"k":[50,0,0,47,0],"v":{"t":[0,0]}},{"k":[63,0,0,37,0],"v":{"t":[0,0]}},{"k":[62,0,0,38,0],"v":{"t":[0,0]}},{"k":[61,0,0,39,0],"v":{"t":[0,0]}},{"k":[60,0,0,40,0],"v":{"t":[0,0]}},{"k":[59,0,0,41,0],"v":{"t":[0,0]}},{"k":[58,0,0,42,0],"v":{"t":[0,0]}},{"k":[57,0,0,43,0],"v":{"t":[0,0]}},{"k":[56,0,0,44,0],"v":{"t":[0,0]}},{"k":[55,0,0,45,0],"v":{"t":[0,0]}},{"k":[54,0,0,46,0],"v":{"t":[0,0]}},{"k":[53,0,0,47,0],"v":{"t":[0,0]}},{"k":[63,0,0,36,0],"v":{"t":[0,0]}},{"k":[62,0,0,37,0],"v":{"t":[0,0]}},{"k":[61,0,0,38,0],"v":{"t":[0,0]}},{"k":[60,0,0,39,0],"v":{"t":[0,0]}},{"k":[59,0,0,40,0],"v":{"t":[0,0]}},{"k":[58,0,0,41,0],"v":{"t":[0,0]}},{"k":[57,0,0,42,0],"v":{"t":[0,0]}},{"k":[56,0,0,43,0],"v":{"t":[0,0]}},{"k":[55,0,0,44,0],"v":{"t":[0,0]}},{"k":[54,0,0,45,0],"v":{"t":[0,0]}},{"k":[53,0,0,46,0],"v":{"t":[0,0]}},{"k":[52,0,0,47,0],"v":{"t":[0,0]}},{"k":[63,0,0,39,0],"v":{"t":[0,0]}},{"k":[62,0,0,40,0],"v":{"t":[0,0]}},{"k":[61,0,0,41,0],"v":{"t":[0,0]}},{"k":[60,0,0,42,0],"v":{"t":[0,0]}},{"k":[59,0,0,43,0],"v":{"t":[0,0]}},{"k":[58,0,0,44,0],"v":{"t":[0,0]}},{"k":[57,0,0,45,0],"v":{"t":[0,0]}},{"k":[56,0,0,46,0],"v":{"t":[0,0]}},{"k":[55,0,0,47,0],"v":{"t":[0,0]}},{"k":[63,0,0,38,0],"v":{"t":[0,0]}},{"k":[62,0,0,39,0],"v":{"t":[0,0]}},{"k":[61,0,0,40,0],"v":{"t":[0,0]}},{"k":[60,0,0,41,0],"v":{"t":[0,0]}},{"k":[59,0,0,42,0],"v":{"t":[0,0]}},{"k":[58,0,0,43,0],"v":{"t":[0,0]}},{"k":[57,0,0,44,0],"v":{"t":[0,0]}},{"k":[56,0,0,45,0],"v":{"t":[0,0]}},{"k":[55,0,0,46,0],"v":{"t":[0,0]}},{"k":[54,0,0,47,0],"v":{"t":[0,0]}},{"k":[63,0,0,41,0],"v":{"t":[0,0]}},{"k":[62,0,0,42,0],"v":{"t":[0,0]}},{"k":[61,0,0,43,0],"v":{"t":[0,0]}},{"k":[60,0,0,44,0],"v":{"t":[0,0]}},{"k":[59,0,0,45,0],"v":{"t":[0,0]}},{"k":[58,0,0,46,0],"v":{"t":[0,0]}},{"k":[57,0,0,47,0],"v":{"t":[0,0]}},{"k":[63,0,0,40,0],"v":{"t":[0,0]}},{"k":[62,0,0,41,0],"v":{"t":[0,0]}},{"k":[61,0,0,42,0],"v":{"t":[0,0]}},{"k":[60,0,0,43,0],"v":{"t":[0,0]}},{"k":[59,0,0,44,0],"v":{"t":[0,0]}},{"k":[58,0,0,45,0],"v":{"t":[0,0]}},{"k":[57,0,0,46,0],"v":{"t":[0,0]}},{"k":[56,0,0,47,0],"v":{"t":[0,0]}},{"k":[58,0,0,32,0],"v":{"t":[0,0]}},{"k":[57,0,0,33,0],"v":{"t":[0,0]}},{"k":[56,0,0,34,0],"v":{"t":[0,0]}},{"k":[55,0,0,35,0],"v":{"t":[0,0]}},{"k":[54,0,0,36,0],"v":{"t":[0,0]}},{"k":[53,0,0,37,0],"v":{"t":[0,0]}},{"k":[52,0,0,38,0],"v":{"t":[0,0]}},{"k":[51,0,0,39,0],"v":{"t":[0,0]}},{"k":[50,0,0,40,0],"v":{"t":[0,0]}},{"k":[49,0,0,41,0],"v":{"t":[0,0]}},{"k":[48,0,0,42,0],"v":{"t":[0,0]}},{"k":[57,0,0,32,0],"v":{"t":[0,0]}},{"k":[56,0,0,33,0],"v":{"t":[0,0]}},{"k":[55,0,0,34,0],"v":{"t":[0,0]}},{"k":[54,0,0,35,0],"v":{"t":[0,0]}},{"k":[53,0,0,36,0],"v":{"t":[0,0]}},{"k":[52,0,0,37,0],"v":{"t":[0,0]}},{"k":[51,0,0,38,0],"v":{"t":[0,0]}},{"k":[50,0,0,39,0],"v":{"t":[0,0]}},{"k":[49,0,0,40,0],"v":{"t":[0,0]}},{"k":[48,0,0,41,0],"v":{"t":[0,0]}},{"k":[60,0,0,32,0],"v":{"t":[0,0]}},{"k":[59,0,0,33,0],"v":{"t":[0,0]}},{"k":[58,0,0,34,0],"v":{"t":[0,0]}},{"k":[57,0,0,35,0],"v":{"t":[0,0]}},{"k":[56,0,0,36,0],"v":{"t":[0,0]}},{"k":[55,0,0,37,0],"v":{"t":[0,0]}},{"k":[54,0,0,38,0],"v":{"t":[0,0]}},{"k":[53,0,0,39,0],"v":{"t":[0,0]}},{"k":[52,0,0,40,0],"v":{"t":[0,0]}},{"k":[51,0,0,41,0],"v":{"t":[0,0]}},{"k":[50,0,0,42,0],"v":{"t":[0,0]}},{"k":[49,0,0,43,0],"v":{"t":[0,0]}},{"k":[48,0,0,44,0],"v":{"t":[0,0]}},{"k":[59,0,0,32,0],"v":{"t":[0,0]}},{"k":[58,0,0,33,0],"v":{"t":[0,0]}},{"k":[57,0,0,34,0],"v":{"t":[0,0]}},{"k":[56,0,0,35,0],"v":{"t":[0,0]}},{"k":[55,0,0,36,0],"v":{"t":[0,0]}},{"k":[54,0,0,37,0],"v":{"t":[0,0]}},{"k":[53,0,0,38,0],"v":{"t":[0,0]}},{"k":[52,0,0,39,0],"v":{"t":[0,0]}},{"k":[51,0,0,40,0],"v":{"t":[0,0]}},{"k":[50,0,0,41,0],"v":{"t":[0,0]}},{"k":[49,0,0,42,0],"v":{"t":[0,0]}},{"k":[48,0,0,43,0],"v":{"t":[0,0]}},{"k":[62,0,0,32,0],"v":{"t":[0,0]}},{"k":[61,0,0,33,0],"v":{"t":[0,0]}},{"k":[60,0,0,34,0],"v":{"t":[0,0]}},{"k":[59,0,0,35,0],"v":{"t":[0,0]}},{"k":[58,0,0,36,0],"v":{"t":[0,0]}},{"k":[57,0,0,37,0],"v":{"t":[0,0]}},{"k":[56,0,0,38,0],"v":{"t":[0,0]}},{"k":[55,0,0,39,0],"v":{"t":[0,0]}},{"k":[54,0,0,40,0],"v":{"t":[0,0]}},{"k":[53,0,0,41,0],"v":{"t":[0,0]}},{"k":[52,0,0,42,0],"v":{"t":[0,0]}},{"k":[51,0,0,43,0],"v":{"t":[0,0]}},{"k":[50,0,0,44,0],"v":{"t":[0,0]}},{"k":[49,0,0,45,0],"v":{"t":[0,0]}},{"k":[48,0,0,46,0],"v":{"t":[0,0]}},{"k":[61,0,0,32,0],"v":{"t":[0,0]}},{"k":[60,0,0,33,0],"v":{"t":[0,0]}},{"k":[59,0,0,34,0],"v":{"t":[0,0]}},{"k":[58,0,0,35,0],"v":{"t":[0,0]}},{"k":[57,0,0,36,0],"v":{"t":[0,0]}},{"k":[56,0,0,37,0],"v":{"t":[0,0]}},{"k":[55,0,0,38,0],"v":{"t":[0,0]}},{"k":[54,0,0,39,0],"v":{"t":[0,0]}},{"k":[53,0,0,40,0],"v":{"t":[0,0]}},{"k":[52,0,0,41,0],"v":{"t":[0,0]}},{"k":[51,0,0,42,0],"v":{"t":[0,0]}},{"k":[50,0,0,43,0],"v":{"t":[0,0]}},{"k":[49,0,0,44,0],"v":{"t":[0,0]}},{"k":[48,0,0,45,0],"v":{"t":[0,0]}},{"k":[63,0,0,33,0],"v":{"t":[0,0]}},{"k":[62,0,0,34,0],"v":{"t":[0,0]}},{"k":[61,0,0,35,0],"v":{"t":[0,0]}},{"k":[60,0,0,36,0],"v":{"t":[0,0]}},{"k":[59,0,0,37,0],"v":{"t":[0,0]}},{"k":[58,0,0,38,0],"v":{"t":[0,0]}},{"k":[57,0,0,39,0],"v":{"t":[0,0]}},{"k":[56,0,0,40,0],"v":{"t":[0,0]}},{"k":[55,0,0,41,0],"v":{"t":[0,0]}},{"k":[54,0,0,42,0],"v":{"t":[0,0]}},{"k":[53,0,0,43,0],"v":{"t":[0,0]}},{"k":[52,0,0,44,0],"v":{"t":[0,0]}},{"k":[51,0,0,45,0],"v":{"t":[0,0]}},{"k":[50,0,0,46,0],"v":{"t":[0,0]}},{"k":[49,0,0,47,0],"v":{"t":[0,0]}},{"k":[63,0,0,32,0],"v":{"t":[0,0]}},{"k":[62,0,0,33,0],"v":{"t":[0,0]}},{"k":[61,0,0,34,0],"v":{"t":[0,0]}},{"k":[60,0,0,35,0],"v":{"t":[0,0]}},{"k":[59,0,0,36,0],"v":{"t":[0,0]}},{"k":[58,0,0,37,0],"v":{"t":[0,0]}},{"k":[57,0,0,38,0],"v":{"t":[0,0]}},{"k":[56,0,0,39,0],"v":{"t":[0,0]}},{"k":[55,0,0,40,0],"v":{"t":[0,0]}},{"k":[54,0,0,41,0],"v":{"t":[0,0]}},{"k":[53,0,0,42,0],"v":{"t":[0,0]}},{"k":[52,0,0,43,0],"v":{"t":[0,0]}},{"k":[51,0,0,44,0],"v":{"t":[0,0]}},{"k":[50,0,0,45,0],"v":{"t":[0,0]}},{"k":[49,0,0,46,0],"v":{"t":[0,0]}},{"k":[48,0,0,47,0],"v":{"t":[0,0]}},{"k":[50,0,0,32,0],"v":{"t":[0,0]}},{"k":[49,0,0,33,0],"v":{"t":[0,0]}},{"k":[48,0,0,34,0],"v":{"t":[0,0]}},{"k":[49,0,0,32,0],"v":{"t":[0,0]}},{"k":[48,0,0,33,0],"v":{"t":[0,0]}},{"k":[52,0,0,32,0],"v":{"t":[0,0]}},{"k":[51,0,0,33,0],"v":{"t":[0,0]}},{"k":[50,0,0,34,0],"v":{"t":[0,0]}},{"k":[49,0,0,35,0],"v":{"t":[0,0]}},{"k":[48,0,0,36,0],"v":{"t":[0,0]}},{"k":[51,0,0,32,0],"v":{"t":[0,0]}},{"k":[50,0,0,33,0],"v":{"t":[0,0]}},{"k":[49,0,0,34,0],"v":{"t":[0,0]}},{"k":[48,0,0,35,0],"v":{"t":[0,0]}},{"k":[54,0,0,32,0],"v":{"t":[0,0]}},{"k":[53,0,0,33,0],"v":{"t":[0,0]}},{"k":[52,0,0,34,0],"v":{"t":[0,0]}},{"k":[51,0,0,35,0],"v":{"t":[0,0]}},{"k":[50,0,0,36,0],"v":{"t":[0,0]}},{"k":[49,0,0,37,0],"v":{"t":[0,0]}},{"k":[48,0,0,38,0],"v":{"t":[0,0]}},{"k":[53,0,0,32,0],"v":{"t":[0,0]}},{"k":[52,0,0,33,0],"v":{"t":[0,0]}},{"k":[51,0,0,34,0],"v":{"t":[0,0]}},{"k":[50,0,0,35,0],"v":{"t":[0,0]}},{"k":[49,0,0,36,0],"v":{"t":[0,0]}},{"k":[48,0,0,37,0],"v":{"t":[0,0]}},{"k":[56,0,0,32,0],"v":{"t":[0,0]}},{"k":[55,0,0,33,0],"v":{"t":[0,0]}},{"k":[54,0,0,34,0],"v":{"t":[0,0]}},{"k":[53,0,0,35,0],"v":{"t":[0,0]}},{"k":[52,0,0,36,0],"v":{"t":[0,0]}},{"k":[51,0,0,37,0],"v":{"t":[0,0]}},{"k":[50,0,0,38,0],"v":{"t":[0,0]}},{"k":[49,0,0,39,0],"v":{"t":[0,0]}},{"k":[48,0,0,40,0],"v":{"t":[0,0]}},{"k":[55,0,0,32,0],"v":{"t":[0,0]}},{"k":[54,0,0,33,0],"v":{"t":[0,0]}},{"k":[53,0,0,34,0],"v":{"t":[0,0]}},{"k":[52,0,0,35,0],"v":{"t":[0,0]}},{"k":[51,0,0,36,0],"v":{"t":[0,0]}},{"k":[50,0,0,37,0],"v":{"t":[0,0]}},{"k":[49,0,0,38,0],"v":{"t":[0,0]}},{"k":[48,0,0,39,0],"v":{"t":[0,0]}},{"k":[48,0,0,32,0],"v":{"t":[0,0]}}]},"moun":{"a":[],"o":[]},"objs":{"list":[]},"objs3d":{"a":[],"o":[]},"sprites":{"list":[{"k":[51,0,0,40,0],"v":{"k":4,"t":[5,5,1,1]}},{"k":[54,0,0,40,0],"v":{"k":4,"t":[6,12,2,2]}},{"k":[56,0,0,38,0],"v":{"k":4,"t":[6,12,2,2]}},{"k":[62,0,0,32,0],"v":{"k":4,"t":[6,12,2,2]}},{"k":[51,0,0,42,0],"v":{"k":4,"t":[0,1,2,2]}},{"k":[58,0,0,35,0],"v":{"k":4,"t":[6,12,2,2]}},{"k":[53,0,0,43,0],"v":{"k":4,"t":[7,3,1,1]}},{"k":[50,0,0,45,0],"v":{"k":4,"t":[0,1,2,2]}},{"k":[60,0,0,35,0],"v":{"k":4,"t":[0,1,2,2]}},{"k":[50,0,0,32,0],"v":{"k":4,"t":[6,12,2,2]}},{"k":[48,0,0,33,0],"v":{"k":4,"t":[4,1,1,1]}},{"k":[50,0,0,36,0],"v":{"k":4,"t":[7,1,1,1]}},{"k":[53,0,0,32,0],"v":{"k":4,"t":[6,12,2,2]}},{"k":[50,0,0,38,0],"v":{"k":4,"t":[0,1,2,2]}},{"k":[48,0,0,40,0],"v":{"k":4,"t":[4,1,1,1]}},{"k":[52,0,0,35,0],"v":{"k":4,"t":[0,1,2,2]}},{"k":[55,0,0,32,0],"v":{"k":4,"t":[7,3,1,1]}},{"k":[60,0,0,46,0],"v":{"k":4,"t":[0,1,2,2]}},{"k":[61,0,0,44,0],"v":{"k":4,"t":[4,1,1,1]}},{"k":[63,0,0,44,0],"v":{"k":4,"t":[6,12,2,2]}},{"k":[63,0,0,47,0],"v":{"k":4,"t":[0,1,2,2]}},{"k":[59,0,0,38,0],"v":{"k":4,"t":[6,12,2,2]}},{"k":[52,0,0,45,0],"v":{"k":4,"t":[5,5,1,1]}},{"k":[60,0,0,40,0],"v":{"k":4,"t":[7,3,1,1]}},{"k":[58,0,0,41,0],"v":{"k":4,"t":[0,1,2,2]}},{"k":[55,0,0,44,0],"v":{"k":4,"t":[0,1,2,2]}},{"k":[53,0,0,46,0],"v":{"k":4,"t":[6,12,2,2]}},{"k":[57,0,0,42,0],"v":{"k":4,"t":[6,12,2,2]}},{"k":[62,0,0,37,0],"v":{"k":4,"t":[6,12,2,2]}},{"k":[60,0,0,42,0],"v":{"k":4,"t":[6,12,2,2]}},{"k":[58,0,0,43,0],"v":{"k":4,"t":[4,1,1,1]}},{"k":[58,0,0,46,0],"v":{"k":4,"t":[6,12,2,2]}},{"k":[63,0,0,40,0],"v":{"k":4,"t":[6,12,2,2]}},{"k":[55,0,0,35,0],"v":{"k":4,"t":[6,12,2,2]}},{"k":[58,0,0,32,0],"v":{"k":4,"t":[6,12,2,2]}},{"k":[49,0,0,41,0],"v":{"k":4,"t":[7,1,1,1]}},{"k":[54,0,0,38,0],"v":{"k":4,"t":[0,1,2,2]}}],"overflow":[[60,0,0,48,0],[63,0,0,48,0],[64,0,0,34,0],[55,0,0,48,0]],"walls":[]}}