{"lands":{"autotiles":[{"k":[75,-1,56.25,24,0],"v":{"id":2,"t":[0,1],"tid":324}},{"k":[76,-1,56.25,23,0],"v":{"id":2,"t":[0,1],"tid":318}},{"k":[77,-1,56.25,22,0],"v":{"id":2,"t":[0,1],"tid":318}},{"k":[78,-1,56.25,21,0],"v":{"id":2,"t":[0,1],"tid":318}},{"k":[79,-1,56.25,20,0],"v":{"id":2,"t":[0,1],"tid":370}},{"k":[74,-1,56.25,24,0],"v":{"id":2,"t":[0,1],"tid":324}},{"k":[75,-1,56.25,23,0],"v":{"id":2,"t":[0,1],"tid":318}},{"k":[76,-1,56.25,22,0],"v":{"id":2,"t":[0,1],"tid":318}},{"k":[77,-1,56.25,21,0],"v":{"id":2,"t":[0,1],"tid":318}},{"k":[78,-1,56.25,20,0],"v":{"id":2,"t":[0,1],"tid":318}},{"k":[79,-1,56.25,19,0],"v":{"id":2,"t":[0,1],"tid":370}},{"k":[66,-1,56.25,25,0],"v":{"id":2,"t":[0,1],"tid":324}},{"k":[67,-1,56.25,24,0],"v":{"id":2,"t":[0,1],"tid":318}},{"k":[68,-1,56.25,23,0],"v":{"id":2,"t":[0,1],"tid":318}},{"k":[69,-1,56.25,22,0],"v":{"id":2,"t":[0,1],"tid":318}},{"k":[70,-1,56.25,21,0],"v":{"id":2,"t":[0,1],"tid":318}},{"k":[71,-1,56.25,20,0],"v":{"id":2,"t":[0,1],"tid":318}},{"k":[72,-1,56.25,19,0],"v":{"id":2,"t":[0,1],"tid":471}},{"k":[73,-1,56.25,18,0],"v":{"id":2,"t":[0,1],"tid":225}},{"k":[77,-1,56.25,24,0],"v":{"id":2,"t":[0,1],"tid":324}},{"k":[78,-1,56.25,23,0],"v":{"id":2,"t":[0,1],"tid":318}},{"k":[79,-1,56.25,22,0],"v":{"id":2,"t":[0,1],"tid":370}},{"k":[65,-1,56.25,25,0],"v":{"id":2,"t":[0,1],"tid":324}},{"k":[66,-1,56.25,24,0],"v":{"id":2,"t":[0,1],"tid":318}},{"k":[67,-1,56.25,23,0],"v":{"id":2,"t":[0,1],"tid":318}},{"k":[68,-1,56.25,22,0],"v":{"id":2,"t":[0,1],"tid":318}},{"k":[69,-1,56.25,21,0],"v":{"id":2,"t":[0,1],"tid":318}},{"k":[70,-1,56.25,20,0],"v":{"id":2,"t":[0,1],"tid":318}},{"k":[71,-1,56.25,19,0],"v":{"id":2,"t":[0,1],"tid":471}},{"k":[76,-1,56.25,24,0],"v":{"id":2,"t":[0,1],"tid":324}},{"k":[77,-1,56.25,23,0],"v":{"id":2,"t":[0,1],"tid":318}},{"k":[78,-1,56.25,22,0],"v":{"id":2,"t":[0,1],"tid":318}},{"k":[79,-1,56.25,21,0],"v":{"id":2,"t":[0,1],"tid":370}},{"k":[68,-1,56.25,25,0],"v":{"id":2,"t":[0,1],"tid":324}},{"k":[69,-1,56.25,24,0],"v":{"id":2,"t":[0,1],"tid":318}},{"k":[70,-1,56.25,23,0],"v":{"id":2,"t":[0,1],"tid":318}},{"k":[71,-1,56.25,22,0],"v":{"id":2,"t":[0,1],"tid":318}},{"k":[72,-1,56.25,21,0],"v":{"id":2,"t":[0,1],"tid":318}},{"k":[73,-1,56.25,20,0],"v":{"id":2,"t":[0,1],"tid":318}},{"k":[74,-1,56.25,19,0],"v":{"id":2,"t":[0,1],"tid":318}},{"k":[75,-1,56.25,18,0],"v":{"id":2,"t":[0,1],"tid":471}},{"k":[79,-1,56.25,24,0],"v":{"id":2,"t":[0,1],"tid":372}},{"k":[67,-1,56.25,25,0],"v":{"id":2,"t":[0,1],"tid":324}},{"k":[68,-1,56.25,24,0],"v":{"id":2,"t":[0,1],"tid":318}},{"k":[69,-1,56.25,23,0],"v":{"id":2,"t":[0,1],"tid":318}},{"k":[70,-1,56.25,22,0],"v":{"id":2,"t":[0,1],"tid":318}},{"k":[71,-1,56.25,21,0],"v":{"id":2,"t":[0,1],"tid":318}},{"k":[72,-1,56.25,20,0],"v":{"id":2,"t":[0,1],"tid":318}},{"k":[73,-1,56.25,19,0],"v":{"id":2,"t":[0,1],"tid":62}},{"k":[74,-1,56.25,18,0],"v":{"id":2,"t":[0,1],"tid":471}},{"k":[78,-1,56.25,24,0],"v":{"id":2,"t":[0,1],"tid":324}},{"k":[79,-1,56.25,23,0],"v":{"id":2,"t":[0,1],"tid":370}},{"k":[70,-1,56.25,25,0],"v":{"id":2,"t":[0,1],"tid":324}},{"k":[71,-1,56.25,24,0],"v":{"id":2,"t":[0,1],"tid":318}},{"k":[72,-1,56.25,23,0],"v":{"id":2,"t":[0,1],"tid":318}},{"k":[73,-1,56.25,22,0],"v":{"id":2,"t":[0,1],"tid":318}},{"k":[74,-1,56.25,21,0],"v":{"id":2,"t":[0,1],"tid":318}},{"k":[75,-1,56.25,20,0],"v":{"id":2,"t":[0,1],"tid":318}},{"k":[76,-1,56.25,19,0],"v":{"id":2,"t":[0,1],"tid":318}},{"k":[77,-1,56.25,18,0],"v":{"id":2,"t":[0,1],"tid":471}},{"k":[69,-1,56.25,25,0],"v":{"id":2,"t":[0,1],"tid":324}},{"k":[70,-1,56.25,24,0],"v":{"id":2,"t":[0,1],"tid":318}},{"k":[71,-1,56.25,23,0],"v":{"id":2,"t":[0,1],"tid":318}},{"k":[72,-1,56.25,22,0],"v":{"id":2,"t":[0,1],"tid":318}},{"k":[73,-1,56.25,21,0],"v":{"id":2,"t":[0,1],"tid":318}},{"k":[74,-1,56.25,20,0],"v":{"id":2,"t":[0,1],"tid":318}},{"k":[75,-1,56.25,19,0],"v":{"id":2,"t":[0,1],"tid":318}},{"k":[76,-1,56.25,18,0],"v":{"id":2,"t":[0,1],"tid":471}},{"k":[72,-1,56.25,25,0],"v":{"id":2,"t":[0,1],"tid":372}},{"k":[73,-1,56.25,24,0],"v":{"id":2,"t":[0,1],"tid":324}},{"k":[74,-1,56.25,23,0],"v":{"id":2,"t":[0,1],"tid":318}},{"k":[75,-1,56.25,22,0],"v":{"id":2,"t":[0,1],"tid":318}},{"k":[76,-1,56.25,21,0],"v":{"id":2,"t":[0,1],"tid":318}},{"k":[77,-1,56.25,20,0],"v":{"id":2,"t":[0,1],"tid":318}},{"k":[78,-1,56.25,19,0],"v":{"id":2,"t":[0,1],"tid":318}},{"k":[79,-1,56.25,18,0],"v":{"id":2,"t":[0,1],"tid":423}},{"k":[71,-1,56.25,25,0],"v":{"id":2,"t":[0,1],"tid":324}},{"k":[72,-1,56.25,24,0],"v":{"id":2,"t":[0,1],"tid":316}},{"k":[73,-1,56.25,23,0],"v":{"id":2,"t":[0,1],"tid":318}},{"k":[74,-1,56.25,22,0],"v":{"id":2,"t":[0,1],"tid":318}},{"k":[75,-1,56.25,21,0],"v":{"id":2,"t":[0,1],"tid":318}},{"k":[76,-1,56.25,20,0],"v":{"id":2,"t":[0,1],"tid":318}},{"k":[77,-1,56.25,19,0],"v":{"id":2,"t":[0,1],"tid":318}},{"k":[78,-1,56.25,18,0],"v":{"id":2,"t":[0,1],"tid":471}},{"k":[64,-1,56.25,19,0],"v":{"id":2,"t":[0,1],"tid":471}},{"k":[64,-1,56.25,21,0],"v":{"id":2,"t":[0,1],"tid":318}},{"k":[65,-1,56.25,20,0],"v":{"id":2,"t":[0,1],"tid":318}},{"k":[66,-1,56.25,19,0],"v":{"id":2,"t":[0,1],"tid":471}},{"k":[64,-1,56.25,20,0],"v":{"id":2,"t":[0,1],"tid":318}},{"k":[65,-1,56.25,19,0],"v":{"id":2,"t":[0,1],"tid":471}},{"k":[64,-1,56.25,23,0],"v":{"id":2,"t":[0,1],"tid":318}},{"k":[65,-1,56.25,22,0],"v":{"id":2,"t":[0,1],"tid":318}},{"k":[66,-1,56.25,21,0],"v":{"id":2,"t":[0,1],"tid":318}},{"k":[67,-1,56.25,20,0],"v":{"id":2,"t":[0,1],"tid":318}},{"k":[68,-1,56.25,19,0],"v":{"id":2,"t":[0,1],"tid":471}},{"k":[64,-1,56.25,22,0],"v":{"id":2,"t":[0,1],"tid":318}},{"k":[65,-1,56.25,21,0],"v":{"id":2,"t":[0,1],"tid":318}},{"k":[66,-1,56.25,20,0],"v":{"id":2,"t":[0,1],"tid":318}},{"k":[67,-1,56.25,19,0],"v":{"id":2,"t":[0,1],"tid":471}},{"k":[64,-1,56.25,25,0],"v":{"id":2,"t":[0,1],"tid":324}},{"k":[65,-1,56.25,24,0],"v":{"id":2,"t":[0,1],"tid":318}},{"k":[66,-1,56.25,23,0],"v":{"id":2,"t":[0,1],"tid":318}},{"k":[67,-1,56.25,22,0],"v":{"id":2,"t":[0,1],"tid":318}},{"k":[68,-1,56.25,21,0],"v":{"id":2,"t":[0,1],"tid":318}},{"k":[69,-1,56.25,20,0],"v":{"id":2,"t":[0,1],"tid":318}},{"k":[70,-1,56.25,19,0],"v":{"id":2,"t":[0,1],"tid":471}},{"k":[64,-1,56.25,24,0],"v":{"id":2,"t":[0,1],"tid":318}},{"k":[65,-1,56.25,23,0],"v":{"id":2,"t":[0,1],"tid":318}},{"k":[66,-1,56.25,22,0],"v":{"id":2,"t":[0,1],"tid":318}},{"k":[67,-1,56.25,21,0],"v":{"id":2,"t":[0,1],"tid":318}},{"k":[68,-1,56.25,20,0],"v":{"id":2,"t":[0,1],"tid":318}},{"k":[69,-1,56.25,19,0],"v":{"id":2,"t":[0,1],"tid":471}}],"floors":[]},"moun":{"a":[{"k":[75,-1,0,17,0],"v":{"l":true,"r":true,"sid":1}},{"k":[66,-1,0,26,0],"v":{"l":true,"r":true,"sid":1}},{"k":[78,-1,0,17,0],"v":{"l":true,"r":true,"sid":1}},{"k":[69,-1,0,26,0],"v":{"l":true,"r":true,"sid":1}},{"k":[77,-1,0,17,0],"v":{"l":true,"r":true,"sid":1}},{"k":[68,-1,0,26,0],"v":{"l":true,"r":true,"sid":1}},{"k":[71,-1,0,26,0],"v":{"l":true,"r":true,"sid":1}},{"k":[79,-1,0,17,0],"v":{"l":true,"sid":1}},{"k":[70,-1,0,26,0],"v":{"l":true,"r":true,"sid":1}},{"k":[65,-1,0,18,0],"v":{"l":true,"r":true,"sid":1}},{"k":[64,-1,0,18,0],"v":{"l":true,"r":true,"sid":1}},{"k":[67,-1,0,18,0],"v":{"l":true,"r":true,"sid":1}},{"k":[66,-1,0,18,0],"v":{"l":true,"r":true,"sid":1}},{"k":[69,-1,0,18,0],"v":{"l":true,"r":true,"sid":1}},{"k":[68,-1,0,18,0],"v":{"l":true,"r":true,"sid":1}},{"k":[71,-1,0,18,0],"v":{"l":true,"r":true,"sid":1}},{"k":[70,-1,0,18,0],"v":{"l":true,"r":true,"sid":1}},{"k":[74,-1,0,25,0],"v":{"l":true,"r":true,"sid":1}},{"k":[72,-1,0,26,0],"v":{"l":true,"sid":1}},{"k":[73,-1,0,25,0],"v":{"r":true,"sid":1}},{"k":[76,-1,0,25,0],"v":{"l":true,"r":true,"sid":1}},{"k":[75,-1,0,25,0],"v":{"l":true,"r":true,"sid":1}},{"k":[78,-1,0,25,0],"v":{"l":true,"r":true,"sid":1}},{"k":[77,-1,0,25,0],"v":{"l":true,"r":true,"sid":1}},{"k":[79,-1,0,25,0],"v":{"l":true,"sid":1}},{"k":[74,-1,0,17,0],"v":{"l":true,"r":true,"sid":1}},{"k":[65,-1,0,26,0],"v":{"l":true,"r":true,"sid":1}},{"k":[72,-1,0,18,0],"v":{"l":true,"sid":1}},{"k":[64,-1,0,26,0],"v":{"l":true,"r":true,"sid":1}},{"k":[73,-1,0,17,0],"v":{"r":true,"sid":1}},{"k":[76,-1,0,17,0],"v":{"l":true,"r":true,"sid":1}},{"k":[67,-1,0,26,0],"v":{"l":true,"r":true,"sid":1}}],"o":[]},"objs":{"list":[]},"objs3d":{"a":[],"o":[]},"sprites":{"list":[],"overflow":[],"walls":[]}}