{"lands":{"autotiles":[{"k":[69,1,0,20,1],"v":{"id":1,"t":[4,0],"tid":159}},{"k":[70,1,0,19,1],"v":{"id":1,"t":[4,0],"tid":618}},{"k":[69,1,0,23,1],"v":{"id":1,"t":[4,0],"tid":532}},{"k":[69,1,0,22,1],"v":{"id":1,"t":[4,0],"tid":177}},{"k":[70,1,0,21,1],"v":{"id":1,"t":[4,0],"tid":159}},{"k":[69,1,0,24,1],"v":{"id":1,"t":[4,0],"tid":618}},{"k":[70,1,0,23,1],"v":{"id":1,"t":[4,0],"tid":425}},{"k":[69,1,0,26,1],"v":{"id":1,"t":[4,0],"tid":159}},{"k":[70,1,0,25,1],"v":{"id":1,"t":[4,0],"tid":159}},{"k":[70,1,0,18,1],"v":{"id":1,"t":[4,0],"tid":413}},{"k":[69,1,0,18,1],"v":{"id":1,"t":[4,0],"tid":211}}],"floors":[{"k":[79,0,0,27,0],"v":{"t":[0,0]}},{"k":[78,0,0,28,0],"v":{"t":[0,0]}},{"k":[77,0,0,29,0],"v":{"t":[0,0]}},{"k":[76,0,0,30,0],"v":{"t":[0,0]}},{"k":[75,0,0,31,0],"v":{"t":[0,0]}},{"k":[79,0,0,26,0],"v":{"t":[0,0]}},{"k":[78,0,0,27,0],"v":{"t":[0,0]}},{"k":[77,0,0,28,0],"v":{"t":[0,0]}},{"k":[76,0,0,29,0],"v":{"t":[0,0]}},{"k":[75,0,0,30,0],"v":{"t":[0,0]}},{"k":[74,0,0,31,0],"v":{"t":[0,0]}},{"k":[79,0,0,29,0],"v":{"t":[0,0]}},{"k":[78,0,0,30,0],"v":{"t":[0,0]}},{"k":[77,0,0,31,0],"v":{"t":[0,0]}},{"k":[79,0,0,28,0],"v":{"t":[0,0]}},{"k":[78,0,0,29,0],"v":{"t":[0,0]}},{"k":[77,0,0,30,0],"v":{"t":[0,0]}},{"k":[76,0,0,31,0],"v":{"t":[0,0]}},{"k":[79,0,0,31,0],"v":{"t":[0,0]}},{"k":[79,0,0,30,0],"v":{"t":[0,0]}},{"k":[78,0,0,31,0],"v":{"t":[0,0]}},{"k":[71,0,0,27,0],"v":{"t":[0,0]}},{"k":[70,0,0,28,0],"v":{"t":[0,0]}},{"k":[69,0,0,29,0],"v":{"t":[0,0]}},{"k":[68,0,0,30,0],"v":{"t":[0,0]}},{"k":[67,0,0,31,0],"v":{"t":[0,0]}},{"k":[72,0,0,26,0],"v":{"t":[0,0]}},{"k":[73,0,0,25,0],"v":{"t":[0,0]}},{"k":[70,0,0,27,0],"v":{"t":[0,0]}},{"k":[69,0,0,28,0],"v":{"t":[0,0]}},{"k":[68,0,0,29,0],"v":{"t":[0,0]}},{"k":[67,0,0,30,0],"v":{"t":[0,0]}},{"k":[66,0,0,31,0],"v":{"t":[0,0]}},{"k":[71,0,0,26,0],"v":{"t":[0,0]}},{"k":[70,1,0,26,0],"v":{"t":[0,0]}},{"k":[74,0,0,26,0],"v":{"t":[0,0]}},{"k":[73,0,0,27,0],"v":{"t":[0,0]}},{"k":[72,0,0,28,0],"v":{"t":[0,0]}},{"k":[71,0,0,29,0],"v":{"t":[0,0]}},{"k":[70,0,0,30,0],"v":{"t":[0,0]}},{"k":[69,0,0,31,0],"v":{"t":[0,0]}},{"k":[75,0,0,25,0],"v":{"t":[0,0]}},{"k":[73,0,0,26,0],"v":{"t":[0,0]}},{"k":[72,0,0,27,0],"v":{"t":[0,0]}},{"k":[71,0,0,28,0],"v":{"t":[0,0]}},{"k":[70,0,0,29,0],"v":{"t":[0,0]}},{"k":[69,0,0,30,0],"v":{"t":[0,0]}},{"k":[68,0,0,31,0],"v":{"t":[0,0]}},{"k":[74,0,0,25,0],"v":{"t":[0,0]}},{"k":[76,0,0,26,0],"v":{"t":[0,0]}},{"k":[75,0,0,27,0],"v":{"t":[0,0]}},{"k":[74,0,0,28,0],"v":{"t":[0,0]}},{"k":[73,0,0,29,0],"v":{"t":[0,0]}},{"k":[72,0,0,30,0],"v":{"t":[0,0]}},{"k":[71,0,0,31,0],"v":{"t":[0,0]}},{"k":[77,0,0,25,0],"v":{"t":[0,0]}},{"k":[75,0,0,26,0],"v":{"t":[0,0]}},{"k":[74,0,0,27,0],"v":{"t":[0,0]}},{"k":[73,0,0,28,0],"v":{"t":[0,0]}},{"k":[72,0,0,29,0],"v":{"t":[0,0]}},{"k":[71,0,0,30,0],"v":{"t":[0,0]}},{"k":[70,0,0,31,0],"v":{"t":[0,0]}},{"k":[76,0,0,25,0],"v":{"t":[0,0]}},{"k":[78,0,0,26,0],"v":{"t":[0,0]}},{"k":[77,0,0,27,0],"v":{"t":[0,0]}},{"k":[76,0,0,28,0],"v":{"t":[0,0]}},{"k":[75,0,0,29,0],"v":{"t":[0,0]}},{"k":[74,0,0,30,0],"v":{"t":[0,0]}},{"k":[73,0,0,31,0],"v":{"t":[0,0]}},{"k":[79,0,0,25,0],"v":{"t":[0,0]}},{"k":[77,0,0,26,0],"v":{"t":[0,0]}},{"k":[76,0,0,27,0],"v":{"t":[0,0]}},{"k":[75,0,0,28,0],"v":{"t":[0,0]}},{"k":[74,0,0,29,0],"v":{"t":[0,0]}},{"k":[73,0,0,30,0],"v":{"t":[0,0]}},{"k":[72,0,0,31,0],"v":{"t":[0,0]}},{"k":[78,0,0,25,0],"v":{"t":[0,0]}},{"k":[74,0,0,16,0],"v":{"t":[0,0]}},{"k":[72,0,0,18,0],"v":{"t":[0,0]}},{"k":[64,0,0,26,0],"v":{"t":[0,0]}},{"k":[73,0,0,17,0],"v":{"t":[0,0]}},{"k":[70,1,0,19,0],"v":{"t":[0,0]}},{"k":[69,1,0,20,0],"v":{"t":[0,0]}},{"k":[72,0,0,17,0],"v":{"t":[0,0]}},{"k":[73,0,0,16,0],"v":{"t":[0,0]}},{"k":[71,0,0,18,0],"v":{"t":[0,0]}},{"k":[70,1,0,18,0],"v":{"t":[0,0]}},{"k":[69,1,0,19,0],"v":{"t":[0,0]}},{"k":[65,0,0,27,0],"v":{"t":[0,0]}},{"k":[64,0,0,28,0],"v":{"t":[0,0]}},{"k":[76,0,0,16,0],"v":{"t":[0,0]}},{"k":[75,0,0,17,0],"v":{"t":[0,0]}},{"k":[66,0,0,26,0],"v":{"t":[0,0]}},{"k":[70,1,0,21,0],"v":{"t":[0,0]}},{"k":[69,1,0,22,0],"v":{"t":[0,0]}},{"k":[64,0,0,27,0],"v":{"t":[0,0]}},{"k":[75,0,0,16,0],"v":{"t":[0,0]}},{"k":[74,0,0,17,0],"v":{"t":[0,0]}},{"k":[65,0,0,26,0],"v":{"t":[0,0]}},{"k":[70,1,0,20,0],"v":{"t":[0,0]}},{"k":[69,1,0,21,0],"v":{"t":[0,0]}},{"k":[67,0,0,27,0],"v":{"t":[0,0]}},{"k":[66,0,0,28,0],"v":{"t":[0,0]}},{"k":[65,0,0,29,0],"v":{"t":[0,0]}},{"k":[64,0,0,30,0],"v":{"t":[0,0]}},{"k":[78,0,0,16,0],"v":{"t":[0,0]}},{"k":[77,0,0,17,0],"v":{"t":[0,0]}},{"k":[68,0,0,26,0],"v":{"t":[0,0]}},{"k":[70,1,0,23,0],"v":{"t":[0,0]}},{"k":[69,1,0,24,0],"v":{"t":[0,0]}},{"k":[66,0,0,27,0],"v":{"t":[0,0]}},{"k":[65,0,0,28,0],"v":{"t":[0,0]}},{"k":[64,0,0,29,0],"v":{"t":[0,0]}},{"k":[77,0,0,16,0],"v":{"t":[0,0]}},{"k":[76,0,0,17,0],"v":{"t":[0,0]}},{"k":[67,0,0,26,0],"v":{"t":[0,0]}},{"k":[70,1,0,22,0],"v":{"t":[0,0]}},{"k":[69,1,0,23,0],"v":{"t":[0,0]}},{"k":[69,0,0,27,0],"v":{"t":[0,0]}},{"k":[68,0,0,28,0],"v":{"t":[0,0]}},{"k":[67,0,0,29,0],"v":{"t":[0,0]}},{"k":[66,0,0,30,0],"v":{"t":[0,0]}},{"k":[65,0,0,31,0],"v":{"t":[0,0]}},{"k":[79,0,0,17,0],"v":{"t":[0,0]}},{"k":[70,0,0,26,0],"v":{"t":[0,0]}},{"k":[69,1,0,26,0],"v":{"t":[0,0]}},{"k":[70,1,0,25,0],"v":{"t":[0,0]}},{"k":[68,0,0,27,0],"v":{"t":[0,0]}},{"k":[67,0,0,28,0],"v":{"t":[0,0]}},{"k":[66,0,0,29,0],"v":{"t":[0,0]}},{"k":[65,0,0,30,0],"v":{"t":[0,0]}},{"k":[64,0,0,31,0],"v":{"t":[0,0]}},{"k":[79,0,0,16,0],"v":{"t":[0,0]}},{"k":[78,0,0,17,0],"v":{"t":[0,0]}},{"k":[69,0,0,26,0],"v":{"t":[0,0]}},{"k":[70,1,0,24,0],"v":{"t":[0,0]}},{"k":[69,1,0,25,0],"v":{"t":[0,0]}},{"k":[65,0,0,17,0],"v":{"t":[0,0]}},{"k":[66,0,0,16,0],"v":{"t":[0,0]}},{"k":[64,0,0,18,0],"v":{"t":[0,0]}},{"k":[64,0,0,17,0],"v":{"t":[0,0]}},{"k":[65,0,0,16,0],"v":{"t":[0,0]}},{"k":[67,0,0,17,0],"v":{"t":[0,0]}},{"k":[68,0,0,16,0],"v":{"t":[0,0]}},{"k":[66,0,0,18,0],"v":{"t":[0,0]}},{"k":[66,0,0,17,0],"v":{"t":[0,0]}},{"k":[67,0,0,16,0],"v":{"t":[0,0]}},{"k":[65,0,0,18,0],"v":{"t":[0,0]}},{"k":[69,0,0,17,0],"v":{"t":[0,0]}},{"k":[70,0,0,16,0],"v":{"t":[0,0]}},{"k":[68,0,0,18,0],"v":{"t":[0,0]}},{"k":[68,0,0,17,0],"v":{"t":[0,0]}},{"k":[69,0,0,16,0],"v":{"t":[0,0]}},{"k":[67,0,0,18,0],"v":{"t":[0,0]}},{"k":[71,0,0,17,0],"v":{"t":[0,0]}},{"k":[72,0,0,16,0],"v":{"t":[0,0]}},{"k":[70,0,0,18,0],"v":{"t":[0,0]}},{"k":[69,1,0,18,0],"v":{"t":[0,0]}},{"k":[70,0,0,17,0],"v":{"t":[0,0]}},{"k":[71,0,0,16,0],"v":{"t":[0,0]}},{"k":[69,0,0,18,0],"v":{"t":[0,0]}},{"k":[64,0,0,16,0],"v":{"t":[0,0]}}]},"moun":{"a":[{"k":[70,0,68.75,24,0],"v":{"b":true,"hp":31.25,"hs":0,"l":true,"sid":1,"t":true}},{"k":[69,0,68.75,25,0],"v":{"hp":31.25,"hs":0,"r":true,"sid":1,"t":true}},{"k":[70,0,0,26,0],"v":{"hp":100,"hs":0,"l":true,"sid":1,"ws":1}},{"k":[70,0,68.75,23,0],"v":{"b":true,"hp":31.25,"hs":0,"l":true,"sid":1,"t":true}},{"k":[69,0,68.75,24,0],"v":{"b":true,"hp":31.25,"hs":0,"r":true,"sid":1,"t":true}},{"k":[69,0,0,26,0],"v":{"hp":100,"hs":0,"r":true,"sid":1,"ws":1}},{"k":[70,0,68.75,25,0],"v":{"hp":31.25,"hs":0,"l":true,"sid":1,"t":true}},{"k":[70,0,0,18,0],"v":{"hp":100,"hs":0,"l":true,"sid":1,"ws":1}},{"k":[69,0,68.75,19,0],"v":{"b":true,"hp":31.25,"hs":0,"r":true,"sid":1}},{"k":[69,0,0,18,0],"v":{"hp":100,"hs":0,"r":true,"sid":1,"ws":1}},{"k":[70,0,68.75,20,0],"v":{"b":true,"hp":31.25,"hs":0,"l":true,"sid":1,"t":true}},{"k":[69,0,68.75,21,0],"v":{"b":true,"hp":31.25,"hs":0,"r":true,"sid":1,"t":true}},{"k":[70,0,68.75,19,0],"v":{"b":true,"hp":31.25,"hs":0,"l":true,"sid":1}},{"k":[69,0,68.75,20,0],"v":{"b":true,"hp":31.25,"hs":0,"r":true,"sid":1,"t":true}},{"k":[70,0,68.75,22,0],"v":{"b":true,"hp":31.25,"hs":0,"l":true,"sid":1,"t":true}},{"k":[69,0,68.75,23,0],"v":{"b":true,"hp":31.25,"hs":0,"r":true,"sid":1,"t":true}},{"k":[70,0,68.75,21,0],"v":{"b":true,"hp":31.25,"hs":0,"l":true,"sid":1,"t":true}},{"k":[69,0,68.75,22,0],"v":{"b":true,"hp":31.25,"hs":0,"r":true,"sid":1,"t":true}}],"o":[[75,-1,0,17,0],[66,-1,0,26,0],[78,-1,0,17,0],[69,-1,0,26,0],[77,-1,0,17,0],[68,-1,0,26,0],[71,-1,0,26,0],[79,-1,0,17,0],[70,-1,0,26,0],[65,-1,0,18,0],[64,-1,0,18,0],[67,-1,0,18,0],[66,-1,0,18,0],[69,-1,0,18,0],[68,-1,0,18,0],[71,-1,0,18,0],[70,-1,0,18,0],[74,-1,0,25,0],[72,-1,0,26,0],[73,-1,0,25,0],[76,-1,0,25,0],[75,-1,0,25,0],[78,-1,0,25,0],[77,-1,0,25,0],[79,-1,0,25,0],[74,-1,0,17,0],[65,-1,0,26,0],[72,-1,0,18,0],[64,-1,0,26,0],[73,-1,0,17,0],[76,-1,0,17,0],[67,-1,0,26,0]]},"objs":{"list":[]},"objs3d":{"a":[],"o":[]},"sprites":{"list":[{"k":[65,0,0,26,0],"v":{"f":false,"k":4,"t":[0,8,2,3]}},{"k":[65,0,0,29,0],"v":{"k":4,"t":[7,3,1,1]}},{"k":[65,0,0,28,0],"v":{"f":false,"k":4,"t":[0,8,2,3]}},{"k":[67,0,0,26,0],"v":{"k":4,"t":[4,1,1,1]}},{"k":[65,0,0,31,0],"v":{"k":4,"t":[6,12,2,2]}},{"k":[67,0,0,28,0],"v":{"f":false,"k":4,"t":[0,8,2,3]}},{"k":[67,0,0,18,0],"v":{"f":false,"k":4,"t":[6,1,1,1]}},{"k":[77,0,0,29,0],"v":{"k":4,"t":[6,12,2,2]}},{"k":[76,0,0,29,0],"v":{"k":4,"t":[7,3,1,1]}},{"k":[77,0,0,31,0],"v":{"f":false,"k":4,"t":[0,8,2,3]}},{"k":[79,0,0,28,0],"v":{"f":false,"k":4,"t":[0,8,2,3]}},{"k":[68,0,0,30,0],"v":{"f":false,"k":4,"t":[0,8,2,3]}},{"k":[72,0,0,26,0],"v":{"k":4,"t":[4,1,1,1]}},{"k":[73,0,0,25,0],"v":{"k":4,"t":[4,1,1,1]}},{"k":[75,0,0,25,0],"v":{"f":false,"k":4,"t":[0,8,2,3]}},{"k":[72,0,0,30,0],"v":{"f":false,"k":4,"t":[0,8,2,3]}},{"k":[77,0,0,25,0],"v":{"k":4,"t":[7,1,1,1]}},{"k":[73,0,0,28,0],"v":{"k":4,"t":[6,12,2,2]}},{"k":[74,0,0,27,0],"v":{"f":false,"k":4,"t":[0,8,2,3]}},{"k":[76,0,0,25,0],"v":{"k":4,"t":[7,1,1,1]}},{"k":[76,0,0,28,0],"v":{"f":false,"k":4,"t":[0,8,2,3]}},{"k":[78,0,0,26,0],"v":{"f":false,"k":4,"t":[0,8,2,3]}},{"k":[79,0,0,25,0],"v":{"k":4,"t":[7,1,1,1]}},{"k":[78,0,0,25,0],"v":{"k":4,"t":[7,1,1,1]}},{"k":[72,0,0,18,0],"v":{"f":false,"k":4,"t":[6,1,1,1]}},{"k":[66,0,0,26,0],"v":{"k":4,"t":[7,3,1,1]}}],"overflow":[[68,0,0,32,0],[72,0,0,32,0]],"walls":[]}}