{"lands":{"autotiles":[],"floors":[{"k":[75,0,0,15,0],"v":{"t":[0,0]}},{"k":[76,0,0,14,0],"v":{"t":[0,0]}},{"k":[77,0,0,13,0],"v":{"t":[0,0]}},{"k":[78,0,0,12,0],"v":{"t":[0,0]}},{"k":[79,0,0,11,0],"v":{"t":[0,0]}},{"k":[74,0,0,15,0],"v":{"t":[0,0]}},{"k":[75,0,0,14,0],"v":{"t":[0,0]}},{"k":[76,0,0,13,0],"v":{"t":[0,0]}},{"k":[77,0,0,12,0],"v":{"t":[0,0]}},{"k":[78,0,0,11,0],"v":{"t":[0,0]}},{"k":[79,0,0,10,0],"v":{"t":[0,0]}},{"k":[77,0,0,15,0],"v":{"t":[0,0]}},{"k":[78,0,0,14,0],"v":{"t":[0,0]}},{"k":[79,0,0,13,0],"v":{"t":[0,0]}},{"k":[76,0,0,15,0],"v":{"t":[0,0]}},{"k":[77,0,0,14,0],"v":{"t":[0,0]}},{"k":[78,0,0,13,0],"v":{"t":[0,0]}},{"k":[79,0,0,12,0],"v":{"t":[0,0]}},{"k":[79,0,0,15,0],"v":{"t":[0,0]}},{"k":[78,0,0,15,0],"v":{"t":[0,0]}},{"k":[79,0,0,14,0],"v":{"t":[0,0]}},{"k":[67,0,0,15,0],"v":{"t":[0,0]}},{"k":[68,0,0,14,0],"v":{"t":[0,0]}},{"k":[69,0,0,13,0],"v":{"t":[0,0]}},{"k":[70,0,0,12,0],"v":{"t":[0,0]}},{"k":[71,0,0,11,0],"v":{"t":[0,0]}},{"k":[72,0,0,10,0],"v":{"t":[0,0]}},{"k":[73,0,0,9,0],"v":{"t":[0,0]}},{"k":[74,0,0,8,0],"v":{"t":[0,0]}},{"k":[75,0,0,7,0],"v":{"t":[0,0]}},{"k":[76,0,0,6,0],"v":{"t":[0,0]}},{"k":[77,0,0,5,0],"v":{"t":[0,0]}},{"k":[78,0,0,4,0],"v":{"t":[0,0]}},{"k":[79,0,0,3,0],"v":{"t":[0,0]}},{"k":[66,0,0,15,0],"v":{"t":[0,0]}},{"k":[67,0,0,14,0],"v":{"t":[0,0]}},{"k":[68,0,0,13,0],"v":{"t":[0,0]}},{"k":[69,0,0,12,0],"v":{"t":[0,0]}},{"k":[70,0,0,11,0],"v":{"t":[0,0]}},{"k":[71,0,0,10,0],"v":{"t":[0,0]}},{"k":[72,0,0,9,0],"v":{"t":[0,0]}},{"k":[73,0,0,8,0],"v":{"t":[0,0]}},{"k":[74,0,0,7,0],"v":{"t":[0,0]}},{"k":[75,0,0,6,0],"v":{"t":[0,0]}},{"k":[76,0,0,5,0],"v":{"t":[0,0]}},{"k":[77,0,0,4,0],"v":{"t":[0,0]}},{"k":[78,0,0,3,0],"v":{"t":[0,0]}},{"k":[79,0,0,2,0],"v":{"t":[0,0]}},{"k":[69,0,0,15,0],"v":{"t":[0,0]}},{"k":[70,0,0,14,0],"v":{"t":[0,0]}},{"k":[71,0,0,13,0],"v":{"t":[0,0]}},{"k":[72,0,0,12,0],"v":{"t":[0,0]}},{"k":[73,0,0,11,0],"v":{"t":[0,0]}},{"k":[74,0,0,10,0],"v":{"t":[0,0]}},{"k":[75,0,0,9,0],"v":{"t":[0,0]}},{"k":[76,0,0,8,0],"v":{"t":[0,0]}},{"k":[77,0,0,7,0],"v":{"t":[0,0]}},{"k":[78,0,0,6,0],"v":{"t":[0,0]}},{"k":[79,0,0,5,0],"v":{"t":[0,0]}},{"k":[68,0,0,15,0],"v":{"t":[0,0]}},{"k":[69,0,0,14,0],"v":{"t":[0,0]}},{"k":[70,0,0,13,0],"v":{"t":[0,0]}},{"k":[71,0,0,12,0],"v":{"t":[0,0]}},{"k":[72,0,0,11,0],"v":{"t":[0,0]}},{"k":[73,0,0,10,0],"v":{"t":[0,0]}},{"k":[74,0,0,9,0],"v":{"t":[0,0]}},{"k":[75,0,0,8,0],"v":{"t":[0,0]}},{"k":[76,0,0,7,0],"v":{"t":[0,0]}},{"k":[77,0,0,6,0],"v":{"t":[0,0]}},{"k":[78,0,0,5,0],"v":{"t":[0,0]}},{"k":[79,0,0,4,0],"v":{"t":[0,0]}},{"k":[71,0,0,15,0],"v":{"t":[0,0]}},{"k":[72,0,0,14,0],"v":{"t":[0,0]}},{"k":[73,0,0,13,0],"v":{"t":[0,0]}},{"k":[74,0,0,12,0],"v":{"t":[0,0]}},{"k":[75,0,0,11,0],"v":{"t":[0,0]}},{"k":[76,0,0,10,0],"v":{"t":[0,0]}},{"k":[77,0,0,9,0],"v":{"t":[0,0]}},{"k":[78,0,0,8,0],"v":{"t":[0,0]}},{"k":[79,0,0,7,0],"v":{"t":[0,0]}},{"k":[70,0,0,15,0],"v":{"t":[0,0]}},{"k":[71,0,0,14,0],"v":{"t":[0,0]}},{"k":[72,0,0,13,0],"v":{"t":[0,0]}},{"k":[73,0,0,12,0],"v":{"t":[0,0]}},{"k":[74,0,0,11,0],"v":{"t":[0,0]}},{"k":[75,0,0,10,0],"v":{"t":[0,0]}},{"k":[76,0,0,9,0],"v":{"t":[0,0]}},{"k":[77,0,0,8,0],"v":{"t":[0,0]}},{"k":[78,0,0,7,0],"v":{"t":[0,0]}},{"k":[79,0,0,6,0],"v":{"t":[0,0]}},{"k":[73,0,0,15,0],"v":{"t":[0,0]}},{"k":[74,0,0,14,0],"v":{"t":[0,0]}},{"k":[75,0,0,13,0],"v":{"t":[0,0]}},{"k":[76,0,0,12,0],"v":{"t":[0,0]}},{"k":[77,0,0,11,0],"v":{"t":[0,0]}},{"k":[78,0,0,10,0],"v":{"t":[0,0]}},{"k":[79,0,0,9,0],"v":{"t":[0,0]}},{"k":[72,0,0,15,0],"v":{"t":[0,0]}},{"k":[73,0,0,14,0],"v":{"t":[0,0]}},{"k":[74,0,0,13,0],"v":{"t":[0,0]}},{"k":[75,0,0,12,0],"v":{"t":[0,0]}},{"k":[76,0,0,11,0],"v":{"t":[0,0]}},{"k":[77,0,0,10,0],"v":{"t":[0,0]}},{"k":[78,0,0,9,0],"v":{"t":[0,0]}},{"k":[79,0,0,8,0],"v":{"t":[0,0]}},{"k":[64,0,0,10,0],"v":{"t":[0,0]}},{"k":[65,0,0,9,0],"v":{"t":[0,0]}},{"k":[66,0,0,8,0],"v":{"t":[0,0]}},{"k":[67,0,0,7,0],"v":{"t":[0,0]}},{"k":[68,0,0,6,0],"v":{"t":[0,0]}},{"k":[69,0,0,5,0],"v":{"t":[0,0]}},{"k":[70,0,0,4,0],"v":{"t":[0,0]}},{"k":[71,0,0,3,0],"v":{"t":[0,0]}},{"k":[72,0,0,2,0],"v":{"t":[0,0]}},{"k":[73,0,0,1,0],"v":{"t":[0,0]}},{"k":[74,0,0,0,0],"v":{"t":[0,0]}},{"k":[64,0,0,9,0],"v":{"t":[0,0]}},{"k":[65,0,0,8,0],"v":{"t":[0,0]}},{"k":[66,0,0,7,0],"v":{"t":[0,0]}},{"k":[67,0,0,6,0],"v":{"t":[0,0]}},{"k":[68,0,0,5,0],"v":{"t":[0,0]}},{"k":[69,0,0,4,0],"v":{"t":[0,0]}},{"k":[70,0,0,3,0],"v":{"t":[0,0]}},{"k":[71,0,0,2,0],"v":{"t":[0,0]}},{"k":[72,0,0,1,0],"v":{"t":[0,0]}},{"k":[73,0,0,0,0],"v":{"t":[0,0]}},{"k":[64,0,0,12,0],"v":{"t":[0,0]}},{"k":[65,0,0,11,0],"v":{"t":[0,0]}},{"k":[66,0,0,10,0],"v":{"t":[0,0]}},{"k":[67,0,0,9,0],"v":{"t":[0,0]}},{"k":[68,0,0,8,0],"v":{"t":[0,0]}},{"k":[69,0,0,7,0],"v":{"t":[0,0]}},{"k":[70,0,0,6,0],"v":{"t":[0,0]}},{"k":[71,0,0,5,0],"v":{"t":[0,0]}},{"k":[72,0,0,4,0],"v":{"t":[0,0]}},{"k":[73,0,0,3,0],"v":{"t":[0,0]}},{"k":[74,0,0,2,0],"v":{"t":[0,0]}},{"k":[75,0,0,1,0],"v":{"t":[0,0]}},{"k":[76,0,0,0,0],"v":{"t":[0,0]}},{"k":[64,0,0,11,0],"v":{"t":[0,0]}},{"k":[65,0,0,10,0],"v":{"t":[0,0]}},{"k":[66,0,0,9,0],"v":{"t":[0,0]}},{"k":[67,0,0,8,0],"v":{"t":[0,0]}},{"k":[68,0,0,7,0],"v":{"t":[0,0]}},{"k":[69,0,0,6,0],"v":{"t":[0,0]}},{"k":[70,0,0,5,0],"v":{"t":[0,0]}},{"k":[71,0,0,4,0],"v":{"t":[0,0]}},{"k":[72,0,0,3,0],"v":{"t":[0,0]}},{"k":[73,0,0,2,0],"v":{"t":[0,0]}},{"k":[74,0,0,1,0],"v":{"t":[0,0]}},{"k":[75,0,0,0,0],"v":{"t":[0,0]}},{"k":[64,0,0,14,0],"v":{"t":[0,0]}},{"k":[65,0,0,13,0],"v":{"t":[0,0]}},{"k":[66,0,0,12,0],"v":{"t":[0,0]}},{"k":[67,0,0,11,0],"v":{"t":[0,0]}},{"k":[68,0,0,10,0],"v":{"t":[0,0]}},{"k":[69,0,0,9,0],"v":{"t":[0,0]}},{"k":[70,0,0,8,0],"v":{"t":[0,0]}},{"k":[71,0,0,7,0],"v":{"t":[0,0]}},{"k":[72,0,0,6,0],"v":{"t":[0,0]}},{"k":[73,0,0,5,0],"v":{"t":[0,0]}},{"k":[74,0,0,4,0],"v":{"t":[0,0]}},{"k":[75,0,0,3,0],"v":{"t":[0,0]}},{"k":[76,0,0,2,0],"v":{"t":[0,0]}},{"k":[77,0,0,1,0],"v":{"t":[0,0]}},{"k":[78,0,0,0,0],"v":{"t":[0,0]}},{"k":[64,0,0,13,0],"v":{"t":[0,0]}},{"k":[65,0,0,12,0],"v":{"t":[0,0]}},{"k":[66,0,0,11,0],"v":{"t":[0,0]}},{"k":[67,0,0,10,0],"v":{"t":[0,0]}},{"k":[68,0,0,9,0],"v":{"t":[0,0]}},{"k":[69,0,0,8,0],"v":{"t":[0,0]}},{"k":[70,0,0,7,0],"v":{"t":[0,0]}},{"k":[71,0,0,6,0],"v":{"t":[0,0]}},{"k":[72,0,0,5,0],"v":{"t":[0,0]}},{"k":[73,0,0,4,0],"v":{"t":[0,0]}},{"k":[74,0,0,3,0],"v":{"t":[0,0]}},{"k":[75,0,0,2,0],"v":{"t":[0,0]}},{"k":[76,0,0,1,0],"v":{"t":[0,0]}},{"k":[77,0,0,0,0],"v":{"t":[0,0]}},{"k":[65,0,0,15,0],"v":{"t":[0,0]}},{"k":[66,0,0,14,0],"v":{"t":[0,0]}},{"k":[67,0,0,13,0],"v":{"t":[0,0]}},{"k":[68,0,0,12,0],"v":{"t":[0,0]}},{"k":[69,0,0,11,0],"v":{"t":[0,0]}},{"k":[70,0,0,10,0],"v":{"t":[0,0]}},{"k":[71,0,0,9,0],"v":{"t":[0,0]}},{"k":[72,0,0,8,0],"v":{"t":[0,0]}},{"k":[73,0,0,7,0],"v":{"t":[0,0]}},{"k":[74,0,0,6,0],"v":{"t":[0,0]}},{"k":[75,0,0,5,0],"v":{"t":[0,0]}},{"k":[76,0,0,4,0],"v":{"t":[0,0]}},{"k":[77,0,0,3,0],"v":{"t":[0,0]}},{"k":[78,0,0,2,0],"v":{"t":[0,0]}},{"k":[79,0,0,1,0],"v":{"t":[0,0]}},{"k":[64,0,0,15,0],"v":{"t":[0,0]}},{"k":[65,0,0,14,0],"v":{"t":[0,0]}},{"k":[66,0,0,13,0],"v":{"t":[0,0]}},{"k":[67,0,0,12,0],"v":{"t":[0,0]}},{"k":[68,0,0,11,0],"v":{"t":[0,0]}},{"k":[69,0,0,10,0],"v":{"t":[0,0]}},{"k":[70,0,0,9,0],"v":{"t":[0,0]}},{"k":[71,0,0,8,0],"v":{"t":[0,0]}},{"k":[72,0,0,7,0],"v":{"t":[0,0]}},{"k":[73,0,0,6,0],"v":{"t":[0,0]}},{"k":[74,0,0,5,0],"v":{"t":[0,0]}},{"k":[75,0,0,4,0],"v":{"t":[0,0]}},{"k":[76,0,0,3,0],"v":{"t":[0,0]}},{"k":[77,0,0,2,0],"v":{"t":[0,0]}},{"k":[78,0,0,1,0],"v":{"t":[0,0]}},{"k":[79,0,0,0,0],"v":{"t":[0,0]}},{"k":[64,0,0,2,0],"v":{"t":[0,0]}},{"k":[65,0,0,1,0],"v":{"t":[0,0]}},{"k":[66,0,0,0,0],"v":{"t":[0,0]}},{"k":[64,0,0,1,0],"v":{"t":[0,0]}},{"k":[65,0,0,0,0],"v":{"t":[0,0]}},{"k":[64,0,0,4,0],"v":{"t":[0,0]}},{"k":[65,0,0,3,0],"v":{"t":[0,0]}},{"k":[66,0,0,2,0],"v":{"t":[0,0]}},{"k":[67,0,0,1,0],"v":{"t":[0,0]}},{"k":[68,0,0,0,0],"v":{"t":[0,0]}},{"k":[64,0,0,3,0],"v":{"t":[0,0]}},{"k":[65,0,0,2,0],"v":{"t":[0,0]}},{"k":[66,0,0,1,0],"v":{"t":[0,0]}},{"k":[67,0,0,0,0],"v":{"t":[0,0]}},{"k":[64,0,0,6,0],"v":{"t":[0,0]}},{"k":[65,0,0,5,0],"v":{"t":[0,0]}},{"k":[66,0,0,4,0],"v":{"t":[0,0]}},{"k":[67,0,0,3,0],"v":{"t":[0,0]}},{"k":[68,0,0,2,0],"v":{"t":[0,0]}},{"k":[69,0,0,1,0],"v":{"t":[0,0]}},{"k":[70,0,0,0,0],"v":{"t":[0,0]}},{"k":[64,0,0,5,0],"v":{"t":[0,0]}},{"k":[65,0,0,4,0],"v":{"t":[0,0]}},{"k":[66,0,0,3,0],"v":{"t":[0,0]}},{"k":[67,0,0,2,0],"v":{"t":[0,0]}},{"k":[68,0,0,1,0],"v":{"t":[0,0]}},{"k":[69,0,0,0,0],"v":{"t":[0,0]}},{"k":[64,0,0,8,0],"v":{"t":[0,0]}},{"k":[65,0,0,7,0],"v":{"t":[0,0]}},{"k":[66,0,0,6,0],"v":{"t":[0,0]}},{"k":[67,0,0,5,0],"v":{"t":[0,0]}},{"k":[68,0,0,4,0],"v":{"t":[0,0]}},{"k":[69,0,0,3,0],"v":{"t":[0,0]}},{"k":[70,0,0,2,0],"v":{"t":[0,0]}},{"k":[71,0,0,1,0],"v":{"t":[0,0]}},{"k":[72,0,0,0,0],"v":{"t":[0,0]}},{"k":[64,0,0,7,0],"v":{"t":[0,0]}},{"k":[65,0,0,6,0],"v":{"t":[0,0]}},{"k":[66,0,0,5,0],"v":{"t":[0,0]}},{"k":[67,0,0,4,0],"v":{"t":[0,0]}},{"k":[68,0,0,3,0],"v":{"t":[0,0]}},{"k":[69,0,0,2,0],"v":{"t":[0,0]}},{"k":[70,0,0,1,0],"v":{"t":[0,0]}},{"k":[71,0,0,0,0],"v":{"t":[0,0]}},{"k":[64,0,0,0,0],"v":{"t":[0,0]}}]},"moun":{"a":[],"o":[]},"objs":{"list":[]},"objs3d":{"a":[],"o":[]},"sprites":{"list":[],"overflow":[],"walls":[]}}