{"lands":{"autotiles":[],"floors":[{"k":[79,0,0,35,0],"v":{"t":[0,0]}},{"k":[78,0,0,36,0],"v":{"t":[0,0]}},{"k":[77,0,0,37,0],"v":{"t":[0,0]}},{"k":[76,0,0,38,0],"v":{"t":[0,0]}},{"k":[75,0,0,39,0],"v":{"t":[0,0]}},{"k":[74,0,0,40,0],"v":{"t":[0,0]}},{"k":[73,0,0,41,0],"v":{"t":[0,0]}},{"k":[72,0,0,42,0],"v":{"t":[0,0]}},{"k":[71,0,0,43,0],"v":{"t":[0,0]}},{"k":[70,0,0,44,0],"v":{"t":[0,0]}},{"k":[69,0,0,45,0],"v":{"t":[0,0]}},{"k":[68,0,0,46,0],"v":{"t":[0,0]}},{"k":[67,0,0,47,0],"v":{"t":[0,0]}},{"k":[79,0,0,34,0],"v":{"t":[0,0]}},{"k":[78,0,0,35,0],"v":{"t":[0,0]}},{"k":[77,0,0,36,0],"v":{"t":[0,0]}},{"k":[76,0,0,37,0],"v":{"t":[0,0]}},{"k":[75,0,0,38,0],"v":{"t":[0,0]}},{"k":[74,0,0,39,0],"v":{"t":[0,0]}},{"k":[73,0,0,40,0],"v":{"t":[0,0]}},{"k":[72,0,0,41,0],"v":{"t":[0,0]}},{"k":[71,0,0,42,0],"v":{"t":[0,0]}},{"k":[70,0,0,43,0],"v":{"t":[0,0]}},{"k":[69,0,0,44,0],"v":{"t":[0,0]}},{"k":[68,0,0,45,0],"v":{"t":[0,0]}},{"k":[67,0,0,46,0],"v":{"t":[0,0]}},{"k":[66,0,0,47,0],"v":{"t":[0,0]}},{"k":[79,0,0,37,0],"v":{"t":[0,0]}},{"k":[78,0,0,38,0],"v":{"t":[0,0]}},{"k":[77,0,0,39,0],"v":{"t":[0,0]}},{"k":[76,0,0,40,0],"v":{"t":[0,0]}},{"k":[75,0,0,41,0],"v":{"t":[0,0]}},{"k":[74,0,0,42,0],"v":{"t":[0,0]}},{"k":[73,0,0,43,0],"v":{"t":[0,0]}},{"k":[72,0,0,44,0],"v":{"t":[0,0]}},{"k":[71,0,0,45,0],"v":{"t":[0,0]}},{"k":[70,0,0,46,0],"v":{"t":[0,0]}},{"k":[69,0,0,47,0],"v":{"t":[0,0]}},{"k":[79,0,0,36,0],"v":{"t":[0,0]}},{"k":[78,0,0,37,0],"v":{"t":[0,0]}},{"k":[77,0,0,38,0],"v":{"t":[0,0]}},{"k":[76,0,0,39,0],"v":{"t":[0,0]}},{"k":[75,0,0,40,0],"v":{"t":[0,0]}},{"k":[74,0,0,41,0],"v":{"t":[0,0]}},{"k":[73,0,0,42,0],"v":{"t":[0,0]}},{"k":[72,0,0,43,0],"v":{"t":[0,0]}},{"k":[71,0,0,44,0],"v":{"t":[0,0]}},{"k":[70,0,0,45,0],"v":{"t":[0,0]}},{"k":[69,0,0,46,0],"v":{"t":[0,0]}},{"k":[68,0,0,47,0],"v":{"t":[0,0]}},{"k":[79,0,0,39,0],"v":{"t":[0,0]}},{"k":[78,0,0,40,0],"v":{"t":[0,0]}},{"k":[77,0,0,41,0],"v":{"t":[0,0]}},{"k":[76,0,0,42,0],"v":{"t":[0,0]}},{"k":[75,0,0,43,0],"v":{"t":[0,0]}},{"k":[74,0,0,44,0],"v":{"t":[0,0]}},{"k":[73,0,0,45,0],"v":{"t":[0,0]}},{"k":[72,0,0,46,0],"v":{"t":[0,0]}},{"k":[71,0,0,47,0],"v":{"t":[0,0]}},{"k":[79,0,0,38,0],"v":{"t":[0,0]}},{"k":[78,0,0,39,0],"v":{"t":[0,0]}},{"k":[77,0,0,40,0],"v":{"t":[0,0]}},{"k":[76,0,0,41,0],"v":{"t":[0,0]}},{"k":[75,0,0,42,0],"v":{"t":[0,0]}},{"k":[74,0,0,43,0],"v":{"t":[0,0]}},{"k":[73,0,0,44,0],"v":{"t":[0,0]}},{"k":[72,0,0,45,0],"v":{"t":[0,0]}},{"k":[71,0,0,46,0],"v":{"t":[0,0]}},{"k":[70,0,0,47,0],"v":{"t":[0,0]}},{"k":[79,0,0,41,0],"v":{"t":[0,0]}},{"k":[78,0,0,42,0],"v":{"t":[0,0]}},{"k":[77,0,0,43,0],"v":{"t":[0,0]}},{"k":[76,0,0,44,0],"v":{"t":[0,0]}},{"k":[75,0,0,45,0],"v":{"t":[0,0]}},{"k":[74,0,0,46,0],"v":{"t":[0,0]}},{"k":[73,0,0,47,0],"v":{"t":[0,0]}},{"k":[79,0,0,40,0],"v":{"t":[0,0]}},{"k":[78,0,0,41,0],"v":{"t":[0,0]}},{"k":[77,0,0,42,0],"v":{"t":[0,0]}},{"k":[76,0,0,43,0],"v":{"t":[0,0]}},{"k":[75,0,0,44,0],"v":{"t":[0,0]}},{"k":[74,0,0,45,0],"v":{"t":[0,0]}},{"k":[73,0,0,46,0],"v":{"t":[0,0]}},{"k":[72,0,0,47,0],"v":{"t":[0,0]}},{"k":[74,0,0,32,0],"v":{"t":[0,0]}},{"k":[73,0,0,33,0],"v":{"t":[0,0]}},{"k":[72,0,0,34,0],"v":{"t":[0,0]}},{"k":[71,0,0,35,0],"v":{"t":[0,0]}},{"k":[70,0,0,36,0],"v":{"t":[0,0]}},{"k":[69,0,0,37,0],"v":{"t":[0,0]}},{"k":[68,0,0,38,0],"v":{"t":[0,0]}},{"k":[67,0,0,39,0],"v":{"t":[0,0]}},{"k":[66,0,0,40,0],"v":{"t":[0,0]}},{"k":[65,0,0,41,0],"v":{"t":[0,0]}},{"k":[64,0,0,42,0],"v":{"t":[0,0]}},{"k":[73,0,0,32,0],"v":{"t":[0,0]}},{"k":[72,0,0,33,0],"v":{"t":[0,0]}},{"k":[71,0,0,34,0],"v":{"t":[0,0]}},{"k":[70,0,0,35,0],"v":{"t":[0,0]}},{"k":[69,0,0,36,0],"v":{"t":[0,0]}},{"k":[68,0,0,37,0],"v":{"t":[0,0]}},{"k":[67,0,0,38,0],"v":{"t":[0,0]}},{"k":[66,0,0,39,0],"v":{"t":[0,0]}},{"k":[65,0,0,40,0],"v":{"t":[0,0]}},{"k":[64,0,0,41,0],"v":{"t":[0,0]}},{"k":[76,0,0,32,0],"v":{"t":[0,0]}},{"k":[75,0,0,33,0],"v":{"t":[0,0]}},{"k":[74,0,0,34,0],"v":{"t":[0,0]}},{"k":[73,0,0,35,0],"v":{"t":[0,0]}},{"k":[72,0,0,36,0],"v":{"t":[0,0]}},{"k":[71,0,0,37,0],"v":{"t":[0,0]}},{"k":[70,0,0,38,0],"v":{"t":[0,0]}},{"k":[69,0,0,39,0],"v":{"t":[0,0]}},{"k":[68,0,0,40,0],"v":{"t":[0,0]}},{"k":[67,0,0,41,0],"v":{"t":[0,0]}},{"k":[66,0,0,42,0],"v":{"t":[0,0]}},{"k":[65,0,0,43,0],"v":{"t":[0,0]}},{"k":[64,0,0,44,0],"v":{"t":[0,0]}},{"k":[75,0,0,32,0],"v":{"t":[0,0]}},{"k":[74,0,0,33,0],"v":{"t":[0,0]}},{"k":[73,0,0,34,0],"v":{"t":[0,0]}},{"k":[72,0,0,35,0],"v":{"t":[0,0]}},{"k":[71,0,0,36,0],"v":{"t":[0,0]}},{"k":[70,0,0,37,0],"v":{"t":[0,0]}},{"k":[69,0,0,38,0],"v":{"t":[0,0]}},{"k":[68,0,0,39,0],"v":{"t":[0,0]}},{"k":[67,0,0,40,0],"v":{"t":[0,0]}},{"k":[66,0,0,41,0],"v":{"t":[0,0]}},{"k":[65,0,0,42,0],"v":{"t":[0,0]}},{"k":[64,0,0,43,0],"v":{"t":[0,0]}},{"k":[78,0,0,32,0],"v":{"t":[0,0]}},{"k":[77,0,0,33,0],"v":{"t":[0,0]}},{"k":[76,0,0,34,0],"v":{"t":[0,0]}},{"k":[75,0,0,35,0],"v":{"t":[0,0]}},{"k":[74,0,0,36,0],"v":{"t":[0,0]}},{"k":[73,0,0,37,0],"v":{"t":[0,0]}},{"k":[72,0,0,38,0],"v":{"t":[0,0]}},{"k":[71,0,0,39,0],"v":{"t":[0,0]}},{"k":[70,0,0,40,0],"v":{"t":[0,0]}},{"k":[69,0,0,41,0],"v":{"t":[0,0]}},{"k":[68,0,0,42,0],"v":{"t":[0,0]}},{"k":[67,0,0,43,0],"v":{"t":[0,0]}},{"k":[66,0,0,44,0],"v":{"t":[0,0]}},{"k":[65,0,0,45,0],"v":{"t":[0,0]}},{"k":[64,0,0,46,0],"v":{"t":[0,0]}},{"k":[77,0,0,32,0],"v":{"t":[0,0]}},{"k":[76,0,0,33,0],"v":{"t":[0,0]}},{"k":[75,0,0,34,0],"v":{"t":[0,0]}},{"k":[74,0,0,35,0],"v":{"t":[0,0]}},{"k":[73,0,0,36,0],"v":{"t":[0,0]}},{"k":[72,0,0,37,0],"v":{"t":[0,0]}},{"k":[71,0,0,38,0],"v":{"t":[0,0]}},{"k":[70,0,0,39,0],"v":{"t":[0,0]}},{"k":[69,0,0,40,0],"v":{"t":[0,0]}},{"k":[68,0,0,41,0],"v":{"t":[0,0]}},{"k":[67,0,0,42,0],"v":{"t":[0,0]}},{"k":[66,0,0,43,0],"v":{"t":[0,0]}},{"k":[65,0,0,44,0],"v":{"t":[0,0]}},{"k":[64,0,0,45,0],"v":{"t":[0,0]}},{"k":[79,0,0,33,0],"v":{"t":[0,0]}},{"k":[78,0,0,34,0],"v":{"t":[0,0]}},{"k":[77,0,0,35,0],"v":{"t":[0,0]}},{"k":[76,0,0,36,0],"v":{"t":[0,0]}},{"k":[75,0,0,37,0],"v":{"t":[0,0]}},{"k":[74,0,0,38,0],"v":{"t":[0,0]}},{"k":[73,0,0,39,0],"v":{"t":[0,0]}},{"k":[72,0,0,40,0],"v":{"t":[0,0]}},{"k":[71,0,0,41,0],"v":{"t":[0,0]}},{"k":[70,0,0,42,0],"v":{"t":[0,0]}},{"k":[69,0,0,43,0],"v":{"t":[0,0]}},{"k":[68,0,0,44,0],"v":{"t":[0,0]}},{"k":[67,0,0,45,0],"v":{"t":[0,0]}},{"k":[66,0,0,46,0],"v":{"t":[0,0]}},{"k":[65,0,0,47,0],"v":{"t":[0,0]}},{"k":[79,0,0,32,0],"v":{"t":[0,0]}},{"k":[78,0,0,33,0],"v":{"t":[0,0]}},{"k":[77,0,0,34,0],"v":{"t":[0,0]}},{"k":[76,0,0,35,0],"v":{"t":[0,0]}},{"k":[75,0,0,36,0],"v":{"t":[0,0]}},{"k":[74,0,0,37,0],"v":{"t":[0,0]}},{"k":[73,0,0,38,0],"v":{"t":[0,0]}},{"k":[72,0,0,39,0],"v":{"t":[0,0]}},{"k":[71,0,0,40,0],"v":{"t":[0,0]}},{"k":[70,0,0,41,0],"v":{"t":[0,0]}},{"k":[69,0,0,42,0],"v":{"t":[0,0]}},{"k":[68,0,0,43,0],"v":{"t":[0,0]}},{"k":[67,0,0,44,0],"v":{"t":[0,0]}},{"k":[66,0,0,45,0],"v":{"t":[0,0]}},{"k":[65,0,0,46,0],"v":{"t":[0,0]}},{"k":[64,0,0,47,0],"v":{"t":[0,0]}},{"k":[66,0,0,32,0],"v":{"t":[0,0]}},{"k":[65,0,0,33,0],"v":{"t":[0,0]}},{"k":[64,0,0,34,0],"v":{"t":[0,0]}},{"k":[65,0,0,32,0],"v":{"t":[0,0]}},{"k":[64,0,0,33,0],"v":{"t":[0,0]}},{"k":[68,0,0,32,0],"v":{"t":[0,0]}},{"k":[67,0,0,33,0],"v":{"t":[0,0]}},{"k":[66,0,0,34,0],"v":{"t":[0,0]}},{"k":[65,0,0,35,0],"v":{"t":[0,0]}},{"k":[64,0,0,36,0],"v":{"t":[0,0]}},{"k":[67,0,0,32,0],"v":{"t":[0,0]}},{"k":[66,0,0,33,0],"v":{"t":[0,0]}},{"k":[65,0,0,34,0],"v":{"t":[0,0]}},{"k":[64,0,0,35,0],"v":{"t":[0,0]}},{"k":[70,0,0,32,0],"v":{"t":[0,0]}},{"k":[69,0,0,33,0],"v":{"t":[0,0]}},{"k":[68,0,0,34,0],"v":{"t":[0,0]}},{"k":[67,0,0,35,0],"v":{"t":[0,0]}},{"k":[66,0,0,36,0],"v":{"t":[0,0]}},{"k":[65,0,0,37,0],"v":{"t":[0,0]}},{"k":[64,0,0,38,0],"v":{"t":[0,0]}},{"k":[69,0,0,32,0],"v":{"t":[0,0]}},{"k":[68,0,0,33,0],"v":{"t":[0,0]}},{"k":[67,0,0,34,0],"v":{"t":[0,0]}},{"k":[66,0,0,35,0],"v":{"t":[0,0]}},{"k":[65,0,0,36,0],"v":{"t":[0,0]}},{"k":[64,0,0,37,0],"v":{"t":[0,0]}},{"k":[72,0,0,32,0],"v":{"t":[0,0]}},{"k":[71,0,0,33,0],"v":{"t":[0,0]}},{"k":[70,0,0,34,0],"v":{"t":[0,0]}},{"k":[69,0,0,35,0],"v":{"t":[0,0]}},{"k":[68,0,0,36,0],"v":{"t":[0,0]}},{"k":[67,0,0,37,0],"v":{"t":[0,0]}},{"k":[66,0,0,38,0],"v":{"t":[0,0]}},{"k":[65,0,0,39,0],"v":{"t":[0,0]}},{"k":[64,0,0,40,0],"v":{"t":[0,0]}},{"k":[71,0,0,32,0],"v":{"t":[0,0]}},{"k":[70,0,0,33,0],"v":{"t":[0,0]}},{"k":[69,0,0,34,0],"v":{"t":[0,0]}},{"k":[68,0,0,35,0],"v":{"t":[0,0]}},{"k":[67,0,0,36,0],"v":{"t":[0,0]}},{"k":[66,0,0,37,0],"v":{"t":[0,0]}},{"k":[65,0,0,38,0],"v":{"t":[0,0]}},{"k":[64,0,0,39,0],"v":{"t":[0,0]}},{"k":[64,0,0,32,0],"v":{"t":[0,0]}},{"k":[79,0,0,43,0],"v":{"t":[0,0]}},{"k":[78,0,0,44,0],"v":{"t":[0,0]}},{"k":[77,0,0,45,0],"v":{"t":[0,0]}},{"k":[76,0,0,46,0],"v":{"t":[0,0]}},{"k":[75,0,0,47,0],"v":{"t":[0,0]}},{"k":[79,0,0,42,0],"v":{"t":[0,0]}},{"k":[78,0,0,43,0],"v":{"t":[0,0]}},{"k":[77,0,0,44,0],"v":{"t":[0,0]}},{"k":[76,0,0,45,0],"v":{"t":[0,0]}},{"k":[75,0,0,46,0],"v":{"t":[0,0]}},{"k":[74,0,0,47,0],"v":{"t":[0,0]}},{"k":[79,0,0,45,0],"v":{"t":[0,0]}},{"k":[78,0,0,46,0],"v":{"t":[0,0]}},{"k":[77,0,0,47,0],"v":{"t":[0,0]}},{"k":[79,0,0,44,0],"v":{"t":[0,0]}},{"k":[78,0,0,45,0],"v":{"t":[0,0]}},{"k":[77,0,0,46,0],"v":{"t":[0,0]}},{"k":[76,0,0,47,0],"v":{"t":[0,0]}},{"k":[79,0,0,47,0],"v":{"t":[0,0]}},{"k":[79,0,0,46,0],"v":{"t":[0,0]}},{"k":[78,0,0,47,0],"v":{"t":[0,0]}}]},"moun":{"a":[],"o":[]},"objs":{"list":[]},"objs3d":{"a":[],"o":[]},"sprites":{"list":[{"k":[76,0,0,45,0],"v":{"k":4,"t":[0,1,2,2]}},{"k":[78,0,0,47,0],"v":{"k":4,"t":[7,3,1,1]}},{"k":[71,0,0,43,0],"v":{"k":4,"t":[0,1,2,2]}},{"k":[67,0,0,47,0],"v":{"k":4,"t":[6,12,2,2]}},{"k":[69,0,0,45,0],"v":{"k":4,"t":[6,12,2,2]}},{"k":[74,0,0,39,0],"v":{"k":4,"t":[0,1,2,2]}},{"k":[78,0,0,35,0],"v":{"k":4,"t":[7,1,1,1]}},{"k":[69,0,0,47,0],"v":{"k":4,"t":[7,3,1,1]}},{"k":[77,0,0,38,0],"v":{"k":4,"t":[6,12,2,2]}},{"k":[73,0,0,42,0],"v":{"k":4,"t":[6,12,2,2]}},{"k":[75,0,0,43,0],"v":{"k":4,"t":[6,12,2,2]}},{"k":[76,0,0,42,0],"v":{"k":4,"t":[6,12,2,2]}},{"k":[72,0,0,45,0],"v":{"k":4,"t":[6,12,2,2]}},{"k":[74,0,0,46,0],"v":{"k":4,"t":[6,12,2,2]}},{"k":[67,0,0,39,0],"v":{"k":4,"t":[6,12,2,2]}},{"k":[71,0,0,34,0],"v":{"k":4,"t":[6,12,2,2]}},{"k":[65,0,0,40,0],"v":{"k":4,"t":[4,1,1,1]}},{"k":[69,0,0,36,0],"v":{"k":4,"t":[4,1,1,1]}},{"k":[74,0,0,33,0],"v":{"k":4,"t":[0,1,2,2]}},{"k":[65,0,0,42,0],"v":{"k":4,"t":[0,1,2,2]}},{"k":[70,0,0,37,0],"v":{"k":4,"t":[6,12,2,2]}},{"k":[74,0,0,36,0],"v":{"k":4,"t":[6,12,2,2]}},{"k":[71,0,0,39,0],"v":{"k":4,"t":[6,12,2,2]}},{"k":[68,0,0,42,0],"v":{"k":4,"t":[6,12,2,2]}},{"k":[69,0,0,40,0],"v":{"k":4,"t":[6,12,2,2]}},{"k":[67,0,0,45,0],"v":{"k":4,"t":[0,1,2,2]}},{"k":[76,0,0,35,0],"v":{"k":4,"t":[6,12,2,2]}},{"k":[71,0,0,40,0],"v":{"k":4,"t":[6,12,2,2]}},{"k":[65,0,0,46,0],"v":{"k":4,"t":[6,12,2,2]}},{"k":[64,0,0,34,0],"v":{"k":4,"t":[6,12,2,2]}},{"k":[68,0,0,32,0],"v":{"k":4,"t":[6,12,2,2]}},{"k":[64,0,0,38,0],"v":{"k":4,"t":[7,1,1,1]}},{"k":[66,0,0,35,0],"v":{"k":4,"t":[6,12,2,2]}},{"k":[66,0,0,38,0],"v":{"k":4,"t":[0,1,2,2]}},{"k":[72,0,0,32,0],"v":{"k":4,"t":[6,12,2,2]}}],"overflow":[[73,0,0,48,0],[77,0,0,48,0]],"walls":[]}}