{"lands":{"autotiles":[],"floors":[{"k":[74,0,0,48,0],"v":{"t":[0,0]}},{"k":[73,0,0,49,0],"v":{"t":[0,0]}},{"k":[73,0,0,48,0],"v":{"t":[0,0]}},{"k":[72,0,0,49,0],"v":{"t":[0,0]}},{"k":[76,0,0,48,0],"v":{"t":[0,0]}},{"k":[75,0,0,49,0],"v":{"t":[0,0]}},{"k":[75,0,0,48,0],"v":{"t":[0,0]}},{"k":[74,0,0,49,0],"v":{"t":[0,0]}},{"k":[78,0,0,48,0],"v":{"t":[0,0]}},{"k":[77,0,0,49,0],"v":{"t":[0,0]}},{"k":[77,0,0,48,0],"v":{"t":[0,0]}},{"k":[76,0,0,49,0],"v":{"t":[0,0]}},{"k":[79,0,0,49,0],"v":{"t":[0,0]}},{"k":[79,0,0,48,0],"v":{"t":[0,0]}},{"k":[78,0,0,49,0],"v":{"t":[0,0]}},{"k":[66,0,0,48,0],"v":{"t":[0,0]}},{"k":[65,0,0,49,0],"v":{"t":[0,0]}},{"k":[65,0,0,48,0],"v":{"t":[0,0]}},{"k":[64,0,0,49,0],"v":{"t":[0,0]}},{"k":[68,0,0,48,0],"v":{"t":[0,0]}},{"k":[67,0,0,49,0],"v":{"t":[0,0]}},{"k":[67,0,0,48,0],"v":{"t":[0,0]}},{"k":[66,0,0,49,0],"v":{"t":[0,0]}},{"k":[70,0,0,48,0],"v":{"t":[0,0]}},{"k":[69,0,0,49,0],"v":{"t":[0,0]}},{"k":[69,0,0,48,0],"v":{"t":[0,0]}},{"k":[68,0,0,49,0],"v":{"t":[0,0]}},{"k":[72,0,0,48,0],"v":{"t":[0,0]}},{"k":[71,0,0,49,0],"v":{"t":[0,0]}},{"k":[71,0,0,48,0],"v":{"t":[0,0]}},{"k":[70,0,0,49,0],"v":{"t":[0,0]}},{"k":[64,0,0,48,0],"v":{"t":[0,0]}}]},"moun":{"a":[],"o":[]},"objs":{"list":[]},"objs3d":{"a":[],"o":[]},"sprites":{"list":[{"k":[73,0,0,48,0],"v":{"k":4,"t":[0,1,2,2]}},{"k":[75,0,0,49,0],"v":{"k":4,"t":[6,12,2,2]}},{"k":[77,0,0,48,0],"v":{"k":4,"t":[0,1,2,2]}},{"k":[67,0,0,49,0],"v":{"k":4,"t":[6,12,2,2]}},{"k":[70,0,0,49,0],"v":{"k":4,"t":[6,12,2,2]}}],"overflow":[],"walls":[]}}