{"bgs":{"id":-1,"ie":false,"is":false,"name":"<None>","v":{"k":3,"v":100}},"d":3,"h":16,"id":1,"isi":false,"isky":false,"l":80,"music":{"id":4,"ie":false,"is":false,"name":"Field1.mp3","v":{"k":3,"v":100}},"names":{"1":"MAP0001"},"of3d":[],"ofmoun":[{"k":[0,0,3],"v":[[0,-1,0,48,0],[0,-1,0,49,0]]}],"ofsprites":[{"k":[-1,0,1],"v":[[0,0,0,31,0]]},{"k":[-1,0,2],"v":[[0,0,0,41,0]]}],"sbid":{"k":7,"v":1},"so":{"events":[{"id":1,"name":"Time","p":[{"id":1,"name":"Interval","v":{"k":2,"v":null}},{"id":2,"name":"Repeat","v":{"k":10,"v":false}}],"r":{"1":{"bh":true,"c":[{"command":[0,1,0,0,3,-60,0,3,0,0,3,0,0,0,12,0,12,0,3,0,0,12,0],"kind":23},{"command":[0,1,0,0,3,0,0,3,0,0,3,0,0,0,12,0,12,0,3,0,0,12,20],"kind":23},{"command":[8,"",-1,0,0,1,"Num mundo fantástico onde cada continente é tomado por um tipo de natureza,\ncom sua fauna e flora típicas, há um continete chamado de [b][textcolor=3]Atlantic Land[/textcolor][/b], onde há\nlendas de criaturas mágicas e entidades protetoras da natureza."],"kind":1},{"command":[0,3,0,8,3,100,0,12,0,0,12,0],"kind":28},{"command":[7,-1,7,-1,7,2,0],"kind":18}]},"2":{"bh":true,"c":[]}},"sys":true}],"hId":-1,"id":1,"name":"","ooepf":false,"states":[{"cam":false,"climb":false,"dir":false,"gid":-1,"gk":0,"id":1,"move":false,"name":"Início","pix":false,"pos":false,"stop":false,"sx":{"k":12,"v":1},"sy":{"k":12,"v":1},"sz":{"k":12,"v":1},"through":false,"x":0,"y":0},{"cam":true,"climb":false,"dir":false,"gid":-1,"gk":0,"id":2,"move":true,"name":"Fim","pix":true,"pos":false,"stop":false,"sx":{"k":12,"v":1},"sy":{"k":12,"v":1},"sz":{"k":12,"v":1},"through":false,"x":0,"y":0}]},"tileset":1,"w":50}