{"armors":[{"battleMessage":{"id":-1,"names":{"1":""}},"car":[{"o":false,"svid":{"k":7,"v":10},"u":false,"v":{"k":3,"v":2}}],"d":{"id":-1,"names":{"1":"Um capacete de bronze"}},"id":1,"names":{"1":"Capacete de bronze"},"p":[{"k":1,"vf":{"k":8,"v":"10"}}],"pid":4},{"battleMessage":{"id":-1,"names":{"1":""}},"car":[{"o":false,"svid":{"k":7,"v":10},"u":false,"v":{"k":3,"v":3}}],"d":{"id":-1,"names":{"1":"Um correio de bronze"}},"id":2,"names":{"1":"Correio de Bronze"},"p":[{"k":1,"vf":{"k":8,"v":"50"}}],"pictureIndexX":1,"pid":4,"t":3},{"battleMessage":{"id":-1,"names":{"1":""}},"car":[{"o":false,"svid":{"k":7,"v":10},"u":false,"v":{"k":3,"v":2}}],"d":{"id":-1,"names":{"1":"Um avambraço de bronze"}},"id":3,"names":{"1":"Avambraços de Bronze"},"p":[{"k":1,"vf":{"k":8,"v":"40"}}],"pictureIndexX":2,"pid":4,"t":5},{"battleMessage":{"id":-1,"names":{"1":""}},"car":[{"o":false,"svid":{"k":7,"v":10},"u":false,"v":{"k":3,"v":2}}],"d":{"id":-1,"names":{"1":"Uma greva de bronze"}},"id":4,"names":{"1":"Grevas de Bronze"},"p":[{"k":1,"vf":{"k":8,"v":"30"}}],"pictureIndexX":3,"pid":4,"t":7},{"battleMessage":{"id":-1,"names":{"1":""}},"car":[{"o":false,"svid":{"k":7,"v":10},"u":false,"v":{"k":3,"v":2}}],"d":{"id":-1,"names":{"1":"Um chapéu de algodão"}},"id":5,"names":{"1":"Arnês de algodão"},"p":[{"k":1,"vf":{"k":8,"v":"10"}}],"pictureIndexY":4,"pid":4,"t":2},{"battleMessage":{"id":-1,"names":{"1":""}},"car":[{"o":false,"svid":{"k":7,"v":10},"u":false,"v":{"k":3,"v":3}}],"d":{"id":-1,"names":{"1":"Jaqueta de algodão"}},"id":6,"names":{"1":"colete de algodão"},"p":[{"k":1,"vf":{"k":8,"v":"50"}}],"pictureIndexX":1,"pictureIndexY":4,"pid":4,"t":4},{"battleMessage":{"id":-1,"names":{"1":""}},"car":[{"o":false,"svid":{"k":7,"v":10},"u":false,"v":{"k":3,"v":2}}],"d":{"id":-1,"names":{"1":"Uma luva de algodão"}},"id":7,"names":{"1":"luvas de algodão"},"p":[{"k":1,"vf":{"k":8,"v":"40"}}],"pictureIndexX":2,"pictureIndexY":4,"pid":4,"t":6},{"battleMessage":{"id":-1,"names":{"1":""}},"car":[{"o":false,"svid":{"k":7,"v":10},"u":false,"v":{"k":3,"v":2}}],"d":{"id":-1,"names":{"1":"calças de algodão"}},"id":8,"names":{"1":"calças de algodão"},"p":[{"k":1,"vf":{"k":8,"v":"30"}}],"pictureIndexX":3,"pictureIndexY":4,"pid":4,"t":7},{"battleMessage":{"id":-1,"names":{"1":""}},"car":[{"o":false,"svid":{"k":7,"v":10},"u":false,"v":{"k":3,"v":3}}],"d":{"id":-1,"names":{"1":"Um capacete de prata"}},"id":9,"names":{"1":"capacete prateado"},"p":[{"k":1,"vf":{"k":8,"v":"100"}}],"pictureIndexY":1,"pid":4},{"battleMessage":{"id":-1,"names":{"1":""}},"car":[{"o":false,"svid":{"k":7,"v":10},"u":false,"v":{"k":3,"v":5}}],"d":{"id":-1,"names":{"1":"Um correio de prata"}},"id":10,"names":{"1":"correio de prata"},"p":[{"k":1,"vf":{"k":8,"v":"500"}}],"pictureIndexX":1,"pictureIndexY":1,"pid":4,"t":3},{"battleMessage":{"id":-1,"names":{"1":""}},"car":[{"o":false,"svid":{"k":7,"v":10},"u":false,"v":{"k":3,"v":3}}],"d":{"id":-1,"names":{"1":"Uma braçadeira de prata"}},"id":11,"names":{"1":"Braçadeiras de Prata"},"p":[{"k":1,"vf":{"k":8,"v":"400"}}],"pictureIndexX":2,"pictureIndexY":1,"pid":4,"t":5},{"battleMessage":{"id":-1,"names":{"1":""}},"car":[{"o":false,"svid":{"k":7,"v":10},"u":false,"v":{"k":3,"v":3}}],"d":{"id":-1,"names":{"1":"Uma legging prateada"}},"id":12,"names":{"1":"torresmos de prata"},"p":[{"k":1,"vf":{"k":8,"v":"300"}}],"pictureIndexX":3,"pictureIndexY":1,"pid":4,"t":7},{"battleMessage":{"id":-1,"names":{"1":""}},"car":[{"o":false,"svid":{"k":7,"v":10},"u":false,"v":{"k":3,"v":3}}],"d":{"id":-1,"names":{"1":"Um capacete de couro"}},"id":13,"names":{"1":"Arnês de couro"},"p":[{"k":1,"vf":{"k":8,"v":"100"}}],"pictureIndexY":4,"pid":4,"t":2},{"battleMessage":{"id":-1,"names":{"1":""}},"car":[{"o":false,"svid":{"k":7,"v":10},"u":false,"v":{"k":3,"v":5}}],"d":{"id":-1,"names":{"1":"Um colete de couro"}},"id":14,"names":{"1":"Jaqueta de couro"},"p":[{"k":1,"vf":{"k":8,"v":"500"}}],"pictureIndexX":1,"pictureIndexY":4,"pid":4,"t":4},{"battleMessage":{"id":-1,"names":{"1":""}},"car":[{"o":false,"svid":{"k":7,"v":10},"u":false,"v":{"k":3,"v":3}}],"d":{"id":-1,"names":{"1":"Uma luva de couro"}},"id":15,"names":{"1":"luvas de couro"},"p":[{"k":1,"vf":{"k":8,"v":"400"}}],"pictureIndexX":2,"pictureIndexY":4,"pid":4,"t":6},{"battleMessage":{"id":-1,"names":{"1":""}},"car":[{"o":false,"svid":{"k":7,"v":10},"u":false,"v":{"k":3,"v":3}}],"d":{"id":-1,"names":{"1":"Calça de couro"}},"id":16,"names":{"1":"Calça de couro"},"p":[{"k":1,"vf":{"k":8,"v":"300"}}],"pictureIndexX":3,"pictureIndexY":4,"pid":4,"t":7},{"battleMessage":{"id":-1,"names":{"1":""}},"car":[{"o":false,"svid":{"k":7,"v":10},"u":false,"v":{"k":3,"v":10}}],"d":{"id":-1,"names":{"1":"Um capacete dourado"}},"id":17,"names":{"1":"capacete dourado"},"p":[{"k":1,"vf":{"k":8,"v":"1000"}}],"pictureIndexY":2,"pid":4},{"battleMessage":{"id":-1,"names":{"1":""}},"car":[{"o":false,"svid":{"k":7,"v":10},"u":false,"v":{"k":3,"v":15}}],"d":{"id":-1,"names":{"1":"Um correio dourado"}},"id":18,"names":{"1":"correio dourado"},"p":[{"k":1,"vf":{"k":8,"v":"5000"}}],"pictureIndexX":1,"pictureIndexY":2,"pid":4,"t":3},{"battleMessage":{"id":-1,"names":{"1":""}},"car":[{"o":false,"svid":{"k":7,"v":10},"u":false,"v":{"k":3,"v":10}}],"d":{"id":-1,"names":{"1":"Uma braçadeira de ouro"}},"id":19,"names":{"1":"Braçadeiras Douradas"},"p":[{"k":1,"vf":{"k":8,"v":"4000"}}],"pictureIndexX":2,"pictureIndexY":2,"pid":4,"t":5},{"battleMessage":{"id":-1,"names":{"1":""}},"car":[{"o":false,"svid":{"k":7,"v":10},"u":false,"v":{"k":3,"v":10}}],"d":{"id":-1,"names":{"1":"Uma legging dourada"}},"id":20,"names":{"1":"Grevas Douradas"},"p":[{"k":1,"vf":{"k":8,"v":"3000"}}],"pictureIndexX":3,"pictureIndexY":2,"pid":4,"t":7},{"battleMessage":{"id":-1,"names":{"1":""}},"car":[{"o":false,"svid":{"k":7,"v":11},"u":false,"v":{"k":3,"v":10}}],"d":{"id":-1,"names":{"1":"Um capacete de luxo"}},"id":21,"names":{"1":"Arnês de luxo"},"p":[{"k":1,"vf":{"k":8,"v":"1000"}}],"pictureIndexY":6,"pid":4,"t":2},{"battleMessage":{"id":-1,"names":{"1":""}},"car":[{"o":false,"svid":{"k":7,"v":11},"u":false,"v":{"k":3,"v":15}}],"d":{"id":-1,"names":{"1":"Um colete luxuoso"}},"id":22,"names":{"1":"Colete de luxo"},"p":[{"k":1,"vf":{"k":8,"v":"5000"}}],"pictureIndexX":1,"pictureIndexY":6,"pid":4,"t":4},{"battleMessage":{"id":-1,"names":{"1":""}},"car":[{"o":false,"svid":{"k":7,"v":11},"u":false,"v":{"k":3,"v":10}}],"d":{"id":-1,"names":{"1":"Uma luva de luxo"}},"id":23,"names":{"1":"Luvas luxuosas"},"p":[{"k":1,"vf":{"k":8,"v":"4000"}}],"pictureIndexX":2,"pictureIndexY":6,"pid":4,"t":6},{"battleMessage":{"id":-1,"names":{"1":""}},"car":[{"o":false,"svid":{"k":7,"v":11},"u":false,"v":{"k":3,"v":10}}],"d":{"id":-1,"names":{"1":"Calças luxuosas"}},"id":24,"names":{"1":"Calças luxuosas"},"p":[{"k":1,"vf":{"k":8,"v":"3000"}}],"pictureIndexX":3,"pictureIndexY":6,"pid":4,"t":7},{"battleMessage":{"id":-1,"names":{"1":""}},"car":[{"o":false,"svid":{"k":7,"v":10},"u":false,"v":{"k":3,"v":30}}],"d":{"id":-1,"names":{"1":"Um capacete de diamante"}},"id":25,"names":{"1":"capacete de diamante"},"p":[{"k":1,"vf":{"k":8,"v":"10000"}}],"pictureIndexY":3,"pid":4},{"battleMessage":{"id":-1,"names":{"1":""}},"car":[{"o":false,"svid":{"k":7,"v":10},"u":false,"v":{"k":3,"v":50}}],"d":{"id":-1,"names":{"1":"Um mensageiro de diamante"}},"id":26,"names":{"1":"correio de diamante"},"p":[{"k":1,"vf":{"k":8,"v":"50000"}}],"pictureIndexX":1,"pictureIndexY":3,"pid":4,"t":3},{"battleMessage":{"id":-1,"names":{"1":""}},"car":[{"o":false,"svid":{"k":7,"v":10},"u":false,"v":{"k":3,"v":30}}],"d":{"id":-1,"names":{"1":"Uma braçadeira de diamante"}},"id":27,"names":{"1":"Braçadeiras de diamante"},"p":[{"k":1,"vf":{"k":8,"v":"40000"}}],"pictureIndexX":2,"pictureIndexY":3,"pid":4,"t":5},{"battleMessage":{"id":-1,"names":{"1":""}},"car":[{"o":false,"svid":{"k":7,"v":10},"u":false,"v":{"k":3,"v":30}}],"d":{"id":-1,"names":{"1":"Um diamante de torresmo"}},"id":28,"names":{"1":"Grevas de diamante"},"p":[{"k":1,"vf":{"k":8,"v":"30000"}}],"pictureIndexX":3,"pictureIndexY":3,"pid":4,"t":7},{"battleMessage":{"id":-1,"names":{"1":""}},"car":[{"o":false,"svid":{"k":7,"v":11},"u":false,"v":{"k":3,"v":30}}],"d":{"id":-1,"names":{"1":"Um capacete místico"}},"id":29,"names":{"1":"capacete místico"},"p":[{"k":1,"vf":{"k":8,"v":"10000"}}],"pictureIndexY":7,"pid":4,"t":2},{"battleMessage":{"id":-1,"names":{"1":""}},"car":[{"o":false,"svid":{"k":7,"v":10},"u":false,"v":{"k":3,"v":50}}],"d":{"id":-1,"names":{"1":"Um colete místico"}},"id":30,"names":{"1":"colete místico"},"p":[{"k":1,"vf":{"k":8,"v":"50000"}}],"pictureIndexX":1,"pictureIndexY":7,"pid":4,"t":4},{"battleMessage":{"id":-1,"names":{"1":""}},"car":[{"o":false,"svid":{"k":7,"v":11},"u":false,"v":{"k":3,"v":30}}],"d":{"id":-1,"names":{"1":"Uma luva mística"}},"id":31,"names":{"1":"Luvas Místicas"},"p":[{"k":1,"vf":{"k":8,"v":"40000"}}],"pictureIndexX":2,"pictureIndexY":7,"pid":4,"t":6},{"battleMessage":{"id":-1,"names":{"1":""}},"car":[{"o":false,"svid":{"k":7,"v":10},"u":false,"v":{"k":3,"v":30}}],"d":{"id":-1,"names":{"1":"calças místicas"}},"id":32,"names":{"1":"calças místicas"},"p":[{"k":1,"vf":{"k":8,"v":"30000"}}],"pictureIndexX":3,"pictureIndexY":7,"pid":4,"t":7},{"battleMessage":{"id":-1,"names":{"1":""}},"car":[{"o":false,"svid":{"k":7,"v":9},"u":false,"v":{"k":3,"v":25}}],"d":{"id":-1,"names":{"1":"Um lindo anel de safira"}},"id":33,"names":{"1":"Anel de Safira"},"p":[{"k":1,"vf":{"k":8,"v":"1000"}}],"pictureIndexY":9,"pid":4,"t":9},{"battleMessage":{"id":-1,"names":{"1":""}},"car":[{"o":false,"svid":{"k":7,"v":9},"u":false,"v":{"k":3,"v":20}}],"d":{"id":-1,"names":{"1":"Um lindo colar de safira"}},"id":34,"names":{"1":"Colar de Safira"},"p":[{"k":1,"vf":{"k":8,"v":"500"}}],"pictureIndexX":1,"pictureIndexY":9,"pid":4,"t":10},{"battleMessage":{"id":-1,"names":{"1":""}},"car":[{"o":false,"svid":{"k":7,"v":9},"u":false,"v":{"k":3,"v":15}}],"d":{"id":-1,"names":{"1":"Uma linda pulseira de safira"}},"id":35,"names":{"1":"Pulseira de Safira"},"p":[{"k":1,"vf":{"k":8,"v":"300"}}],"pictureIndexX":2,"pictureIndexY":9,"pid":4,"t":11},{"battleMessage":{"id":-1,"names":{"1":""}},"car":[{"o":false,"svid":{"k":7,"v":9},"u":false,"v":{"k":3,"v":10}}],"d":{"id":-1,"names":{"1":"Um lindo brinco de safira"}},"id":36,"names":{"1":"brinco de safira"},"p":[{"k":1,"vf":{"k":8,"v":"150"}}],"pictureIndexX":3,"pictureIndexY":9,"pid":4,"t":12},{"battleMessage":{"id":-1,"names":{"1":""}},"car":[{"o":false,"svid":{"k":7,"v":8},"u":false,"v":{"k":3,"v":25}}],"d":{"id":-1,"names":{"1":"Um lindo anel de rubi"}},"id":37,"names":{"1":"anel de rubi"},"p":[{"k":1,"vf":{"k":8,"v":"1000"}}],"pictureIndexY":10,"pid":4,"t":9},{"battleMessage":{"id":-1,"names":{"1":""}},"car":[{"o":false,"svid":{"k":7,"v":8},"u":false,"v":{"k":3,"v":20}}],"d":{"id":-1,"names":{"1":"Um lindo colar de rubi"}},"id":38,"names":{"1":"colar de rubi"},"p":[{"k":1,"vf":{"k":8,"v":"500"}}],"pictureIndexX":1,"pictureIndexY":10,"pid":4,"t":10},{"battleMessage":{"id":-1,"names":{"1":""}},"car":[{"o":false,"svid":{"k":7,"v":8},"u":false,"v":{"k":3,"v":15}}],"d":{"id":-1,"names":{"1":"Uma linda pulseira de rubi"}},"id":39,"names":{"1":"pulseira de rubi"},"p":[{"k":1,"vf":{"k":8,"v":"300"}}],"pictureIndexX":2,"pictureIndexY":10,"pid":4,"t":11},{"battleMessage":{"id":-1,"names":{"1":""}},"car":[{"o":false,"svid":{"k":7,"v":8},"u":false,"v":{"k":3,"v":10}}],"d":{"id":-1,"names":{"1":"Um lindo brinco de rubi"}},"id":40,"names":{"1":"brinco de rubi"},"p":[{"k":1,"vf":{"k":8,"v":"150"}}],"pictureIndexX":3,"pictureIndexY":10,"pid":4,"t":12},{"battleMessage":{"id":-1,"names":{"1":""}},"car":[{"o":false,"svid":{"k":7,"v":12},"u":false,"v":{"k":3,"v":25}}],"d":{"id":-1,"names":{"1":"Um lindo anel de esmeralda"}},"id":41,"names":{"1":"anel de esmeralda"},"p":[{"k":1,"vf":{"k":8,"v":"1000"}}],"pictureIndexY":11,"pid":4,"t":9},{"battleMessage":{"id":-1,"names":{"1":""}},"car":[{"o":false,"svid":{"k":7,"v":12},"u":false,"v":{"k":3,"v":20}}],"d":{"id":-1,"names":{"1":"Um lindo colar de esmeraldas"}},"id":42,"names":{"1":"colar de esmeraldas"},"p":[{"k":1,"vf":{"k":8,"v":"500"}}],"pictureIndexX":1,"pictureIndexY":11,"pid":4,"t":10},{"battleMessage":{"id":-1,"names":{"1":""}},"car":[{"o":false,"svid":{"k":7,"v":12},"u":false,"v":{"k":3,"v":15}}],"d":{"id":-1,"names":{"1":"Uma linda pulseira de esmeraldas"}},"id":43,"names":{"1":"pulseira de esmeralda"},"p":[{"k":1,"vf":{"k":8,"v":"300"}}],"pictureIndexX":2,"pictureIndexY":11,"pid":4,"t":11},{"battleMessage":{"id":-1,"names":{"1":""}},"car":[{"o":false,"svid":{"k":7,"v":12},"u":false,"v":{"k":3,"v":10}}],"d":{"id":-1,"names":{"1":"Um lindo brinco de esmeralda"}},"id":44,"names":{"1":"brinco de esmeralda"},"p":[{"k":1,"vf":{"k":8,"v":"150"}}],"pictureIndexX":3,"pictureIndexY":11,"pid":4,"t":12}]}