{"armorsKind":[{"equipment":[false,false,true,false,false,false,false],"id":1,"names":{"1":"Capacete"}},{"equipment":[false,false,true,false,false,false,false],"id":2,"names":{"1":"capacete"}},{"equipment":[false,false,false,true,false,false,false],"id":3,"names":{"1":"Correio"}},{"equipment":[false,false,false,true,false,false,false],"id":4,"names":{"1":"Colete"}},{"equipment":[false,false,false,false,true,false,false],"id":5,"names":{"1":"Avambraços"}},{"equipment":[false,false,false,false,true,false,false],"id":6,"names":{"1":"Luvas"}},{"equipment":[false,false,false,false,false,true,false],"id":7,"names":{"1":"Grevas"}},{"equipment":[false,false,false,false,false,true,false],"id":8,"names":{"1":"Calças"}},{"equipment":[false,false,false,false,false,false,true],"id":9,"names":{"1":"Anel"}},{"equipment":[false,false,false,false,false,false,true],"id":10,"names":{"1":"Colar"}},{"equipment":[false,false,false,false,false,false,true],"id":11,"names":{"1":"Pulseira"}},{"equipment":[false,false,false,false,false,false,true],"id":12,"names":{"1":"Brinco"}}],"battleCommands":[{"id":1,"s":1},{"id":2,"s":2},{"id":3,"s":3},{"id":4,"s":4},{"id":5,"s":5}],"battleMaps":[{"id":1,"idm":2,"name":"Padrão","p":[8,0,0,7]}],"blevelup":{"id":4,"ie":false,"is":false,"name":"Levelup.wav","v":{"k":3,"v":100}},"bmusic":{"id":2,"ie":false,"is":false,"name":"Battle1.mp3","v":{"k":3,"v":100}},"bvictory":{"id":2,"ie":false,"is":false,"name":"Battle1.mp3","v":{"k":3,"v":100}},"elements":[{"e":[{"k":5,"v":{"k":12,"v":2}},{"k":4,"v":{"k":12,"v":0.5}}],"id":1,"names":{"1":"Fogo"},"pictureIndexX":4,"pictureIndexY":2,"pid":5},{"e":[{"k":6,"v":{"k":12,"v":0.5}},{"k":3,"v":{"k":12,"v":2}}],"id":2,"names":{"1":"Terra"},"pictureIndexY":3,"pid":5},{"e":[{"k":2,"v":{"k":12,"v":0.5}},{"k":4,"v":{"k":12,"v":2}}],"id":3,"names":{"1":"Trovão"},"pictureIndexX":3,"pictureIndexY":3,"pid":5},{"e":[{"k":1,"v":{"k":12,"v":2}},{"k":3,"v":{"k":12,"v":0.5}}],"id":4,"names":{"1":"Água"},"pictureIndexX":6,"pictureIndexY":3,"pid":5},{"e":[{"k":6,"v":{"k":12,"v":2}},{"k":1,"v":{"k":12,"v":0.5}}],"id":5,"names":{"1":"Gelo"},"pictureIndexX":2,"pictureIndexY":4,"pid":5},{"e":[{"k":2,"v":{"k":12,"v":2}},{"k":5,"v":{"k":12,"v":0.5}}],"id":6,"names":{"1":"Vento"},"pictureIndexX":5,"pictureIndexY":4,"pid":5},{"e":[{"k":8,"v":{"k":12,"v":2}}],"id":7,"names":{"1":"Trevas"},"pictureIndexX":1,"pictureIndexY":5,"pid":5},{"e":[{"k":7,"v":{"k":12,"v":2}}],"id":8,"names":{"1":"Leve"},"pictureIndexX":4,"pictureIndexY":5,"pid":5}],"equipments":[{"id":1,"names":{"1":"Mão esquerda"}},{"id":2,"names":{"1":"Mão direita"}},{"id":3,"names":{"1":"Cabeça"}},{"id":4,"names":{"1":"Tronco"}},{"id":5,"names":{"1":"Braços"}},{"id":6,"names":{"1":"Pernas"}},{"id":7,"names":{"1":"Acessório"}}],"fc":{"k":8,"v":"damage * 2"},"fisdead":{"k":8,"v":"u.hp === 0"},"lv":1,"statistics":[{"abr":"lv","fix":true,"id":1,"names":{"1":"Nv."}},{"abr":"xp","fix":false,"id":2,"names":{"1":"Exp."}},{"abr":"hp","fix":false,"id":3,"names":{"1":"HP"},"pid":1},{"abr":"mp","fix":false,"id":4,"names":{"1":"MP"},"pid":2},{"abr":"tp","fix":false,"id":5,"names":{"1":"TP"},"pid":3},{"abr":"atk","fix":true,"id":6,"names":{"1":"Ataque"}},{"abr":"mag","fix":true,"id":7,"names":{"1":"Mágica"}},{"abr":"str","fix":true,"id":8,"names":{"1":"Forças"}},{"abr":"int","fix":true,"id":9,"names":{"1":"Inteligencia"}},{"abr":"pdef","fix":true,"id":10,"names":{"1":"P. defesa"}},{"abr":"mdef","fix":true,"id":11,"names":{"1":"M. defesa"}},{"abr":"agi","fix":true,"id":12,"names":{"1":"Agilidade"}}],"weaponsKind":[{"equipment":[true,true,false,false,false,false,false],"id":1,"names":{"1":"Espada"}},{"equipment":[true,true,false,false,false,false,false],"id":2,"names":{"1":"Machado"}},{"equipment":[true,true,false,false,false,false,false],"id":3,"names":{"1":"Lança"}},{"equipment":[true,true,false,false,false,false,false],"id":4,"names":{"1":"Faca"}},{"equipment":[true,true,false,false,false,false,false],"id":5,"names":{"1":"Equipe"}},{"equipment":[true,true,false,false,false,false,false],"id":6,"names":{"1":"Grudar"}},{"equipment":[true,true,false,false,false,false,false],"id":7,"names":{"1":"Arma de fogo"}},{"equipment":[true,true,false,false,false,false,false],"id":8,"names":{"1":"Arco"}}],"xp":2}