{"classes":[{"characteristics":[{"k":2},{"ewtid":{"k":7,"v":2},"iae":false,"k":2},{"ewtid":{"k":7,"v":3},"iae":false,"k":2},{"ewtid":{"k":7,"v":4},"iae":false,"k":2},{"ewtid":{"k":7,"v":5},"iae":false,"k":2},{"ewtid":{"k":7,"v":6},"iae":false,"k":2},{"ewtid":{"k":7,"v":7},"iae":false,"k":2},{"ewtid":{"k":7,"v":8},"iae":false,"k":2},{"eatid":{"k":7,"v":2},"iae":false,"iaew":false,"k":2},{"eatid":{"k":7,"v":4},"iae":false,"iaew":false,"k":2},{"eatid":{"k":7,"v":6},"iae":false,"iaew":false,"k":2},{"eatid":{"k":7,"v":8},"iae":false,"iaew":false,"k":2}],"eB":5,"eI":20,"id":1,"iniL":1,"mxL":100,"names":{"1":"Cavaleiro"},"skills":[{"id":6,"l":1,"name":"Blazing sword"},{"id":7,"l":5,"name":"Power"},{"id":8,"l":10,"name":"Bandage"},{"id":74,"l":15,"name":"Resolve"},{"id":75,"l":20,"name":"Shining Slice"}],"stats":[{"id":3,"if":true,"m":{"k":3,"v":1000},"name":"HP","r":{"k":3,"v":0},"t":{"e":0,"f":{"k":3,"v":500},"i":{"k":3,"v":20}}},{"id":4,"if":true,"m":{"k":3,"v":200},"name":"MP","r":{"k":3,"v":0},"t":{"e":0,"f":{"k":3,"v":200},"i":{"k":3,"v":10}}},{"id":5,"if":true,"m":{"k":3,"v":300},"name":"TP","r":{"k":3,"v":0},"t":{"e":0,"f":{"k":3,"v":300},"i":{"k":3,"v":10}}},{"f":{"k":8,"v":"Math.ceil(u.str * 0.3)"},"id":6,"if":false,"m":{"k":3,"v":999},"name":"Attack"},{"f":{"k":8,"v":"Math.ceil(u.int * 0.3)"},"id":7,"if":false,"m":{"k":3,"v":999},"name":"Magic"},{"id":8,"if":true,"m":{"k":3,"v":400},"name":"Strength","r":{"k":3,"v":0},"t":{"e":0,"f":{"k":3,"v":400},"i":{"k":3,"v":1}}},{"id":9,"if":true,"m":{"k":3,"v":50},"name":"Intelligence","r":{"k":3,"v":0},"t":{"e":0,"f":{"k":3,"v":50},"i":{"k":3,"v":1}}},{"id":10,"if":true,"m":{"k":3,"v":125},"name":"P. defense","r":{"k":3,"v":0},"t":{"e":0,"f":{"k":3,"v":125},"i":{"k":3,"v":0}}},{"id":11,"if":true,"m":{"k":3,"v":75},"name":"M. defense","r":{"k":3,"v":0},"t":{"e":0,"f":{"k":3,"v":75},"i":{"k":3,"v":0}}},{"id":12,"if":true,"m":{"k":3,"v":100},"name":"Agility","r":{"k":3,"v":0},"t":{"e":0,"f":{"k":3,"v":100},"i":{"k":3,"v":1}}}]},{"characteristics":[{"iae":false,"k":2},{"ewtid":{"k":7,"v":2},"k":2},{"ewtid":{"k":7,"v":3},"iae":false,"k":2},{"ewtid":{"k":7,"v":4},"iae":false,"k":2},{"ewtid":{"k":7,"v":5},"iae":false,"k":2},{"ewtid":{"k":7,"v":6},"iae":false,"k":2},{"ewtid":{"k":7,"v":7},"iae":false,"k":2},{"ewtid":{"k":7,"v":8},"iae":false,"k":2},{"eatid":{"k":7,"v":2},"iae":false,"iaew":false,"k":2},{"eatid":{"k":7,"v":4},"iae":false,"iaew":false,"k":2},{"eatid":{"k":7,"v":6},"iae":false,"iaew":false,"k":2},{"eatid":{"k":7,"v":8},"iae":false,"iaew":false,"k":2}],"eB":5,"eI":20,"id":2,"iniL":1,"mxL":100,"names":{"1":"Guerreiro"},"skills":[{"id":9,"l":1,"name":"Cross axe"},{"id":10,"l":5,"name":"War cry"},{"id":79,"l":10,"name":"Wide Axe Swing"},{"id":11,"l":15,"name":"Heavy jump"},{"id":78,"l":20,"name":"Bloody Brawl"}],"stats":[{"id":3,"if":true,"m":{"k":3,"v":600},"name":"HP","r":{"k":3,"v":0},"t":{"e":0,"f":{"k":3,"v":600},"i":{"k":3,"v":20}}},{"id":4,"if":true,"m":{"k":3,"v":200},"name":"MP","r":{"k":3,"v":0},"t":{"e":0,"f":{"k":3,"v":200},"i":{"k":3,"v":10}}},{"id":5,"if":true,"m":{"k":3,"v":300},"name":"TP","r":{"k":3,"v":0},"t":{"e":0,"f":{"k":3,"v":300},"i":{"k":3,"v":10}}},{"f":{"k":8,"v":"Math.ceil(u.str * 0.3)"},"id":6,"if":false,"m":{"k":3,"v":999},"name":"Attack"},{"f":{"k":8,"v":"Math.ceil(u.int * 0.3)"},"id":7,"if":false,"m":{"k":3,"v":999},"name":"Magic"},{"id":8,"if":true,"m":{"k":3,"v":500},"name":"Strength","r":{"k":3,"v":0},"t":{"e":0,"f":{"k":3,"v":500},"i":{"k":3,"v":1}}},{"id":9,"if":true,"m":{"k":3,"v":50},"name":"Intelligence","r":{"k":3,"v":0},"t":{"e":0,"f":{"k":3,"v":50},"i":{"k":3,"v":1}}},{"id":10,"if":true,"m":{"k":3,"v":50},"name":"P. defense","r":{"k":3,"v":0},"t":{"e":0,"f":{"k":3,"v":50},"i":{"k":3,"v":0}}},{"id":11,"if":true,"m":{"k":3,"v":50},"name":"M. defense","r":{"k":3,"v":0},"t":{"e":0,"f":{"k":3,"v":50},"i":{"k":3,"v":0}}},{"id":12,"if":true,"m":{"k":3,"v":100},"name":"Agility","r":{"k":3,"v":0},"t":{"e":0,"f":{"k":3,"v":100},"i":{"k":3,"v":1}}}]},{"characteristics":[{"iae":false,"k":2},{"ewtid":{"k":7,"v":2},"iae":false,"k":2},{"ewtid":{"k":7,"v":3},"k":2},{"ewtid":{"k":7,"v":4},"iae":false,"k":2},{"ewtid":{"k":7,"v":5},"iae":false,"k":2},{"ewtid":{"k":7,"v":6},"iae":false,"k":2},{"ewtid":{"k":7,"v":7},"iae":false,"k":2},{"ewtid":{"k":7,"v":8},"iae":false,"k":2},{"eatid":{"k":7,"v":2},"iae":false,"iaew":false,"k":2},{"eatid":{"k":7,"v":4},"iae":false,"iaew":false,"k":2},{"eatid":{"k":7,"v":6},"iae":false,"iaew":false,"k":2},{"eatid":{"k":7,"v":8},"iae":false,"iaew":false,"k":2}],"eB":5,"eI":20,"id":3,"iniL":1,"mxL":100,"names":{"1":"Lanceiro"},"skills":[{"id":12,"l":1,"name":"Pic lance"},{"id":13,"l":5,"name":"Long slay"},{"id":14,"l":10,"name":"Concentration"},{"id":76,"l":15,"name":"Practiced Thrust"},{"id":77,"l":20,"name":"Rapid Strikes"}],"stats":[{"id":3,"if":true,"m":{"k":3,"v":500},"name":"HP","r":{"k":3,"v":0},"t":{"e":0,"f":{"k":3,"v":500},"i":{"k":3,"v":20}}},{"id":4,"if":true,"m":{"k":3,"v":200},"name":"MP","r":{"k":3,"v":0},"t":{"e":0,"f":{"k":3,"v":200},"i":{"k":3,"v":10}}},{"id":5,"if":true,"m":{"k":3,"v":300},"name":"TP","r":{"k":3,"v":0},"t":{"e":0,"f":{"k":3,"v":300},"i":{"k":3,"v":10}}},{"f":{"k":8,"v":"Math.ceil(u.str * 0.3)"},"id":6,"if":false,"m":{"k":3,"v":999},"name":"Attack"},{"f":{"k":8,"v":"Math.ceil(u.int * 0.3)"},"id":7,"if":false,"m":{"k":3,"v":999},"name":"Magic"},{"id":8,"if":true,"m":{"k":3,"v":400},"name":"Strength","r":{"k":3,"v":0},"t":{"e":0,"f":{"k":3,"v":400},"i":{"k":3,"v":1}}},{"id":9,"if":true,"m":{"k":3,"v":50},"name":"Intelligence","r":{"k":3,"v":0},"t":{"e":0,"f":{"k":3,"v":50},"i":{"k":3,"v":1}}},{"id":10,"if":true,"m":{"k":3,"v":100},"name":"P. defense","r":{"k":3,"v":0},"t":{"e":0,"f":{"k":3,"v":100},"i":{"k":3,"v":0}}},{"id":11,"if":true,"m":{"k":3,"v":100},"name":"M. defense","r":{"k":3,"v":0},"t":{"e":0,"f":{"k":3,"v":100},"i":{"k":3,"v":0}}},{"id":12,"if":true,"m":{"k":3,"v":100},"name":"Agility","r":{"k":3,"v":0},"t":{"e":0,"f":{"k":3,"v":100},"i":{"k":3,"v":1}}}]},{"characteristics":[{"iae":false,"k":2},{"ewtid":{"k":7,"v":2},"iae":false,"k":2},{"ewtid":{"k":7,"v":3},"iae":false,"k":2},{"ewtid":{"k":7,"v":4},"k":2},{"ewtid":{"k":7,"v":5},"iae":false,"k":2},{"ewtid":{"k":7,"v":6},"iae":false,"k":2},{"ewtid":{"k":7,"v":7},"iae":false,"k":2},{"ewtid":{"k":7,"v":8},"iae":false,"k":2},{"eatid":{"k":7,"v":2},"iae":false,"iaew":false,"k":2},{"eatid":{"k":7,"v":4},"iae":false,"iaew":false,"k":2},{"eatid":{"k":7,"v":6},"iae":false,"iaew":false,"k":2},{"eatid":{"k":7,"v":8},"iae":false,"iaew":false,"k":2}],"eB":5,"eI":20,"id":4,"iniL":1,"mxL":100,"names":{"1":"Ladrão"},"skills":[{"id":15,"l":1,"name":"Steel"},{"id":16,"l":5,"name":"Stabbing"},{"id":81,"l":10,"name":"Poison Knife"},{"id":80,"l":15,"name":"Gambit"},{"id":17,"l":20,"name":"Illusion"}],"stats":[{"id":3,"if":true,"m":{"k":3,"v":450},"name":"HP","r":{"k":3,"v":0},"t":{"e":0,"f":{"k":3,"v":450},"i":{"k":3,"v":20}}},{"id":4,"if":true,"m":{"k":3,"v":200},"name":"MP","r":{"k":3,"v":0},"t":{"e":0,"f":{"k":3,"v":200},"i":{"k":3,"v":10}}},{"id":5,"if":true,"m":{"k":3,"v":300},"name":"TP","r":{"k":3,"v":0},"t":{"e":0,"f":{"k":3,"v":300},"i":{"k":3,"v":10}}},{"f":{"k":8,"v":"Math.ceil(u.str * 0.3)"},"id":6,"if":false,"m":{"k":3,"v":999},"name":"Attack"},{"f":{"k":8,"v":"Math.ceil(u.int * 0.3)"},"id":7,"if":false,"m":{"k":3,"v":999},"name":"Magic"},{"id":8,"if":true,"m":{"k":3,"v":300},"name":"Strength","r":{"k":3,"v":0},"t":{"e":0,"f":{"k":3,"v":300},"i":{"k":3,"v":1}}},{"id":9,"if":true,"m":{"k":3,"v":100},"name":"Intelligence","r":{"k":3,"v":0},"t":{"e":0,"f":{"k":3,"v":100},"i":{"k":3,"v":1}}},{"id":10,"if":true,"m":{"k":3,"v":75},"name":"P. defense","r":{"k":3,"v":0},"t":{"e":0,"f":{"k":3,"v":75},"i":{"k":3,"v":0}}},{"id":11,"if":true,"m":{"k":3,"v":75},"name":"M. defense","r":{"k":3,"v":0},"t":{"e":0,"f":{"k":3,"v":75},"i":{"k":3,"v":0}}},{"id":12,"if":true,"m":{"k":3,"v":150},"name":"Agility","r":{"k":3,"v":0},"t":{"e":0,"f":{"k":3,"v":150},"i":{"k":3,"v":1}}}]},{"characteristics":[{"iae":false,"k":2},{"ewtid":{"k":7,"v":2},"iae":false,"k":2},{"ewtid":{"k":7,"v":3},"iae":false,"k":2},{"ewtid":{"k":7,"v":4},"iae":false,"k":2},{"ewtid":{"k":7,"v":5},"k":2},{"ewtid":{"k":7,"v":6},"iae":false,"k":2},{"ewtid":{"k":7,"v":7},"iae":false,"k":2},{"ewtid":{"k":7,"v":8},"iae":false,"k":2},{"iae":false,"iaew":false,"k":2},{"eatid":{"k":7,"v":3},"iae":false,"iaew":false,"k":2},{"eatid":{"k":7,"v":5},"iae":false,"iaew":false,"k":2},{"eatid":{"k":7,"v":7},"iae":false,"iaew":false,"k":2}],"eB":5,"eI":20,"id":5,"iniL":1,"mxL":100,"names":{"1":"mago branco"},"skills":[{"id":39,"l":1,"name":"Light I"},{"id":42,"l":1,"name":"Heal I"},{"id":45,"l":2,"name":"Barrier I"},{"id":47,"l":3,"name":"Remedy I"},{"id":63,"l":5,"name":"Revive 1"},{"id":40,"l":7,"name":"Light 2"},{"id":43,"l":8,"name":"Heal 2"},{"id":46,"l":11,"name":"Barrier 2"},{"id":41,"l":14,"name":"Light 3"},{"id":44,"l":15,"name":"Heal 3"},{"id":48,"l":18,"name":"Remedy 2"},{"id":64,"l":20,"name":"Revive 2"}],"stats":[{"id":3,"if":true,"m":{"k":3,"v":450},"name":"HP","r":{"k":3,"v":0},"t":{"e":0,"f":{"k":3,"v":450},"i":{"k":3,"v":20}}},{"id":4,"if":true,"m":{"k":3,"v":400},"name":"MP","r":{"k":3,"v":0},"t":{"e":0,"f":{"k":3,"v":400},"i":{"k":3,"v":10}}},{"id":5,"if":true,"m":{"k":3,"v":100},"name":"TP","r":{"k":3,"v":0},"t":{"e":0,"f":{"k":3,"v":100},"i":{"k":3,"v":10}}},{"f":{"k":8,"v":"Math.ceil(u.str * 0.3)"},"id":6,"if":false,"m":{"k":3,"v":999},"name":"Attack"},{"f":{"k":8,"v":"Math.ceil(u.int * 0.3)"},"id":7,"if":false,"m":{"k":3,"v":999},"name":"Magic"},{"id":8,"if":true,"m":{"k":3,"v":50},"name":"Strength","r":{"k":3,"v":0},"t":{"e":0,"f":{"k":3,"v":50},"i":{"k":3,"v":1}}},{"id":9,"if":true,"m":{"k":3,"v":400},"name":"Intelligence","r":{"k":3,"v":0},"t":{"e":0,"f":{"k":3,"v":400},"i":{"k":3,"v":1}}},{"id":10,"if":true,"m":{"k":3,"v":100},"name":"P. defense","r":{"k":3,"v":0},"t":{"e":0,"f":{"k":3,"v":100},"i":{"k":3,"v":0}}},{"id":11,"if":true,"m":{"k":3,"v":100},"name":"M. defense","r":{"k":3,"v":0},"t":{"e":0,"f":{"k":3,"v":100},"i":{"k":3,"v":0}}},{"id":12,"if":true,"m":{"k":3,"v":100},"name":"Agility","r":{"k":3,"v":0},"t":{"e":0,"f":{"k":3,"v":100},"i":{"k":3,"v":1}}}]},{"characteristics":[{"iae":false,"k":2},{"ewtid":{"k":7,"v":2},"iae":false,"k":2},{"ewtid":{"k":7,"v":3},"iae":false,"k":2},{"ewtid":{"k":7,"v":4},"iae":false,"k":2},{"ewtid":{"k":7,"v":5},"iae":false,"k":2},{"ewtid":{"k":7,"v":6},"k":2},{"ewtid":{"k":7,"v":7},"iae":false,"k":2},{"ewtid":{"k":7,"v":8},"iae":false,"k":2},{"iae":false,"iaew":false,"k":2},{"eatid":{"k":7,"v":3},"iae":false,"iaew":false,"k":2},{"eatid":{"k":7,"v":5},"iae":false,"iaew":false,"k":2},{"eatid":{"k":7,"v":7},"iae":false,"iaew":false,"k":2}],"eB":5,"eI":20,"id":6,"iniL":1,"mxL":100,"names":{"1":"Mago Negro"},"skills":[{"id":18,"l":1,"name":"Fire I"},{"id":24,"l":1,"name":"Thunder I"},{"id":27,"l":2,"name":"Water I"},{"id":33,"l":4,"name":"Wind 1"},{"id":36,"l":5,"name":"Darkness 1"},{"id":49,"l":5,"name":"Weak 1"},{"id":25,"l":6,"name":"Thunder II"},{"id":51,"l":6,"name":"Poison 1"},{"id":19,"l":7,"name":"Fire 2"},{"id":31,"l":7,"name":"Ice II"},{"id":34,"l":7,"name":"Wind II"},{"id":28,"l":8,"name":"Water 2"},{"id":37,"l":8,"name":"Darkness II"},{"id":57,"l":9,"name":"Confuse 1"},{"id":52,"l":9,"name":"Poison II"},{"id":59,"l":10,"name":"Sleep 1"},{"id":50,"l":11,"name":"Weak 2"},{"id":58,"l":12,"name":"Confuse 2"},{"id":60,"l":14,"name":"Sleep 2"},{"id":20,"l":16,"name":"Fire 3"},{"id":26,"l":19,"name":"Thunder 3"},{"id":29,"l":20,"name":"Water 3"},{"id":35,"l":21,"name":"Wind III"},{"id":38,"l":22,"name":"Darkness III"}],"stats":[{"id":3,"if":true,"m":{"k":3,"v":400},"name":"HP","r":{"k":3,"v":0},"t":{"e":0,"f":{"k":3,"v":400},"i":{"k":3,"v":20}}},{"id":4,"if":true,"m":{"k":3,"v":400},"name":"MP","r":{"k":3,"v":0},"t":{"e":0,"f":{"k":3,"v":400},"i":{"k":3,"v":10}}},{"id":5,"if":true,"m":{"k":3,"v":100},"name":"TP","r":{"k":3,"v":0},"t":{"e":0,"f":{"k":3,"v":100},"i":{"k":3,"v":10}}},{"f":{"k":8,"v":"Math.ceil(u.str * 0.3)"},"id":6,"if":false,"m":{"k":3,"v":999},"name":"Attack"},{"f":{"k":8,"v":"Math.ceil(u.int * 0.3)"},"id":7,"if":false,"m":{"k":3,"v":999},"name":"Magic"},{"id":8,"if":true,"m":{"k":3,"v":50},"name":"Strength","r":{"k":3,"v":0},"t":{"e":0,"f":{"k":3,"v":50},"i":{"k":3,"v":1}}},{"id":9,"if":true,"m":{"k":3,"v":500},"name":"Intelligence","r":{"k":3,"v":0},"t":{"e":0,"f":{"k":3,"v":500},"i":{"k":3,"v":1}}},{"id":10,"if":true,"m":{"k":3,"v":50},"name":"P. defense","r":{"k":3,"v":0},"t":{"e":0,"f":{"k":3,"v":50},"i":{"k":3,"v":0}}},{"id":11,"if":true,"m":{"k":3,"v":50},"name":"M. defense","r":{"k":3,"v":0},"t":{"e":0,"f":{"k":3,"v":50},"i":{"k":3,"v":0}}},{"id":12,"if":true,"m":{"k":3,"v":100},"name":"Agility","r":{"k":3,"v":0},"t":{"e":0,"f":{"k":3,"v":100},"i":{"k":3,"v":1}}}]},{"characteristics":[{"iae":false,"k":2},{"ewtid":{"k":7,"v":2},"iae":false,"k":2},{"ewtid":{"k":7,"v":3},"iae":false,"k":2},{"ewtid":{"k":7,"v":4},"iae":false,"k":2},{"ewtid":{"k":7,"v":5},"iae":false,"k":2},{"ewtid":{"k":7,"v":6},"iae":false,"k":2},{"ewtid":{"k":7,"v":7},"k":2},{"ewtid":{"k":7,"v":8},"iae":false,"k":2},{"iae":false,"iaew":false,"k":2},{"eatid":{"k":7,"v":3},"iae":false,"iaew":false,"k":2},{"eatid":{"k":7,"v":5},"iae":false,"iaew":false,"k":2},{"eatid":{"k":7,"v":7},"iae":false,"iaew":false,"k":2}],"eB":5,"eI":20,"id":7,"iniL":1,"mxL":100,"names":{"1":"Artilheiro"},"skills":[{"id":65,"l":1,"name":"Silver bullet"},{"id":66,"l":5,"name":"Paralyze bullet"},{"id":67,"l":10,"name":"Heal bullet"},{"id":84,"l":15,"name":"Blinding Shot"},{"id":85,"l":20,"name":"High Noon"}],"stats":[{"id":3,"if":true,"m":{"k":3,"v":500},"name":"HP","r":{"k":3,"v":0},"t":{"e":0,"f":{"k":3,"v":500},"i":{"k":3,"v":20}}},{"id":4,"if":true,"m":{"k":3,"v":250},"name":"MP","r":{"k":3,"v":0},"t":{"e":0,"f":{"k":3,"v":250},"i":{"k":3,"v":10}}},{"id":5,"if":true,"m":{"k":3,"v":250},"name":"TP","r":{"k":3,"v":0},"t":{"e":0,"f":{"k":3,"v":250},"i":{"k":3,"v":10}}},{"f":{"k":8,"v":"Math.ceil(u.str * 0.3)"},"id":6,"if":false,"m":{"k":3,"v":999},"name":"Attack"},{"f":{"k":8,"v":"Math.ceil(u.int * 0.3)"},"id":7,"if":false,"m":{"k":3,"v":999},"name":"Magic"},{"id":8,"if":true,"m":{"k":3,"v":350},"name":"Strength","r":{"k":3,"v":0},"t":{"e":0,"f":{"k":3,"v":350},"i":{"k":3,"v":1}}},{"id":9,"if":true,"m":{"k":3,"v":150},"name":"Intelligence","r":{"k":3,"v":0},"t":{"e":0,"f":{"k":3,"v":150},"i":{"k":3,"v":1}}},{"id":10,"if":true,"m":{"k":3,"v":75},"name":"P. defense","r":{"k":3,"v":0},"t":{"e":0,"f":{"k":3,"v":75},"i":{"k":3,"v":0}}},{"id":11,"if":true,"m":{"k":3,"v":75},"name":"M. defense","r":{"k":3,"v":0},"t":{"e":0,"f":{"k":3,"v":75},"i":{"k":3,"v":0}}},{"id":12,"if":true,"m":{"k":3,"v":100},"name":"Agility","r":{"k":3,"v":0},"t":{"e":0,"f":{"k":3,"v":100},"i":{"k":3,"v":1}}}]},{"characteristics":[{"iae":false,"k":2},{"ewtid":{"k":7,"v":2},"iae":false,"k":2},{"ewtid":{"k":7,"v":3},"iae":false,"k":2},{"ewtid":{"k":7,"v":4},"iae":false,"k":2},{"ewtid":{"k":7,"v":5},"iae":false,"k":2},{"ewtid":{"k":7,"v":6},"iae":false,"k":2},{"ewtid":{"k":7,"v":7},"iae":false,"k":2},{"ewtid":{"k":7,"v":8},"k":2},{"iae":false,"iaew":false,"k":2},{"eatid":{"k":7,"v":3},"iae":false,"iaew":false,"k":2},{"eatid":{"k":7,"v":5},"iae":false,"iaew":false,"k":2},{"eatid":{"k":7,"v":7},"iae":false,"iaew":false,"k":2}],"eB":5,"eI":20,"id":8,"iniL":1,"mxL":100,"names":{"1":"Arqueiro"},"skills":[{"id":68,"l":1,"name":"Magic arrow"},{"id":69,"l":5,"name":"Poison arrow"},{"id":82,"l":15,"name":"Called Shot"},{"id":83,"l":10,"name":"Ricochet"},{"id":70,"l":20,"name":"Mute arrow"}],"stats":[{"id":3,"if":true,"m":{"k":3,"v":500},"name":"HP","r":{"k":3,"v":0},"t":{"e":0,"f":{"k":3,"v":500},"i":{"k":3,"v":20}}},{"id":4,"if":true,"m":{"k":3,"v":300},"name":"MP","r":{"k":3,"v":0},"t":{"e":0,"f":{"k":3,"v":300},"i":{"k":3,"v":10}}},{"id":5,"if":true,"m":{"k":3,"v":200},"name":"TP","r":{"k":3,"v":0},"t":{"e":0,"f":{"k":3,"v":200},"i":{"k":3,"v":10}}},{"f":{"k":8,"v":"Math.ceil(u.str * 0.3)"},"id":6,"if":false,"m":{"k":3,"v":999},"name":"Attack"},{"f":{"k":8,"v":"Math.ceil(u.int * 0.3)"},"id":7,"if":false,"m":{"k":3,"v":999},"name":"Magic"},{"id":8,"if":true,"m":{"k":3,"v":400},"name":"Strength","r":{"k":3,"v":0},"t":{"e":0,"f":{"k":3,"v":400},"i":{"k":3,"v":1}}},{"id":9,"if":true,"m":{"k":3,"v":50},"name":"Intelligence","r":{"k":3,"v":0},"t":{"e":0,"f":{"k":3,"v":50},"i":{"k":3,"v":1}}},{"id":10,"if":true,"m":{"k":3,"v":75},"name":"P. defense","r":{"k":3,"v":0},"t":{"e":0,"f":{"k":3,"v":75},"i":{"k":3,"v":0}}},{"id":11,"if":true,"m":{"k":3,"v":75},"name":"M. defense","r":{"k":3,"v":0},"t":{"e":0,"f":{"k":3,"v":75},"i":{"k":3,"v":0}}},{"id":12,"if":true,"m":{"k":3,"v":125},"name":"Agility","r":{"k":3,"v":0},"t":{"e":0,"f":{"k":3,"v":125},"i":{"k":3,"v":1}}}]},{"characteristics":[{"iae":false,"k":2},{"ewtid":{"k":7,"v":2},"iae":false,"k":2},{"ewtid":{"k":7,"v":3},"iae":false,"k":2},{"ewtid":{"k":7,"v":5},"iae":false,"k":2},{"ewtid":{"k":7,"v":6},"iae":false,"k":2},{"ewtid":{"k":7,"v":7},"iae":false,"k":2},{"ewtid":{"k":7,"v":8},"iae":false,"k":2},{"iae":false,"iaew":false,"k":2},{"eatid":{"k":7,"v":3},"iae":false,"iaew":false,"k":2},{"eatid":{"k":7,"v":5},"iae":false,"iaew":false,"k":2},{"eatid":{"k":7,"v":7},"iae":false,"iaew":false,"k":2},{"eatid":{"k":7,"v":2},"iae":false,"iaew":false,"k":2},{"eatid":{"k":7,"v":4},"iae":false,"iaew":false,"k":2},{"eatid":{"k":7,"v":6},"iae":false,"iaew":false,"k":2},{"eatid":{"k":7,"v":8},"iae":false,"iaew":false,"k":2}],"eB":5,"eI":20,"id":9,"iniL":1,"mxL":100,"names":{"1":"Monstro"},"stats":[{"id":3,"if":true,"m":{"k":3,"v":300},"name":"HP","r":{"k":3,"v":0},"t":{"e":0,"f":{"k":3,"v":300},"i":{"k":3,"v":5}}},{"id":4,"if":true,"m":{"k":3,"v":250},"name":"MP","r":{"k":3,"v":0},"t":{"e":0,"f":{"k":3,"v":250},"i":{"k":3,"v":10}}},{"id":5,"if":true,"m":{"k":3,"v":250},"name":"TP","r":{"k":3,"v":0},"t":{"e":0,"f":{"k":3,"v":250},"i":{"k":3,"v":10}}},{"f":{"k":8,"v":"Math.ceil(u.str * 0.3)"},"id":6,"if":false,"m":{"k":3,"v":999},"name":"Attack"},{"f":{"k":8,"v":"Math.ceil(u.int * 0.3)"},"id":7,"if":false,"m":{"k":3,"v":999},"name":"Magic"},{"id":8,"if":true,"m":{"k":3,"v":100},"name":"Strength","r":{"k":3,"v":0},"t":{"e":0,"f":{"k":3,"v":100},"i":{"k":3,"v":1}}},{"id":9,"if":true,"m":{"k":3,"v":100},"name":"Intelligence","r":{"k":3,"v":0},"t":{"e":0,"f":{"k":3,"v":100},"i":{"k":3,"v":1}}},{"id":10,"if":true,"m":{"k":3,"v":50},"name":"P. defense","r":{"k":3,"v":0},"t":{"e":0,"f":{"k":3,"v":50},"i":{"k":3,"v":0}}},{"id":11,"if":true,"m":{"k":3,"v":50},"name":"M. defense","r":{"k":3,"v":0},"t":{"e":0,"f":{"k":3,"v":50},"i":{"k":3,"v":0}}},{"id":12,"if":true,"m":{"k":3,"v":100},"name":"Agility","r":{"k":3,"v":0},"t":{"e":0,"f":{"k":3,"v":100},"i":{"k":3,"v":1}}}]},{"characteristics":[{"ewtid":{"k":7,"v":4},"k":2},{"bwaid":{"k":7,"v":4},"k":4},{"ewtid":{"k":7,"v":2},"k":2},{"ewtid":{"k":7,"v":3},"k":2},{"ewtid":{"k":7,"v":5},"k":2},{"ewtid":{"k":7,"v":6},"k":2},{"ewtid":{"k":7,"v":8},"k":2}],"eB":5,"eI":20,"id":10,"iniL":1,"mxL":100,"names":{"1":"No-class"},"skills":[{"id":39,"l":1,"name":"Light I"},{"id":42,"l":1,"name":"Heal I"},{"id":45,"l":2,"name":"Barrier I"},{"id":47,"l":3,"name":"Remedy I"},{"id":63,"l":5,"name":"Revive 1"},{"id":40,"l":7,"name":"Light 2"},{"id":43,"l":8,"name":"Heal 2"},{"id":46,"l":11,"name":"Barrier 2"},{"id":41,"l":14,"name":"Light 3"},{"id":44,"l":15,"name":"Heal 3"},{"id":48,"l":18,"name":"Remedy 2"},{"id":64,"l":20,"name":"Revive 2"}],"stats":[{"id":3,"if":true,"m":{"k":3,"v":600},"name":"HP","r":{"k":3,"v":0},"t":{"e":0,"f":{"k":3,"v":600},"i":{"k":3,"v":20}}},{"id":4,"if":true,"m":{"k":3,"v":400},"name":"MP","r":{"k":3,"v":0},"t":{"e":0,"f":{"k":3,"v":400},"i":{"k":3,"v":10}}},{"id":5,"if":true,"m":{"k":3,"v":250},"name":"TP","r":{"k":3,"v":0},"t":{"e":0,"f":{"k":3,"v":250},"i":{"k":3,"v":10}}},{"f":{"k":8,"v":"Math.ceil(u.str * 0.3)"},"id":6,"if":false,"m":{"k":3,"v":999},"name":"Attack"},{"f":{"k":8,"v":"Math.ceil(u.int * 0.3)"},"id":7,"if":false,"m":{"k":3,"v":999},"name":"Magic"},{"id":8,"if":true,"m":{"k":3,"v":200},"name":"Forças","r":{"k":3,"v":0},"t":{"e":2,"f":{"k":3,"v":200},"i":{"k":3,"v":1}}},{"id":9,"if":true,"m":{"k":3,"v":200},"name":"Inteligencia","r":{"k":3,"v":0},"t":{"e":2,"f":{"k":3,"v":200},"i":{"k":3,"v":1}}},{"id":10,"if":true,"m":{"k":3,"v":200},"name":"P. defesa","r":{"k":3,"v":0},"t":{"e":2,"f":{"k":3,"v":200},"i":{"k":3,"v":1}}},{"id":11,"if":true,"m":{"k":3,"v":200},"name":"M. defesa","r":{"k":3,"v":0},"t":{"e":2,"f":{"k":3,"v":200},"i":{"k":3,"v":1}}},{"id":12,"if":true,"m":{"k":3,"v":200},"name":"Agilidade","r":{"k":3,"v":0},"t":{"e":2,"f":{"k":3,"v":200},"i":{"k":3,"v":1}}}]}]}