{"commonObjects":[{"events":[{"id":1,"name":"Hero action","p":[],"r":{"1":{"bh":true,"c":[]}},"sys":false}],"hId":-1,"id":1,"name":"Vazio","ooepf":false,"states":[{"cam":true,"climb":false,"dir":false,"gid":-1,"gk":0,"id":1,"move":true,"name":"Início","pix":true,"pos":false,"stop":false,"sx":{"k":12,"v":1},"sy":{"k":12,"v":1},"sz":{"k":12,"v":1},"through":false,"x":0,"y":0}]},{"events":[{"id":3,"name":"KeyPress","p":[{"id":1,"name":"ID","v":{"k":11,"v":1}},{"id":2,"name":"Repeat","v":{"k":10,"v":true}},{"id":3,"name":"Immediate Repeat","v":{"k":10,"v":true}}],"r":{"1":{"bh":false,"c":[{"command":[7,-1,1,1,1,0,1],"kind":21},{"command":[1,7,2,1,0,1,2],"kind":19}]},"3":{"bh":false,"c":[{"command":[7,-1,1,1,1,0,1],"kind":21},{"command":[1,7,2,1,0,1,2],"kind":19}]},"4":{"bh":false,"c":[{"command":[7,-1,1,1,1,0,1],"kind":21},{"command":[1,7,2,1,0,1,2],"kind":19}]}},"sys":true},{"id":3,"name":"KeyPress","p":[{"id":1,"name":"ID","v":{"k":11,"v":2}},{"id":2,"name":"Repeat","v":{"k":10,"v":true}},{"id":3,"name":"Immediate Repeat","v":{"k":10,"v":true}}],"r":{"1":{"bh":false,"c":[{"command":[7,-1,1,1,1,1,1],"kind":21},{"command":[1,7,2,1,0,1,2],"kind":19}]},"3":{"bh":false,"c":[{"command":[7,-1,1,1,1,1,1],"kind":21},{"command":[1,7,2,1,0,1,2],"kind":19}]},"4":{"bh":false,"c":[{"command":[7,-1,1,1,1,1,1],"kind":21},{"command":[1,7,2,1,0,1,2],"kind":19}]}},"sys":true},{"id":3,"name":"KeyPress","p":[{"id":1,"name":"ID","v":{"k":11,"v":3}},{"id":2,"name":"Repeat","v":{"k":10,"v":true}},{"id":3,"name":"Immediate Repeat","v":{"k":10,"v":true}}],"r":{"1":{"bh":false,"c":[{"command":[7,-1,1,1,1,2,1],"kind":21},{"command":[1,7,2,1,0,1,2],"kind":19}]},"3":{"bh":false,"c":[{"command":[7,-1,1,1,1,2,1],"kind":21},{"command":[1,7,2,1,0,1,2],"kind":19}]},"4":{"bh":false,"c":[{"command":[7,-1,1,1,1,2,1],"kind":21},{"command":[1,7,2,1,0,1,2],"kind":19}]}},"sys":true},{"id":3,"name":"KeyPress","p":[{"id":1,"name":"ID","v":{"k":11,"v":4}},{"id":2,"name":"Repeat","v":{"k":10,"v":true}},{"id":3,"name":"Immediate Repeat","v":{"k":10,"v":true}}],"r":{"1":{"bh":false,"c":[{"command":[7,-1,1,1,1,3,1],"kind":21},{"command":[1,7,2,1,0,1,2],"kind":19}]},"3":{"bh":false,"c":[{"command":[7,-1,1,1,1,3,1],"kind":21},{"command":[1,7,2,1,0,1,2],"kind":19}]},"4":{"bh":false,"c":[{"command":[7,-1,1,1,1,3,1],"kind":21},{"command":[1,7,2,1,0,1,2],"kind":19}]}},"sys":true},{"id":3,"name":"KeyPress","p":[{"id":1,"name":"ID","v":{"k":11,"v":9}},{"id":2,"name":"Repeat","v":{"k":10,"v":true}},{"id":3,"name":"Immediate Repeat","v":{"k":10,"v":true}}],"r":{"1":{"bh":false,"c":[{"children":[{"command":[7,1,0,10,1],"kind":30},{"command":[0,1,0,0,3,0,0,3,0,0,3,0,0,0,12,-90,12,0,3,0,1,12,1],"kind":23},{"command":[7,1,0,10,0],"kind":30}],"command":[0,0,6,1,0,10,0],"kind":8},{"command":[],"kind":10}]},"3":{"bh":false,"c":[{"children":[{"command":[7,1,0,10,1],"kind":30},{"command":[0,1,0,0,3,0,0,3,0,0,3,0,0,0,12,-90,12,0,3,0,1,12,1],"kind":23},{"command":[7,1,0,10,0],"kind":30}],"command":[0,0,6,1,0,10,0],"kind":8},{"command":[],"kind":10}]},"4":{"bh":false,"c":[{"children":[{"command":[7,1,0,10,1],"kind":30},{"command":[0,1,0,0,3,0,0,3,0,0,3,0,0,0,12,-90,12,0,3,0,1,12,1],"kind":23},{"command":[7,1,0,10,0],"kind":30}],"command":[0,0,6,1,0,10,0],"kind":8},{"command":[],"kind":10}]}},"sys":true},{"id":3,"name":"KeyPress","p":[{"id":1,"name":"ID","v":{"k":11,"v":10}},{"id":2,"name":"Repeat","v":{"k":10,"v":true}},{"id":3,"name":"Immediate Repeat","v":{"k":10,"v":true}}],"r":{"1":{"bh":false,"c":[{"children":[{"command":[7,1,0,10,1],"kind":30},{"command":[0,1,0,0,3,0,0,3,0,0,3,0,0,0,12,90,12,0,3,0,1,12,1],"kind":23},{"command":[7,1,0,10,0],"kind":30}],"command":[0,0,6,1,0,10,0],"kind":8},{"command":[],"kind":10}]},"3":{"bh":false,"c":[{"children":[{"command":[7,1,0,10,1],"kind":30},{"command":[0,1,0,0,3,0,0,3,0,0,3,0,0,0,12,90,12,0,3,0,1,12,1],"kind":23},{"command":[7,1,0,10,0],"kind":30}],"command":[0,0,6,1,0,10,0],"kind":8},{"command":[],"kind":10}]},"4":{"bh":false,"c":[{"children":[{"command":[7,1,0,10,1],"kind":30},{"command":[0,1,0,0,3,0,0,3,0,0,3,0,0,0,12,90,12,0,3,0,1,12,1],"kind":23},{"command":[7,1,0,10,0],"kind":30}],"command":[0,0,6,1,0,10,0],"kind":8},{"command":[],"kind":10}]}},"sys":true},{"id":3,"name":"KeyPress","p":[{"id":1,"name":"ID","v":{"k":11,"v":11}},{"id":2,"name":"Repeat","v":{"k":10,"v":false}},{"id":3,"name":"Immediate Repeat","v":{"k":10,"v":false}}],"r":{"1":{"bh":false,"c":[{"command":[1,7,1,1,0,1,1],"kind":19}]},"3":{"bh":false,"c":[{"command":[1,7,1,1,0,1,1],"kind":19}]},"4":{"bh":false,"c":[{"command":[1,7,1,1,0,1,1],"kind":19}]}},"sys":true},{"id":3,"name":"KeyPress","p":[{"id":1,"name":"ID","v":{"k":11,"v":13}},{"id":2,"name":"Repeat","v":{"k":10,"v":false}},{"id":3,"name":"Immediate Repeat","v":{"k":10,"v":false}}],"r":{"1":{"bh":false,"c":[{"command":[],"kind":11}]},"3":{"bh":false,"c":[{"command":[],"kind":11}]},"4":{"bh":false,"c":[{"command":[],"kind":11}]}},"sys":true},{"id":1,"name":"Time","p":[{"id":1,"name":"Interval","v":{"k":2,"v":null}},{"id":2,"name":"Repeat","v":{"k":2,"v":null}}],"r":{"1":{"bh":false,"c":[{"command":[1,7,2,1,0,1,3],"kind":19}]},"3":{"bh":false,"c":[{"command":[1,7,2,1,0,1,3],"kind":19}]},"4":{"bh":false,"c":[{"command":[1,7,2,1,0,1,3],"kind":19}]}},"sys":true},{"id":1,"name":"Time","p":[{"id":1,"name":"Interval","v":{"k":2,"v":null}},{"id":2,"name":"Repeat","v":{"k":10,"v":false}}],"r":{"1":{"bh":true,"c":[{"command":[7,1,0,10,0],"kind":30}]},"3":{"bh":true,"c":[{"command":[7,1,0,10,0],"kind":30}]},"4":{"bh":true,"c":[{"command":[7,1,0,10,0],"kind":30}]}},"sys":true},{"id":5,"name":"MouseDown","p":[{"id":1,"name":"x","v":{"k":1,"v":null}},{"id":2,"name":"y","v":{"k":1,"v":null}},{"id":3,"name":"Left","v":{"k":2,"v":null}},{"id":4,"name":"Repeat","v":{"k":10,"v":true}}],"r":{"1":{"bh":false,"c":[{"children":[{"command":[7,-1,1,1,1,2,1],"kind":21}],"command":[0,7,8,"Core.ReactionInterpreter.currentParameters[1].getValue() <= (Common.ScreenResolution.CANVAS_WIDTH - Common.ScreenResolution.getScreenX(64)) / 2"],"kind":8},{"command":[],"kind":10},{"children":[{"command":[7,-1,1,1,1,3,1],"kind":21}],"command":[0,7,8,"Core.ReactionInterpreter.currentParameters[1].getValue() >= (Common.ScreenResolution.CANVAS_WIDTH + Common.ScreenResolution.getScreenX(64)) / 2"],"kind":8},{"command":[],"kind":10},{"children":[{"command":[7,-1,1,1,1,0,1],"kind":21}],"command":[0,7,8,"Core.ReactionInterpreter.currentParameters[2].getValue() <= (Common.ScreenResolution.CANVAS_HEIGHT - Common.ScreenResolution.getScreenY(64)) / 2"],"kind":8},{"command":[],"kind":10},{"children":[{"command":[7,-1,1,1,1,1,1],"kind":21}],"command":[0,7,8,"Core.ReactionInterpreter.currentParameters[2].getValue() >= (Common.ScreenResolution.CANVAS_HEIGHT + Common.ScreenResolution.getScreenY(64)) / 2"],"kind":8},{"command":[],"kind":10},{"command":[1,7,2,1,0,1,2],"kind":19}]},"3":{"bh":false,"c":[{"children":[{"command":[7,-1,1,1,1,2,1],"kind":21}],"command":[0,7,8,"Core.ReactionInterpreter.currentParameters[1].getValue() <= (Common.ScreenResolution.CANVAS_WIDTH - Common.ScreenResolution.getScreenX(64)) / 2"],"kind":8},{"command":[],"kind":10},{"children":[{"command":[7,-1,1,1,1,3,1],"kind":21}],"command":[0,7,8,"Core.ReactionInterpreter.currentParameters[1].getValue() >= (Common.ScreenResolution.CANVAS_WIDTH + Common.ScreenResolution.getScreenX(64)) / 2"],"kind":8},{"command":[],"kind":10},{"children":[{"command":[7,-1,1,1,1,0,1],"kind":21}],"command":[0,7,8,"Core.ReactionInterpreter.currentParameters[2].getValue() <= (Common.ScreenResolution.CANVAS_HEIGHT - Common.ScreenResolution.getScreenY(64)) / 2"],"kind":8},{"command":[],"kind":10},{"children":[{"command":[7,-1,1,1,1,1,1],"kind":21}],"command":[0,7,8,"Core.ReactionInterpreter.currentParameters[2].getValue() >= (Common.ScreenResolution.CANVAS_HEIGHT + Common.ScreenResolution.getScreenY(64)) / 2"],"kind":8},{"command":[],"kind":10},{"command":[1,7,2,1,0,1,2],"kind":19}]},"4":{"bh":false,"c":[{"children":[{"command":[7,-1,1,1,1,2,1],"kind":21}],"command":[0,7,8,"Core.ReactionInterpreter.currentParameters[1].getValue() <= (Common.ScreenResolution.CANVAS_WIDTH - Common.ScreenResolution.getScreenX(64)) / 2"],"kind":8},{"command":[],"kind":10},{"children":[{"command":[7,-1,1,1,1,3,1],"kind":21}],"command":[0,7,8,"Core.ReactionInterpreter.currentParameters[1].getValue() >= (Common.ScreenResolution.CANVAS_WIDTH + Common.ScreenResolution.getScreenX(64)) / 2"],"kind":8},{"command":[],"kind":10},{"children":[{"command":[7,-1,1,1,1,0,1],"kind":21}],"command":[0,7,8,"Core.ReactionInterpreter.currentParameters[2].getValue() <= (Common.ScreenResolution.CANVAS_HEIGHT - Common.ScreenResolution.getScreenY(64)) / 2"],"kind":8},{"command":[],"kind":10},{"children":[{"command":[7,-1,1,1,1,1,1],"kind":21}],"command":[0,7,8,"Core.ReactionInterpreter.currentParameters[2].getValue() >= (Common.ScreenResolution.CANVAS_HEIGHT + Common.ScreenResolution.getScreenY(64)) / 2"],"kind":8},{"command":[],"kind":10},{"command":[1,7,2,1,0,1,2],"kind":19}]}},"sys":true}],"hId":-1,"id":2,"name":"Herói","ooepf":false,"p":[{"id":1,"iv":{"k":10,"v":false},"name":"CameraMoving"}],"states":[{"cam":true,"climb":false,"dir":false,"gid":20,"gk":4,"id":1,"move":true,"name":"Início","pix":true,"pos":false,"stop":false,"sx":{"k":12,"v":1},"sy":{"k":12,"v":1},"sz":{"k":12,"v":1},"through":false,"x":0,"y":0},{"cam":true,"climb":false,"dir":false,"gid":5,"gk":4,"id":3,"move":true,"name":"Estado 3","pix":true,"pos":false,"stop":false,"sx":{"k":12,"v":1},"sy":{"k":12,"v":1},"sz":{"k":12,"v":1},"through":false,"x":0,"y":0},{"cam":true,"climb":false,"dir":false,"gid":8,"gk":4,"id":4,"move":true,"name":"Estado 4","pix":true,"pos":false,"stop":false,"sx":{"k":12,"v":1},"sy":{"k":12,"v":1},"sz":{"k":12,"v":1},"through":false,"x":0,"y":0}]},{"events":[{"id":1,"name":"Hero action","p":[],"r":{"1":{"bh":true,"c":[]}},"sys":false}],"hId":-1,"id":3,"name":"","ooepf":false,"states":[{"cam":true,"climb":false,"dir":false,"gid":-1,"gk":0,"id":1,"move":true,"name":"Início","pix":true,"pos":false,"stop":false,"sx":{"k":12,"v":1},"sy":{"k":12,"v":1},"sz":{"k":12,"v":1},"through":false,"x":0,"y":0}]},{"events":[{"id":1,"name":"Hero action","p":[],"r":{"1":{"bh":true,"c":[]}},"sys":false}],"hId":-1,"id":4,"name":"","ooepf":false,"states":[{"cam":true,"climb":false,"dir":false,"gid":-1,"gk":0,"id":1,"move":true,"name":"Início","pix":true,"pos":false,"stop":false,"sx":{"k":12,"v":1},"sy":{"k":12,"v":1},"sz":{"k":12,"v":1},"through":false,"x":0,"y":0}]}],"commonReactors":[{"bh":true,"c":[{"command":[5,1,0,4,125,1,0,5,2,0,1],"kind":49}],"id":1,"name":"Aumentar","p":[{"d":{"k":3,"v":1},"id":1,"name":"statistic ID"},{"d":{"k":3,"v":0},"id":2,"name":"addition"}]},{"bh":true,"c":[{"command":[0,125,0,1,3,1,3,50],"kind":2},{"command":[7,1,1,4,125],"kind":53},{"command":[8,"",-1,0,0,1,"[var=125] [ico=6;0;0]"],"kind":1}],"id":2,"name":"Roubar"}],"eventsSystem":[{"id":1,"name":"Time","p":[{"d":{"k":3,"v":0},"id":1,"name":"Interval"},{"d":{"k":10,"v":true},"id":2,"name":"Repeat"}]},{"id":2,"name":"Chronometer finished","p":[{"d":{"k":3,"v":0},"id":1,"name":"ID"}]},{"id":3,"name":"KeyPress","p":[{"d":{"k":1,"v":null},"id":1,"name":"ID"},{"d":{"k":10,"v":false},"id":2,"name":"Repeat"},{"d":{"k":10,"v":false},"id":3,"name":"Immediate Repeat"}]},{"id":4,"name":"KeyRelease","p":[{"d":{"k":1,"v":null},"id":1,"name":"ID"}]},{"id":5,"name":"MouseDown","p":[{"d":{"k":3,"v":0},"id":1,"name":"x"},{"d":{"k":3,"v":0},"id":2,"name":"y"},{"d":{"k":10,"v":true},"id":3,"name":"Left"},{"d":{"k":10,"v":false},"id":4,"name":"Repeat"}]},{"id":6,"name":"MouseUp","p":[{"d":{"k":3,"v":0},"id":1,"name":"x"},{"d":{"k":3,"v":0},"id":2,"name":"y"},{"d":{"k":10,"v":true},"id":3,"name":"Left"}]},{"id":7,"name":"MouseMove","p":[{"d":{"k":3,"v":0},"id":1,"name":"x"},{"d":{"k":3,"v":0},"id":2,"name":"y"}]}],"eventsUser":[{"id":1,"name":"Hero action"},{"id":2,"name":"Hero touch"},{"id":3,"name":"Enemy touch"}],"states":[{"id":1,"name":"Início"},{"id":2,"name":"Fim"},{"id":3,"name":"Estado 3"},{"id":4,"name":"Estado 4"},{"id":5,"name":"Estado 5"},{"id":6,"name":"Estado 6"},{"id":7,"name":"Estado 7"},{"id":8,"name":"Estado 8"},{"id":9,"name":"Estado 9"},{"id":10,"name":"Estado 10"}]}