{"heroes":[{"bid":1,"ci":{"id":-1,"names":{"1":""}},"class":1,"description":{"id":-1,"names":{"1":""}},"fid":1,"id":1,"names":{"1":"Lucas"}},{"bid":2,"ci":{"id":-1,"names":{"1":""}},"class":6,"description":{"id":-1,"names":{"1":""}},"fid":1,"id":2,"indexXFaceset":1,"names":{"1":"Kate"}},{"bid":3,"ci":{"id":-1,"names":{"1":""}},"class":5,"description":{"id":-1,"names":{"1":""}},"fid":1,"id":3,"indexXFaceset":2,"names":{"1":"Bibi"}},{"bid":4,"ci":{"id":-1,"names":{"1":""}},"class":4,"description":{"id":-1,"names":{"1":""}},"fid":1,"id":4,"indexXFaceset":3,"names":{"1":"Shana"}},{"bid":5,"ci":{"id":1,"names":{"1":""}},"class":2,"description":{"id":-1,"names":{"1":""}},"fid":1,"id":5,"indexYFaceset":1,"names":{"1":"Carlos"}},{"bid":6,"ci":{"id":1,"names":{"1":""}},"class":3,"description":{"id":-1,"names":{"1":""}},"fid":1,"id":6,"indexXFaceset":1,"indexYFaceset":1,"names":{"1":"Fortuna"}},{"bid":7,"ci":{"id":1,"names":{"1":""}},"class":7,"description":{"id":-1,"names":{"1":""}},"fid":1,"id":7,"indexXFaceset":2,"indexYFaceset":1,"names":{"1":"Caitlyn"}},{"bid":8,"ci":{"id":1,"names":{"1":""}},"class":8,"description":{"id":-1,"names":{"1":""}},"fid":1,"id":8,"indexXFaceset":3,"indexYFaceset":1,"names":{"1":"Lírio"}},{"bid":5,"ci":{"id":1,"names":{"1":""}},"class":10,"description":{"id":-1,"names":{"1":""}},"fid":1,"id":9,"indexYFaceset":1,"names":{"1":"Endir"}},{"bid":8,"ci":{"id":1,"names":{"1":""}},"class":10,"description":{"id":-1,"names":{"1":""}},"fid":1,"id":10,"indexXFaceset":2,"indexYFaceset":1,"names":{"1":"Niara"}}]}