{"items":[{"ak":2,"atid":{"k":7,"v":74},"auid":{"k":7,"v":7},"battleMessage":{"id":1,"names":{"1":"[item]"}},"con":true,"d":{"id":-1,"names":{"1":"Uma poção pequena para recuperar seu HP"}},"e":[{"df":{"k":8,"v":"-10"},"dsid":{"k":7,"v":3},"idmin":false}],"id":1,"names":{"1":"Poção para HP"},"p":[{"k":1,"vf":{"k":8,"v":"10"}}],"pid":1,"t":3,"tcf":{"k":8,"v":"t.hp > 0"},"tk":3},{"ak":2,"atid":{"k":7,"v":75},"auid":{"k":7,"v":7},"battleMessage":{"id":1,"names":{"1":"[item]"}},"con":true,"d":{"id":-1,"names":{"1":"Uma poção média para recuperar seu HP"}},"e":[{"df":{"k":8,"v":"-100"},"dsid":{"k":7,"v":3},"idmin":false}],"id":2,"names":{"1":"Super poção para HP"},"p":[{"k":1,"vf":{"k":8,"v":"100"}}],"pictureIndexX":1,"pid":1,"t":3,"tcf":{"k":8,"v":"t.hp > 0"},"tk":3},{"ak":2,"atid":{"k":7,"v":76},"auid":{"k":7,"v":7},"battleMessage":{"id":1,"names":{"1":"[item]"}},"con":true,"d":{"id":-1,"names":{"1":"Uma poção grande para recuperar seu HP"}},"e":[{"df":{"k":8,"v":"-2000"},"dsid":{"k":7,"v":3},"idmin":false}],"id":3,"names":{"1":"Mega poção para HP"},"p":[{"k":1,"vf":{"k":8,"v":"500"}}],"pictureIndexX":2,"pid":1,"t":3,"tcf":{"k":8,"v":"t.hp > 0"},"tk":3},{"ak":2,"atid":{"k":7,"v":77},"auid":{"k":7,"v":7},"battleMessage":{"id":1,"names":{"1":"[item]"}},"con":true,"d":{"id":-1,"names":{"1":"Uma poção pequena para recuperar seu MP"}},"e":[{"df":{"k":8,"v":"-10"},"dsid":{"k":7,"v":4},"idmin":false}],"id":4,"names":{"1":"Poção para MP"},"p":[{"k":1,"vf":{"k":8,"v":"20"}}],"pictureIndexX":3,"pid":1,"t":3,"tcf":{"k":8,"v":"t.hp > 0"},"tk":3},{"ak":2,"atid":{"k":7,"v":78},"auid":{"k":7,"v":7},"battleMessage":{"id":1,"names":{"1":"[item]"}},"con":true,"d":{"id":-1,"names":{"1":"Uma poção média para recuperar seu MP"}},"e":[{"df":{"k":8,"v":"-100"},"dsid":{"k":7,"v":4},"idmin":false}],"id":5,"names":{"1":"Super poção para MP"},"p":[{"k":1,"vf":{"k":8,"v":"200"}}],"pictureIndexX":4,"pid":1,"t":3,"tcf":{"k":8,"v":"t.hp > 0"},"tk":3},{"ak":2,"atid":{"k":7,"v":79},"auid":{"k":7,"v":7},"battleMessage":{"id":1,"names":{"1":"[item]"}},"con":true,"d":{"id":-1,"names":{"1":"Uma poção grande para recuperar seu MP"}},"e":[{"df":{"k":8,"v":"-2000"},"dsid":{"k":7,"v":4},"idmin":false}],"id":6,"names":{"1":"Mega poção para MP"},"p":[{"k":1,"vf":{"k":8,"v":"600"}}],"pictureIndexX":5,"pid":1,"t":3,"tcf":{"k":8,"v":"t.hp > 0"},"tk":3},{"ak":2,"atid":{"k":7,"v":80},"auid":{"k":7,"v":7},"battleMessage":{"id":1,"names":{"1":"[item]"}},"con":true,"d":{"id":-1,"names":{"1":"Uma poção pequena para recuperar seu TP"}},"e":[{"df":{"k":8,"v":"-10"},"dsid":{"k":7,"v":5},"idmin":false}],"id":7,"names":{"1":"Poção para TP"},"p":[{"k":1,"vf":{"k":8,"v":"20"}}],"pictureIndexX":6,"pid":1,"t":3,"tcf":{"k":8,"v":"t.hp > 0"},"tk":3},{"ak":2,"atid":{"k":7,"v":81},"auid":{"k":7,"v":7},"battleMessage":{"id":1,"names":{"1":"[item]"}},"con":true,"d":{"id":-1,"names":{"1":"Uma poção média para recuperar seu TP"}},"e":[{"df":{"k":8,"v":"-100"},"dsid":{"k":7,"v":5},"idmin":false}],"id":8,"names":{"1":"Super poção para TP"},"p":[{"k":1,"vf":{"k":8,"v":"200"}}],"pictureIndexY":1,"pid":1,"t":3,"tcf":{"k":8,"v":"t.hp > 0"},"tk":3},{"ak":2,"atid":{"k":7,"v":82},"auid":{"k":7,"v":7},"battleMessage":{"id":1,"names":{"1":"[item]"}},"con":true,"d":{"id":-1,"names":{"1":"Uma poção grande para recuperar seu TP"}},"e":[{"df":{"k":8,"v":"-2000"},"dsid":{"k":7,"v":5},"idmin":false}],"id":9,"names":{"1":"Mega poção para TP"},"p":[{"k":1,"vf":{"k":8,"v":"600"}}],"pictureIndexX":1,"pictureIndexY":1,"pid":1,"t":3,"tcf":{"k":8,"v":"t.hp > 0"},"tk":3},{"ak":2,"atid":{"k":7,"v":83},"auid":{"k":7,"v":7},"battleMessage":{"id":1,"names":{"1":"[item]"}},"con":true,"d":{"id":-1,"names":{"1":"Ressuscite um aliado"}},"e":[{"df":{"k":8,"v":"-1"},"dsid":{"k":7,"v":3},"idmin":false}],"id":10,"names":{"1":"Pena de fênix"},"p":[{"k":1,"vf":{"k":8,"v":"1000"}}],"pictureIndexX":2,"pictureIndexY":1,"pid":1,"t":3,"tcf":{"k":8,"v":"t.hp === 0"},"tk":3},{"ak":2,"atid":{"k":7,"v":50},"auid":{"k":7,"v":7},"battleMessage":{"id":1,"names":{"1":"[item]"}},"con":true,"d":{"id":-1,"names":{"1":"Um remédio para se recuperar de qualquer status"}},"e":[{"iast":false,"k":1,"sid":{"k":7,"v":2}},{"iast":false,"k":1,"sid":{"k":7,"v":3}},{"iast":false,"k":1,"sid":{"k":7,"v":4}},{"iast":false,"k":1,"sid":{"k":7,"v":5}},{"iast":false,"k":1,"sid":{"k":7,"v":6}},{"iast":false,"k":1,"sid":{"k":7,"v":7}},{"iast":false,"k":1,"sid":{"k":7,"v":8}}],"id":11,"names":{"1":"Remédio"},"p":[{"k":1,"vf":{"k":8,"v":"100"}}],"pictureIndexX":3,"pictureIndexY":1,"pid":1,"t":3,"tcf":{"k":8,"v":"t.hp > 0"},"tk":3},{"ak":2,"atid":{"k":7,"v":50},"auid":{"k":7,"v":7},"battleMessage":{"id":-1,"names":{"1":"[item]"}},"con":true,"d":{"id":-1,"names":{"1":"Um remédio para se recuperar de um status envenenado"}},"e":[{"iast":false,"k":1,"sid":{"k":7,"v":2}}],"id":12,"names":{"1":"remédio envenenado"},"p":[{"k":1,"vf":{"k":8,"v":"10"}}],"pictureIndexX":4,"pictureIndexY":1,"pid":1,"t":3,"tcf":{"k":8,"v":"t.hp > 0"},"tk":3},{"ak":2,"atid":{"k":7,"v":50},"auid":{"k":7,"v":7},"battleMessage":{"id":-1,"names":{"1":"[item]"}},"con":true,"d":{"id":-1,"names":{"1":"Um remédio para se recuperar de um estado queimado"}},"e":[{"iast":false,"k":1,"sid":{"k":7,"v":3}}],"id":13,"names":{"1":"Remédio queimado"},"p":[{"k":1,"vf":{"k":8,"v":"10"}}],"pictureIndexX":5,"pictureIndexY":1,"pid":1,"t":3,"tcf":{"k":8,"v":"t.hp > 0"},"tk":3},{"ak":2,"atid":{"k":7,"v":50},"auid":{"k":7,"v":7},"battleMessage":{"id":-1,"names":{"1":"[item]"}},"con":true,"d":{"id":-1,"names":{"1":"Um remédio para se recuperar de um estado paralisado"}},"e":[{"iast":false,"k":1,"sid":{"k":7,"v":4}}],"id":14,"names":{"1":"Remédio paralisante"},"p":[{"k":1,"vf":{"k":8,"v":"10"}}],"pictureIndexX":6,"pictureIndexY":1,"pid":1,"t":3,"tcf":{"k":8,"v":"t.hp > 0"},"tk":3},{"ak":2,"atid":{"k":7,"v":50},"auid":{"k":7,"v":7},"battleMessage":{"id":-1,"names":{"1":"[item]"}},"con":true,"d":{"id":-1,"names":{"1":"Um remédio para se recuperar de um estado confuso"}},"e":[{"iast":false,"k":1,"sid":{"k":7,"v":5}}],"id":15,"names":{"1":"remédio confuso"},"p":[{"k":1,"vf":{"k":8,"v":"10"}}],"pictureIndexY":2,"pid":1,"t":3,"tcf":{"k":8,"v":"t.hp > 0"},"tk":3},{"ak":2,"atid":{"k":7,"v":50},"auid":{"k":7,"v":7},"battleMessage":{"id":-1,"names":{"1":"[item]"}},"con":true,"d":{"id":-1,"names":{"1":"Um remédio para se recuperar de um estado mudo"}},"e":[{"iast":false,"k":1,"sid":{"k":7,"v":6}}],"id":16,"names":{"1":"Solução silenciada"},"p":[{"k":1,"vf":{"k":8,"v":"10"}}],"pictureIndexX":1,"pictureIndexY":2,"pid":1,"t":3,"tcf":{"k":8,"v":"t.hp > 0"},"tk":3},{"ak":2,"atid":{"k":7,"v":50},"auid":{"k":7,"v":7},"battleMessage":{"id":-1,"names":{"1":"[item]"}},"con":true,"d":{"id":-1,"names":{"1":"Um remédio para se recuperar de um estado de sono"}},"e":[{"iast":false,"k":1,"sid":{"k":7,"v":7}}],"id":17,"names":{"1":"Remédio para dormir"},"p":[{"k":1,"vf":{"k":8,"v":"10"}}],"pictureIndexX":2,"pictureIndexY":2,"pid":1,"t":3,"tcf":{"k":8,"v":"t.hp > 0"},"tk":3},{"ak":2,"atid":{"k":7,"v":50},"auid":{"k":7,"v":7},"battleMessage":{"id":-1,"names":{"1":"[item]"}},"con":true,"d":{"id":-1,"names":{"1":"Um remédio para se recuperar de um estado de cegueira"}},"e":[{"iast":false,"k":1,"sid":{"k":7,"v":8}}],"id":18,"names":{"1":"remédio cego"},"p":[{"k":1,"vf":{"k":8,"v":"10"}}],"pictureIndexX":3,"pictureIndexY":2,"pid":1,"t":3,"tcf":{"k":8,"v":"t.hp > 0"},"tk":3},{"battleMessage":{"id":-1,"names":{"1":"[item]"}},"canBeSold":{"k":10,"v":false},"d":{"id":-1,"names":{"1":"Uma chave para usar em uma porta"}},"id":19,"names":{"1":"Chave"},"p":[{"k":1,"vf":{"k":8,"v":"0"}}],"pictureIndexX":4,"pictureIndexY":2,"pid":1,"t":2},{"battleMessage":{"id":-1,"names":{"1":"[item]"}},"canBeSold":{"k":10,"v":false},"d":{"id":-1,"names":{"1":"Uma chave grande para usar em uma porta grande"}},"id":20,"names":{"1":"chave grande"},"p":[{"k":1,"vf":{"k":8,"v":"0"}}],"pictureIndexX":5,"pictureIndexY":2,"pid":1,"t":2},{"battleMessage":{"id":-1,"names":{"1":"[item]"}},"canBeSold":{"k":10,"v":false},"d":{"id":-1,"names":{"1":"Um mapa do mundo"}},"id":21,"names":{"1":"Mapa"},"p":[{"k":1,"vf":{"k":8,"v":"0"}}],"pictureIndexX":6,"pictureIndexY":2,"pid":1,"t":2},{"battleMessage":{"id":-1,"names":{"1":"[item]"}},"canBeSold":{"k":10,"v":false},"d":{"id":-1,"names":{"1":"Um ursinho fofo"}},"id":22,"names":{"1":"brinquedo de pelúcia"},"p":[{"k":1,"vf":{"k":8,"v":"0"}}],"pictureIndexY":3,"pid":1,"t":2},{"battleMessage":{"id":-1,"names":{"1":"[item]"}},"canBeSold":{"k":10,"v":false},"d":{"id":-1,"names":{"1":"Um envelope fechado"}},"id":23,"names":{"1":"Envelope"},"p":[{"k":1,"vf":{"k":8,"v":"0"}}],"pictureIndexX":1,"pictureIndexY":3,"pid":1,"t":2},{"battleMessage":{"id":-1,"names":{"1":"[item]"}},"canBeSold":{"k":10,"v":false},"d":{"id":-1,"names":{"1":"Uma única página de um livro"}},"id":24,"names":{"1":"Página"},"p":[{"k":1,"vf":{"k":8,"v":"0"}}],"pictureIndexX":2,"pictureIndexY":3,"pid":1,"t":2},{"battleMessage":{"id":-1,"names":{"1":"[item]"}},"canBeSold":{"k":10,"v":false},"d":{"id":-1,"names":{"1":"Um livro simples"}},"id":25,"names":{"1":"Livro"},"p":[{"k":1,"vf":{"k":8,"v":"0"}}],"pictureIndexX":3,"pictureIndexY":3,"pid":1,"t":2},{"battleMessage":{"id":-1,"names":{"1":"[item]"}},"canBeSold":{"k":10,"v":false},"d":{"id":-1,"names":{"1":"Um único saco"}},"id":26,"names":{"1":"Sacola"},"p":[{"k":1,"vf":{"k":8,"v":"0"}}],"pictureIndexX":4,"pictureIndexY":3,"pid":1,"t":2},{"battleMessage":{"id":-1,"names":{"1":"[item]"}},"canBeSold":{"k":10,"v":false},"d":{"id":-1,"names":{"1":"Uma picareta para pedras"}},"id":27,"names":{"1":"Picareta"},"p":[{"k":1,"vf":{"k":8,"v":"0"}}],"pictureIndexX":5,"pictureIndexY":3,"pid":1,"t":2},{"battleMessage":{"id":-1,"names":{"1":"[item]"}},"canBeSold":{"k":10,"v":false},"d":{"id":-1,"names":{"1":"Uma pá para cavar"}},"id":28,"names":{"1":"Pá"},"p":[{"k":1,"vf":{"k":8,"v":"0"}}],"pictureIndexX":6,"pictureIndexY":3,"pid":1,"t":2},{"battleMessage":{"id":-1,"names":{"1":"[item]"}},"con":true,"d":{"id":-1,"names":{"1":"Uma corda para sair de uma área"}},"id":29,"names":{"1":"Corda"},"p":[{"k":1,"vf":{"k":8,"v":"50"}}],"pictureIndexY":4,"pid":1,"t":3},{"battleMessage":{"id":-1,"names":{"1":"[item]"}},"con":true,"d":{"id":-1,"names":{"1":"Um lindo cristal"}},"id":30,"names":{"1":"Cristal"},"p":[{"k":1,"vf":{"k":8,"v":"20"}}],"pictureIndexX":1,"pictureIndexY":4,"pid":1},{"battleMessage":{"id":-1,"names":{"1":"[item]"}},"con":true,"d":{"id":-1,"names":{"1":"Uma linda pérola"}},"id":31,"names":{"1":"pérola"},"p":[{"k":1,"vf":{"k":8,"v":"40"}}],"pictureIndexX":2,"pictureIndexY":4,"pid":1},{"battleMessage":{"id":-1,"names":{"1":"[item]"}},"con":true,"d":{"id":-1,"names":{"1":"Uma linda safira"}},"id":32,"names":{"1":"Safira"},"p":[{"k":1,"vf":{"k":8,"v":"80"}}],"pictureIndexX":3,"pictureIndexY":4,"pid":1},{"battleMessage":{"id":-1,"names":{"1":"[item]"}},"con":true,"d":{"id":-1,"names":{"1":"Um belo rubi"}},"id":33,"names":{"1":"Rubi"},"p":[{"k":1,"vf":{"k":8,"v":"100"}}],"pictureIndexX":4,"pictureIndexY":4,"pid":1},{"battleMessage":{"id":-1,"names":{"1":"[item]"}},"con":true,"d":{"id":-1,"names":{"1":"Uma linda esmeralda"}},"id":34,"names":{"1":"esmeralda"},"p":[{"k":1,"vf":{"k":8,"v":"150"}}],"pictureIndexX":5,"pictureIndexY":4,"pid":1},{"ak":2,"battleMessage":{"id":-1,"names":{"1":"[item]"}},"con":true,"d":{"id":-1,"names":{"1":"Uma raiz que aumenta permanentemente o HP máximo de um aliado em 10"}},"e":[{"k":6,"sf":{"k":8,"v":"RPM.Game.current.variables[125] = t.instid;"}},{"cr":{"command":[1,1,12,3,2,12,10],"kind":45},"k":4}],"id":35,"names":{"1":"raiz vermelha"},"p":[{"k":1,"vf":{"k":8,"v":"100"}}],"pictureIndexX":6,"pictureIndexY":4,"pid":1,"t":3,"tcf":{"k":8,"v":"t.hp > 0"},"tk":3},{"ak":2,"battleMessage":{"id":-1,"names":{"1":"[item]"}},"con":true,"d":{"id":-1,"names":{"1":"Uma raiz que aumenta permanentemente o MP máximo de um aliado em 10"}},"e":[{"k":6,"sf":{"k":8,"v":"RPM.Game.current.variables[125] = t.instid;"}},{"cr":{"command":[1,1,12,4,2,12,10],"kind":45},"k":4}],"id":36,"names":{"1":"raiz azul"},"p":[{"k":1,"vf":{"k":8,"v":"100"}}],"pictureIndexX":6,"pictureIndexY":4,"pid":1,"t":3,"tcf":{"k":8,"v":"t.hp > 0"},"tk":3},{"ak":2,"battleMessage":{"id":-1,"names":{"1":"[item]"}},"con":true,"d":{"id":-1,"names":{"1":"Uma raiz aumentando permanentemente o TP máximo de um aliado em 10"}},"e":[{"k":6,"sf":{"k":8,"v":"RPM.Game.current.variables[125] = t.instid;"}},{"cr":{"command":[1,1,12,5,2,12,10],"kind":45},"k":4}],"id":37,"names":{"1":"raiz verde"},"p":[{"k":1,"vf":{"k":8,"v":"100"}}],"pictureIndexX":6,"pictureIndexY":4,"pid":1,"t":3,"tcf":{"k":8,"v":"t.hp > 0"},"tk":3},{"ak":2,"battleMessage":{"id":-1,"names":{"1":"[item]"}},"con":true,"d":{"id":-1,"names":{"1":"Uma raiz que aumenta permanentemente a força de um aliado em 1"}},"e":[{"k":6,"sf":{"k":8,"v":"RPM.Game.current.variables[125] = t.instid;"}},{"cr":{"command":[1,1,12,8,2,12,1],"kind":45},"k":4}],"id":38,"names":{"1":"raiz marrom"},"p":[{"k":1,"vf":{"k":8,"v":"100"}}],"pictureIndexX":6,"pictureIndexY":4,"pid":1,"t":3,"tcf":{"k":8,"v":"t.hp > 0"},"tk":3},{"ak":2,"battleMessage":{"id":-1,"names":{"1":"[item]"}},"con":true,"d":{"id":-1,"names":{"1":"Uma raiz que aumenta permanentemente a inteligência de um aliado em 1"}},"e":[{"k":6,"sf":{"k":8,"v":"RPM.Game.current.variables[125] = t.instid;"}},{"cr":{"command":[1,1,12,9,2,12,1],"kind":45},"k":4}],"id":39,"names":{"1":"raiz roxa"},"p":[{"k":1,"vf":{"k":8,"v":"100"}}],"pictureIndexX":6,"pictureIndexY":4,"pid":1,"t":3,"tcf":{"k":8,"v":"t.hp > 0"},"tk":3},{"ak":2,"battleMessage":{"id":-1,"names":{"1":"[item]"}},"con":true,"d":{"id":-1,"names":{"1":"Uma raiz que aumenta permanentemente a agilidade de um aliado em 1"}},"e":[{"k":6,"sf":{"k":8,"v":"RPM.Game.current.variables[125] = t.instid;"}},{"cr":{"command":[1,1,12,12,2,12,1],"kind":45},"k":4}],"id":40,"names":{"1":"raiz amarela"},"p":[{"k":1,"vf":{"k":8,"v":"100"}}],"pictureIndexX":6,"pictureIndexY":4,"pid":1,"t":3,"tcf":{"k":8,"v":"t.hp > 0"},"tk":3},{"ak":2,"battleMessage":{"id":-1,"names":{"1":"[item]"}},"con":true,"d":{"id":-1,"names":{"1":"Uma raiz que aumenta permanentemente a defesa P de um aliado em 1"}},"e":[{"k":6,"sf":{"k":8,"v":"RPM.Game.current.variables[125] = t.instid;"}},{"cr":{"command":[1,1,12,10,2,12,1],"kind":45},"k":4}],"id":41,"names":{"1":"raiz rosa"},"p":[{"k":1,"vf":{"k":8,"v":"100"}}],"pictureIndexX":6,"pictureIndexY":4,"pid":1,"t":3,"tcf":{"k":8,"v":"t.hp > 0"},"tk":3},{"ak":2,"battleMessage":{"id":-1,"names":{"1":"[item]"}},"con":true,"d":{"id":-1,"names":{"1":"Uma raiz adicionando permanentemente a defesa M de um aliado em 1"}},"e":[{"k":6,"sf":{"k":8,"v":"RPM.Game.current.variables[125] = t.instid;"}},{"cr":{"command":[1,1,12,11,2,12,1],"kind":45},"k":4}],"id":42,"names":{"1":"raiz ciano"},"p":[{"k":1,"vf":{"k":8,"v":"100"}}],"pictureIndexX":6,"pictureIndexY":4,"pid":1,"t":3,"tcf":{"k":8,"v":"t.hp > 0"},"tk":3}]}