{"a":11,"c":12,"d":6,"l":7,"list":[{"abr":"UpHero","id":1,"names":{"1":"Mover herói para cima"},"sc":[[87]]},{"abr":"DownHero","id":2,"names":{"1":"Mover herói para baixo"},"sc":[[83]]},{"abr":"LeftHero","id":3,"names":{"1":"Mover herói para esquerda"},"sc":[[65]]},{"abr":"RightHero","id":4,"names":{"1":"Mover herói para direita"},"sc":[[68]]},{"abr":"UpMenu","id":5,"names":{"1":"Mover menu para cima"},"sc":[[16777235],[87]]},{"abr":"DownMenu","id":6,"names":{"1":"Mover menu para baixo"},"sc":[[16777237],[83]]},{"abr":"LeftMenu","id":7,"names":{"1":"Mover menu para esquerda"},"sc":[[16777234],[65]]},{"abr":"RightMenu","id":8,"names":{"1":"Move menu para direita"},"sc":[[16777236],[68]]},{"abr":"LeftCamera","id":9,"names":{"1":"Mover câmera para esquerda"},"sc":[[16777234]]},{"abr":"RightCamera","id":10,"names":{"1":"Mover câmera para direta"},"sc":[[16777236]]},{"abr":"Action","id":11,"names":{"1":"Ação"},"sc":[[16777220],[16777221]]},{"abr":"Cancel","id":12,"names":{"1":"Cancelar"},"sc":[[88],[16777216]]},{"abr":"MainMenu","id":13,"names":{"1":"Abrir / fechar menu principal"},"sc":[[16777216]]}],"r":8,"u":5}