{"ad":{"id":0,"names":{"1":"Adicionar"}},"bu":{"id":0,"names":{"1":"Comprar"}},"co":{"id":0,"names":{"1":"Confirme ?"}},"cr":{"id":0,"names":{"1":"Crítico"}},"da":{"id":0,"names":{"1":"Dano"}},"de":{"id":0,"names":{"1":"Derrota"}},"em":{"id":0,"names":{"1":"Vazio"}},"eq":{"id":0,"names":{"1":"Você quer equipá-lo?"}},"he":{"id":0,"names":{"1":"Cura"}},"ka":{"id":0,"names":{"1":"Definições do teclado"}},"kad":{"id":0,"names":{"1":"Preferências de atribuições de teclado atualizadas"}},"kasd":{"id":0,"names":{"1":"Selecione um atalho de teclado para modificar"}},"l":{"id":0,"names":{"1":"Língua"}},"lag":{"id":0,"names":{"1":"Carregar jogo"}},"lagd":{"id":0,"names":{"1":"Selecione um slot que deseja carregar"}},"langs":[{"id":1,"kind":1,"name":"English"}],"ld":{"id":0,"names":{"1":"Atualização do idioma atual"}},"lo":{"id":0,"names":{"1":"Carregando..."}},"lsd":{"id":0,"names":{"1":"Selecione um idioma"}},"lu":{"id":0,"names":{"1":"Subir de nível"}},"no":{"id":0,"names":{"1":"Não"}},"ok":{"id":0,"names":{"1":"OK"}},"ow":{"id":0,"names":{"1":"Possuído (s)"}},"pak":{"id":0,"names":{"1":"Pressione qualquer tecla..."}},"pr":{"id":0,"names":{"1":"Precisão"}},"ps":{"id":0,"names":{"1":"Execute uma habilidade"}},"re":{"id":0,"names":{"1":"Remover"}},"saa":{"id":0,"names":{"1":"Selecione um aliado"}},"sag":{"id":0,"names":{"1":"salvar jogo"}},"sagd":{"id":0,"names":{"1":"Selecione um slot onde você deseja salvar"}},"se":{"id":0,"names":{"1":"Vender"}},"sh":{"id":0,"names":{"1":"Comprar"}},"sk":{"id":0,"names":{"1":"Habilidade"}},"sl":{"id":0,"names":{"1":"slot"}},"ta":{"id":0,"names":{"1":"Alvo"}},"vi":{"id":0,"names":{"1":"Vitória"}},"ye":{"id":0,"names":{"1":"Sim"}}}