{"list":[{"k":6,"v":[{"br":false,"id":-1,"name":"<None>"},{"br":false,"col":[{"k":[7,14],"v":{}},{"k":[6,15],"v":{}},{"k":[7,13],"v":{}},{"k":[6,14],"v":{}},{"k":[5,15],"v":{"c":true,"rec":null}},{"k":[7,15],"v":{}},{"k":[7,10],"v":{}},{"k":[6,11],"v":{}},{"k":[2,15],"v":{"rec":[31.25,31.25,37.5,68.75]}},{"k":[7,9],"v":{}},{"k":[6,10],"v":{}},{"k":[1,15],"v":{"rec":[0,50,100,50]}},{"k":[7,12],"v":{}},{"k":[6,13],"v":{}},{"k":[4,15],"v":{"c":true,"rec":null}},{"k":[7,11],"v":{}},{"k":[6,12],"v":{}},{"k":[3,15],"v":{"rec":[12.5,31.25,75,68.75]}},{"k":[5,8],"v":{}},{"k":[4,8],"v":{}},{"k":[5,7],"v":{"rec":[0,37.5,100,62.5]}},{"k":[6,6],"v":{"rec":[12.5,31.25,75,68.75]}},{"k":[6,9],"v":{}},{"k":[0,15],"v":{"rec":[0,25,100,75]}},{"k":[7,2],"v":{"rec":[0,0,87.5,100]}},{"k":[4,5],"v":{"rec":[31.25,0,68.75,100]}},{"k":[1,8],"v":{}},{"k":[0,9],"v":{}},{"k":[3,6],"v":{"rec":[0,50,100,50]}},{"k":[6,2],"v":{"rec":[25,0,75,100]}},{"k":[3,5],"v":{"rec":[12.5,31.25,75,68.75]}},{"k":[1,7],"v":{"rec":[0,18.75,93.75,81.25]}},{"k":[0,8],"v":{}},{"k":[4,7],"v":{"rec":[0,68.75,100,31.25]}},{"k":[1,10],"v":{}},{"k":[5,6],"v":{"rec":[31.25,31.25,37.5,68.75]}},{"k":[1,9],"v":{}},{"k":[0,10],"v":{}},{"k":[4,6],"v":{"rec":[0,37.5,100,62.5]}},{"k":[3,2],"v":{"rec":[0,0,93.75,100]}},{"k":[0,5],"v":{"rec":[6.25,25,87.5,75]}},{"k":[3,1],"v":{"rec":[0,0,93.75,100]}},{"k":[2,2],"v":{"rec":[6.25,0,93.75,100]}},{"k":[0,7],"v":{"rec":[12.5,18.75,87.5,81.25]}},{"k":[0,1],"v":{}},{"k":[1,2],"v":{}},{"k":[2,1],"v":{"rec":[6.25,0,93.75,100]}},{"k":[1,1],"v":{}},{"k":[0,2],"v":{}}],"id":1,"name":"plains-woods.png"},{"br":false,"col":[{"k":[7,14],"v":{}},{"k":[6,15],"v":{}},{"k":[7,13],"v":{}},{"k":[6,14],"v":{}},{"k":[5,15],"v":{"c":true,"rec":[31.25,0,68.75,100]}},{"k":[7,15],"v":{}},{"k":[7,10],"v":{}},{"k":[6,11],"v":{}},{"k":[2,15],"v":{"rec":[31.25,31.25,37.5,68.75]}},{"k":[7,9],"v":{}},{"k":[6,10],"v":{}},{"k":[1,15],"v":{"rec":[0,50,100,50]}},{"k":[7,12],"v":{}},{"k":[6,13],"v":{}},{"k":[4,15],"v":{"c":true,"rec":[12.5,31.25,75,68.75]}},{"k":[7,11],"v":{}},{"k":[6,12],"v":{}},{"k":[3,15],"v":{"rec":[12.5,31.25,75,68.75]}},{"k":[5,8],"v":{}},{"k":[4,8],"v":{}},{"k":[5,7],"v":{"rec":[0,37.5,100,62.5]}},{"k":[6,6],"v":{"rec":[12.5,31.25,75,68.75]}},{"k":[6,9],"v":{}},{"k":[0,15],"v":{"rec":[0,25,100,75]}},{"k":[7,2],"v":{"rec":[0,0,87.5,100]}},{"k":[4,5],"v":{"rec":[31.25,0,68.75,100]}},{"k":[1,8],"v":{}},{"k":[0,9],"v":{}},{"k":[3,6],"v":{"rec":[0,50,100,50]}},{"k":[6,2],"v":{"rec":[25,0,75,100]}},{"k":[3,5],"v":{"rec":[12.5,31.25,75,68.75]}},{"k":[1,7],"v":{"rec":[0,18.75,93.75,81.25]}},{"k":[0,8],"v":{}},{"k":[4,7],"v":{"rec":[0,68.75,100,31.25]}},{"k":[1,10],"v":{}},{"k":[5,6],"v":{"rec":[31.25,31.25,37.5,68.75]}},{"k":[1,9],"v":{}},{"k":[0,10],"v":{}},{"k":[4,6],"v":{"rec":[0,37.5,100,62.5]}},{"k":[3,2],"v":{"rec":[0,0,93.75,100]}},{"k":[0,5],"v":{"rec":[6.25,25,87.5,75]}},{"k":[3,1],"v":{"rec":[0,0,93.75,100]}},{"k":[2,2],"v":{"rec":[6.25,0,93.75,100]}},{"k":[0,7],"v":{"rec":[12.5,18.75,87.5,81.25]}},{"k":[0,1],"v":{}},{"k":[1,2],"v":{}},{"k":[2,1],"v":{"rec":[6.25,0,93.75,100]}},{"k":[1,1],"v":{}},{"k":[0,2],"v":{}}],"id":2,"name":"plains-woods-haunted.png"},{"br":false,"col":[{"k":[7,14],"v":{}},{"k":[6,15],"v":{}},{"k":[7,13],"v":{}},{"k":[6,14],"v":{}},{"k":[5,15],"v":{"c":true,"rec":[31.25,0,68.75,100]}},{"k":[7,15],"v":{}},{"k":[7,10],"v":{}},{"k":[6,11],"v":{}},{"k":[2,15],"v":{"rec":[31.25,31.25,37.5,68.75]}},{"k":[7,9],"v":{}},{"k":[6,10],"v":{}},{"k":[1,15],"v":{"rec":[0,50,100,50]}},{"k":[7,12],"v":{}},{"k":[6,13],"v":{}},{"k":[4,15],"v":{"c":true,"rec":[12.5,31.25,75,68.75]}},{"k":[7,11],"v":{}},{"k":[6,12],"v":{}},{"k":[3,15],"v":{"rec":[12.5,31.25,75,68.75]}},{"k":[5,8],"v":{}},{"k":[4,8],"v":{}},{"k":[5,7],"v":{"rec":[0,37.5,100,62.5]}},{"k":[6,6],"v":{"rec":[12.5,31.25,75,68.75]}},{"k":[6,9],"v":{}},{"k":[0,15],"v":{"rec":[0,25,100,75]}},{"k":[7,2],"v":{"rec":[0,0,87.5,100]}},{"k":[4,5],"v":{"rec":[31.25,0,68.75,100]}},{"k":[1,8],"v":{}},{"k":[0,9],"v":{}},{"k":[3,6],"v":{"rec":[0,50,100,50]}},{"k":[6,2],"v":{"rec":[25,0,75,100]}},{"k":[3,5],"v":{"rec":[12.5,31.25,75,68.75]}},{"k":[1,7],"v":{"rec":[0,18.75,93.75,81.25]}},{"k":[0,8],"v":{}},{"k":[4,7],"v":{"rec":[0,68.75,100,31.25]}},{"k":[1,10],"v":{}},{"k":[5,6],"v":{"rec":[31.25,31.25,37.5,68.75]}},{"k":[1,9],"v":{}},{"k":[0,10],"v":{}},{"k":[4,6],"v":{"rec":[0,37.5,100,62.5]}},{"k":[3,2],"v":{"rec":[0,0,93.75,100]}},{"k":[0,5],"v":{"rec":[6.25,25,87.5,75]}},{"k":[3,1],"v":{"rec":[0,0,93.75,100]}},{"k":[2,2],"v":{"rec":[6.25,0,93.75,100]}},{"k":[0,7],"v":{"rec":[12.5,18.75,87.5,81.25]}},{"k":[0,1],"v":{}},{"k":[1,2],"v":{}},{"k":[2,1],"v":{"rec":[6.25,0,93.75,100]}},{"k":[1,1],"v":{}},{"k":[0,2],"v":{}}],"id":3,"name":"plains-woods-snow.png"},{"br":false,"col":[{"k":[6,15],"v":{"rec":[0,0,25,100]}},{"k":[5,15],"v":{"rec":[75,0,25,100]}},{"k":[6,14],"v":{"rec":[0,0,25,100]}},{"k":[5,12],"v":{"rec":[75,0,25,100]}},{"k":[6,11],"v":{}},{"k":[7,10],"v":{"rec":[0,0,81.25,100]}},{"k":[7,9],"v":{"rec":[31.25,0,68.75,100]}},{"k":[5,11],"v":{}},{"k":[6,10],"v":{}},{"k":[5,14],"v":{"rec":[75,0,25,100]}},{"k":[6,13],"v":{"rec":[0,0,25,100]}},{"k":[5,13],"v":{"rec":[75,0,25,100]}},{"k":[6,12],"v":{"rec":[0,0,25,100]}},{"k":[7,6],"v":{}},{"k":[6,7],"v":{}},{"k":[4,9],"v":{"rec":[0,37.5,100,62.5]}},{"k":[5,7],"v":{}},{"k":[6,6],"v":{}},{"k":[7,8],"v":{}},{"k":[6,9],"v":{"rec":[12.5,31.25,75,68.75]}},{"k":[5,10],"v":{}},{"k":[7,7],"v":{}},{"k":[6,8],"v":{}},{"k":[4,10],"v":{"rec":[18.75,0,81.25,100]}},{"k":[7,2],"v":{"rec":[18.75,43.75,62.5,56.25]}},{"k":[1,8],"v":{}},{"k":[2,7],"v":{"rec":[6.25,25,87.5,75]}},{"k":[6,2],"v":{"rec":[6.25,31.25,93.75,68.75]}},{"k":[1,7],"v":{"rec":[0,25,100,75]}},{"k":[0,8],"v":{"rec":[12.5,6.25,75,93.75]}},{"k":[5,6],"v":{}},{"k":[4,7],"v":{}},{"k":[3,8],"v":{}},{"k":[4,6],"v":{}},{"k":[2,8],"v":{"rec":[12.5,0,75,100]}},{"k":[3,7],"v":{"rec":[0,18.75,100,81.25]}},{"k":[1,4],"v":{"rec":[0,0,18.75,100]}},{"k":[3,2],"v":{"rec":[0,0,75,100]}},{"k":[2,3],"v":{"rec":[81.25,0,18.75,100]}},{"k":[1,3],"v":{"rec":[0,0,18.75,100]}},{"k":[0,4],"v":{"rec":[81.25,0,18.75,100]}},{"k":[2,2],"v":{"rec":[25,0,75,100]}},{"k":[5,2],"v":{}},{"k":[0,7],"v":{"rec":[6.25,31.25,87.5,68.75]}},{"k":[3,3],"v":{"rec":[0,0,18.75,100]}},{"k":[4,2],"v":{"rec":[12.5,0,87.5,100]}},{"k":[1,2],"v":{"rec":[0,12.5,75,87.5]}},{"k":[0,3],"v":{"rec":[81.25,0,18.75,100]}},{"k":[0,2],"v":{"rec":[25,12.5,75,87.5]}}],"id":4,"name":"beach-desert.png"},{"br":false,"col":[{"k":[7,13],"v":{}},{"k":[7,12],"v":{"rec":[6.25,0,93.75,100]}},{"k":[7,11],"v":{"rec":[12.5,0,81.25,100]}},{"k":[7,5],"v":{"rec":[31.25,0,68.75,100]}},{"k":[3,6],"v":{"rec":[31.25,31.25,37.5,68.75]}},{"k":[0,9],"v":{}},{"k":[1,8],"v":{}},{"k":[2,6],"v":{"rec":[0,50,100,50]}},{"k":[0,8],"v":{}},{"k":[1,7],"v":{}},{"k":[5,6],"v":{"rec":[0,37.5,100,62.5]}},{"k":[6,5],"v":{"rec":[12.5,31.25,75,68.75]}},{"k":[4,6],"v":{"rec":[12.5,31.25,75,68.75]}},{"k":[5,5],"v":{"rec":[0,37.5,100,62.5]}},{"k":[1,9],"v":{}},{"k":[2,3],"v":{"rec":[25,18.75,75,81.25]}},{"k":[1,4],"v":{}},{"k":[0,5],"v":{}},{"k":[1,3],"v":{}},{"k":[0,4],"v":{}},{"k":[1,6],"v":{}},{"k":[0,7],"v":{}},{"k":[3,3],"v":{"rec":[0,18.75,87.5,81.25]}},{"k":[2,4],"v":{"rec":[6.25,25,87.5,75]}},{"k":[1,5],"v":{}},{"k":[0,6],"v":{}},{"k":[1,2],"v":{}},{"k":[0,3],"v":{}},{"k":[0,2],"v":{}}],"id":5,"name":"town.png"},{"br":false,"col":[{"k":[6,15],"v":{"rec":[0,0,25,100]}},{"k":[5,15],"v":{"rec":[75,0,25,100]}},{"k":[6,14],"v":{"rec":[0,0,25,100]}},{"k":[3,14],"v":{"rec":[12.5,0,75,100]}},{"k":[5,12],"v":{"rec":[75,0,25,100]}},{"k":[6,11],"v":{}},{"k":[7,10],"v":{"rec":[0,0,81.25,100]}},{"k":[7,9],"v":{"rec":[31.25,0,68.75,100]}},{"k":[2,14],"v":{}},{"k":[3,13],"v":{"rec":[12.5,18.75,75,81.25]}},{"k":[5,11],"v":{}},{"k":[6,10],"v":{}},{"k":[5,14],"v":{"rec":[75,0,25,100]}},{"k":[6,13],"v":{"rec":[0,0,25,100]}},{"k":[5,13],"v":{"rec":[75,0,25,100]}},{"k":[6,12],"v":{"rec":[0,0,25,100]}},{"k":[7,6],"v":{}},{"k":[6,7],"v":{}},{"k":[4,9],"v":{"rec":[0,37.5,100,62.5]}},{"k":[2,11],"v":{"rec":[6.25,6.25,93.75,93.75]}},{"k":[0,13],"v":{"c":true,"rec":null}},{"k":[5,7],"v":{}},{"k":[6,6],"v":{}},{"k":[7,8],"v":{}},{"k":[6,9],"v":{"rec":[12.5,31.25,75,68.75]}},{"k":[3,12],"v":{"rec":[0,6.25,93.75,93.75]}},{"k":[2,13],"v":{"rec":[0,43.75,100,56.25]}},{"k":[5,10],"v":{}},{"k":[7,7],"v":{}},{"k":[6,8],"v":{}},{"k":[3,11],"v":{"rec":[0,6.25,93.75,93.75]}},{"k":[2,12],"v":{"rec":[6.25,6.25,93.75,93.75]}},{"k":[4,10],"v":{"rec":[18.75,0,81.25,100]}},{"k":[0,14],"v":{"c":true,"rec":null}},{"k":[1,13],"v":{"c":true,"rec":null}},{"k":[1,8],"v":{}},{"k":[2,7],"v":{"rec":[6.25,25,87.5,75]}},{"k":[0,8],"v":{"rec":[12.5,6.25,75,93.75]}},{"k":[1,7],"v":{"rec":[0,25,100,75]}},{"k":[3,8],"v":{}},{"k":[5,6],"v":{}},{"k":[4,7],"v":{}},{"k":[2,8],"v":{"rec":[12.5,6.25,75,93.75]}},{"k":[3,7],"v":{"rec":[0,18.75,100,81.25]}},{"k":[4,6],"v":{}},{"k":[1,4],"v":{"rec":[0,0,18.75,100]}},{"k":[3,2],"v":{}},{"k":[2,3],"v":{"rec":[81.25,0,18.75,100]}},{"k":[1,3],"v":{"rec":[0,0,18.75,100]}},{"k":[0,4],"v":{"rec":[81.25,0,18.75,100]}},{"k":[2,2],"v":{}},{"k":[5,2],"v":{}},{"k":[0,7],"v":{"rec":[6.25,31.25,87.5,68.75]}},{"k":[3,3],"v":{"rec":[0,0,18.75,100]}},{"k":[4,2],"v":{"rec":[12.5,0,87.5,100]}},{"k":[1,2],"v":{}},{"k":[0,3],"v":{"rec":[81.25,0,18.75,100]}},{"k":[0,2],"v":{}}],"id":6,"name":"town-desert.png"},{"br":false,"col":[{"k":[7,13],"v":{}},{"k":[7,12],"v":{"rec":[6.25,0,93.75,100]}},{"k":[7,11],"v":{"rec":[12.5,0,81.25,100]}},{"k":[7,5],"v":{"rec":[31.25,0,68.75,100]}},{"k":[3,6],"v":{"rec":[31.25,31.25,37.5,68.75]}},{"k":[0,9],"v":{}},{"k":[1,8],"v":{}},{"k":[2,6],"v":{"rec":[0,50,100,50]}},{"k":[0,8],"v":{}},{"k":[1,7],"v":{}},{"k":[5,6],"v":{"rec":[0,37.5,100,62.5]}},{"k":[6,5],"v":{"rec":[12.5,31.25,75,68.75]}},{"k":[4,6],"v":{"rec":[12.5,31.25,75,68.75]}},{"k":[5,5],"v":{"rec":[0,37.5,100,62.5]}},{"k":[1,9],"v":{}},{"k":[2,3],"v":{"rec":[25,18.75,75,81.25]}},{"k":[1,4],"v":{}},{"k":[0,5],"v":{}},{"k":[1,3],"v":{}},{"k":[0,4],"v":{}},{"k":[1,6],"v":{}},{"k":[0,7],"v":{}},{"k":[3,3],"v":{"rec":[0,18.75,87.5,81.25]}},{"k":[2,4],"v":{"rec":[6.25,25,87.5,75]}},{"k":[1,5],"v":{}},{"k":[0,6],"v":{}},{"k":[1,2],"v":{}},{"k":[0,3],"v":{}},{"k":[0,2],"v":{}}],"id":7,"name":"town-snow.png"},{"br":false,"col":[{"k":[4,9],"v":{"rec":[6.25,0,93.75,100]}},{"k":[3,9],"v":{"rec":[25,0,50,100]}},{"k":[4,8],"v":{"rec":[6.25,0,93.75,100]}},{"k":[1,11],"v":{"rec":[12.5,12.5,75,87.5]}},{"k":[7,8],"v":{"c":true,"rec":null}},{"k":[6,9],"v":{"c":true,"rec":null}},{"k":[6,8],"v":{"c":true,"rec":null}},{"k":[2,9],"v":{"rec":[25,0,50,100]}},{"k":[3,8],"v":{"rec":[18.75,18.75,62.5,81.25]}},{"k":[4,7],"v":{"rec":[6.25,18.75,93.75,81.25]}},{"k":[0,11],"v":{}},{"k":[1,10],"v":{"rec":[12.5,12.5,75,87.5]}},{"k":[2,8],"v":{"rec":[18.75,18.75,62.5,81.25]}},{"k":[0,10],"v":{"rec":[0,37.5,100,62.5]}},{"k":[1,3],"v":{"rec":[12.5,0,75,100]}},{"k":[0,3],"v":{}},{"k":[1,2],"v":{"rec":[12.5,18.75,75,81.25]}},{"k":[0,2],"v":{"rec":[0,50,100,50]}}],"id":8,"name":"inside.png"},{"br":false,"col":[{"k":[7,14],"v":{"c":true,"rec":null}},{"k":[6,15],"v":{"c":true,"rec":null}},{"k":[5,15],"v":{"rec":[6.25,0,93.75,100]}},{"k":[6,14],"v":{"c":true,"rec":null}},{"k":[7,9],"v":{"rec":[12.5,0,75,100]}},{"k":[5,14],"v":{"rec":[6.25,0,93.75,100]}},{"k":[7,12],"v":{"rec":[12.5,6.25,87.5,93.75]}},{"k":[5,13],"v":{"rec":[6.25,0,93.75,100]}},{"k":[6,12],"v":{"rec":[37.5,0,62.5,100]}},{"k":[5,8],"v":{"rec":[12.5,6.25,75,93.75]}},{"k":[1,11],"v":{"rec":[12.5,12.5,75,87.5]}},{"k":[6,9],"v":{"rec":[12.5,0,75,100]}},{"k":[7,8],"v":{"rec":[12.5,50,75,50]}},{"k":[5,9],"v":{"rec":[12.5,0,75,100]}},{"k":[6,8],"v":{"rec":[12.5,37.5,75,62.5]}},{"k":[0,11],"v":{}},{"k":[1,10],"v":{"rec":[12.5,12.5,75,87.5]}},{"k":[0,10],"v":{"rec":[0,37.5,100,62.5]}},{"k":[1,3],"v":{"rec":[12.5,0,81.25,100]}},{"k":[0,3],"v":{}},{"k":[1,2],"v":{"rec":[12.5,18.75,81.25,81.25]}},{"k":[0,2],"v":{"rec":[0,50,100,50]}}],"id":9,"name":"shop.png"},{"br":false,"col":[{"k":[1,2],"v":{"c":true,"rec":null}},{"k":[0,2],"v":{"c":true,"rec":null}},{"k":[2,7],"v":{"c":true,"rec":null}},{"k":[1,7],"v":{"c":true,"rec":null}},{"k":[3,8],"v":{"c":true,"rec":null}},{"k":[2,9],"v":{"c":true,"rec":null}},{"k":[3,7],"v":{"c":true,"rec":null}},{"k":[2,8],"v":{"c":true,"rec":null}},{"k":[0,7],"v":{"c":true,"rec":null}}],"id":10,"name":"sewers.png"},{"br":false,"col":[{"k":[6,15],"v":{"c":true,"rec":null}},{"k":[5,15],"v":{"c":true,"rec":null}},{"k":[7,15],"v":{"c":true,"rec":null}},{"k":[4,13],"v":{}},{"k":[5,12],"v":{"rec":[0,50,100,50]}},{"k":[3,13],"v":{}},{"k":[4,12],"v":{"rec":[0,62.5,100,37.5]}},{"k":[4,15],"v":{"c":true,"rec":null}},{"k":[5,13],"v":{}},{"k":[6,6],"v":{"rec":[12.5,31.25,75,68.75]}},{"k":[3,6],"v":{"rec":[25,12.5,43.75,87.5]}},{"k":[4,5],"v":{"rec":[12.5,0,75,100]}},{"k":[2,6],"v":{"rec":[0,0,81.25,100]}},{"k":[3,5],"v":{"rec":[25,0,50,62.5]}},{"k":[6,5],"v":{"rec":[31.25,0,68.75,100]}},{"k":[5,6],"v":{"rec":[31.25,31.25,37.5,68.75]}},{"k":[5,5],"v":{"rec":[12.5,31.25,75,68.75]}},{"k":[4,6],"v":{"rec":[12.5,0,75,62.5]}},{"k":[2,8],"v":{"rec":[12.5,18.75,75,81.25]}},{"k":[0,5],"v":{"c":true,"rec":null}},{"k":[2,5],"v":{"rec":[0,25,81.25,75]}},{"k":[1,5],"v":{"c":true,"rec":null}},{"k":[0,6],"v":{"c":true,"rec":null}}],"id":11,"name":"dungeon-mines.png"}]},{"k":1,"v":[{"br":false,"id":-1,"name":"<None>"},{"br":false,"id":1,"name":"hpBar.png"},{"br":false,"id":2,"name":"mpBar.png"},{"br":false,"id":3,"name":"tpBar.png"}]},{"k":17,"v":[{"br":false,"id":-1,"name":"<None>"},{"br":false,"id":1,"name":"background.png"}]},{"k":3,"v":[{"br":false,"id":-1,"name":"<None>"},{"br":false,"id":1,"name":"general.png"},{"br":false,"col":[{"k":[0,1],"v":{}},{"k":[0,0],"v":{}},{"k":[0,3],"v":{}},{"k":[0,2],"v":{}},{"k":[0,5],"v":{}},{"k":[0,4],"v":{}}],"id":2,"name":"water.png"},{"br":false,"id":3,"name":"haunted.png"},{"br":false,"id":4,"name":"snow.png"},{"br":false,"col":[{"k":[0,0],"v":{}}],"id":5,"name":"lava.png"}]},{"k":16,"v":[{"br":false,"id":-1,"name":"<None>"},{"br":false,"id":1,"name":"raindrop.png"},{"br":false,"id":2,"name":"snowflake.png"}]},{"k":2,"v":[{"br":false,"id":-1,"name":"<None>"},{"br":false,"id":1,"name":"items.png"},{"br":false,"id":2,"name":"emotes-status.png"},{"br":false,"id":3,"name":"weapons.png"},{"br":false,"id":4,"name":"armors.png"},{"br":false,"id":5,"name":"skills.png"},{"br":false,"id":6,"name":"currencies.png"}]},{"k":13,"v":[{"br":false,"id":-1,"name":"<None>"},{"br":false,"id":1,"name":"logo_escola_transparente.png"}]},{"k":12,"v":[{"br":false,"id":-1,"name":"<None>"},{"br":false,"id":1,"name":"tent.png"},{"br":false,"id":2,"name":"chest-small.png"},{"br":false,"id":3,"name":"chest-small-opened.png"},{"br":false,"id":4,"name":"chest-small-blue.png"},{"br":false,"id":5,"name":"chest-small-opened-blue.png"},{"br":false,"id":6,"name":"chest-small-green.png"},{"br":false,"id":7,"name":"chest-small-opened-green.png"},{"br":false,"id":8,"name":"chest-small-red.png"},{"br":false,"id":9,"name":"chest-small-opened-red.png"},{"br":false,"id":10,"name":"chest.png"},{"br":false,"id":11,"name":"chest-opened1.png"},{"br":false,"id":12,"name":"chest-opened2.png"},{"br":false,"id":13,"name":"log-small.png"},{"br":false,"id":14,"name":"log.png"},{"br":false,"id":15,"name":"log-big.png"},{"br":false,"id":16,"name":"picnic-table-stone.png"},{"br":false,"id":17,"name":"picnic-table-wood.png"},{"br":false,"id":18,"name":"woodfence.png"},{"br":false,"id":19,"name":"woodfence-snow.png"},{"br":false,"id":20,"name":"building-brick.png"},{"br":false,"id":21,"name":"building-brick-big.png"},{"br":false,"id":22,"name":"building-stone.png"},{"br":false,"id":23,"name":"building-stone-big.png"},{"br":false,"id":24,"name":"building-wood.png"},{"br":false,"id":25,"name":"building-wood-big.png"},{"br":false,"id":26,"name":"chimney-brick.png"},{"br":false,"id":27,"name":"chimney-stone.png"},{"br":false,"id":28,"name":"house-brick-blue.png"},{"br":false,"id":29,"name":"house-brick-blue-snow.png"},{"br":false,"id":30,"name":"house-brick-green.png"},{"br":false,"id":31,"name":"house-brick-green-snow.png"},{"br":false,"id":32,"name":"house-brick-red.png"},{"br":false,"id":33,"name":"house-brick-red-snow.png"},{"br":false,"id":34,"name":"house-stone-blue.png"},{"br":false,"id":35,"name":"house-stone-blue-snow.png"},{"br":false,"id":36,"name":"house-stone-green.png"},{"br":false,"id":37,"name":"house-stone-green-snow.png"},{"br":false,"id":38,"name":"house-stone-red.png"},{"br":false,"id":39,"name":"house-stone-red-snow.png"},{"br":false,"id":40,"name":"house-wood-blue.png"},{"br":false,"id":41,"name":"house-wood-blue-snow.png"},{"br":false,"id":42,"name":"house-wood-green.png"},{"br":false,"id":43,"name":"house-wood-green-snow.png"},{"br":false,"id":44,"name":"house-wood-red.png"},{"br":false,"id":45,"name":"house-wood-red-snow.png"},{"br":false,"id":46,"name":"shop-stand-black.png"},{"br":false,"id":47,"name":"shop-stand-blue.png"},{"br":false,"id":48,"name":"shop-stand-green.png"},{"br":false,"id":49,"name":"shop-stand-red.png"},{"br":false,"id":50,"name":"shop-stand-white.png"},{"br":false,"id":51,"name":"shop-stand-big-black.png"},{"br":false,"id":52,"name":"shop-stand-big-black-snow.png"},{"br":false,"id":53,"name":"shop-stand-big-blue.png"},{"br":false,"id":54,"name":"shop-stand-big-blue-snow.png"},{"br":false,"id":55,"name":"shop-stand-big-green.png"},{"br":false,"id":56,"name":"shop-stand-big-green-snow.png"},{"br":false,"id":57,"name":"shop-stand-big-red.png"},{"br":false,"id":58,"name":"shop-stand-big-red-snow.png"},{"br":false,"id":59,"name":"shop-stand-big-white.png"},{"br":false,"id":60,"name":"shop-stand-big-white-snow.png"},{"br":false,"id":61,"name":"bench-stone.png"},{"br":false,"id":62,"name":"bench-wood.png"},{"br":false,"id":63,"name":"bus.png"},{"br":false,"id":64,"name":"car-black.png"},{"br":false,"id":65,"name":"car-blue.png"},{"br":false,"id":66,"name":"car-green.png"},{"br":false,"id":67,"name":"car-red.png"},{"br":false,"id":68,"name":"car-white.png"},{"br":false,"id":69,"name":"bed-black.png"},{"br":false,"id":70,"name":"bed-blue.png"},{"br":false,"id":71,"name":"bed-green.png"},{"br":false,"id":72,"name":"bed-red.png"},{"br":false,"id":73,"name":"bed-white.png"},{"br":false,"id":74,"name":"bed-big-black.png"},{"br":false,"id":75,"name":"bed-big-blue.png"},{"br":false,"id":76,"name":"bed-big-green.png"},{"br":false,"id":77,"name":"bed-big-red.png"},{"br":false,"id":78,"name":"bed-big-white.png"},{"br":false,"id":79,"name":"dresser.png"},{"br":false,"id":80,"name":"sofa-black.png"},{"br":false,"id":81,"name":"sofa-blue.png"},{"br":false,"id":82,"name":"sofa-green.png"},{"br":false,"id":83,"name":"sofa-red.png"},{"br":false,"id":84,"name":"sofa-white.png"},{"br":false,"id":85,"name":"tv-small.png"},{"br":false,"id":86,"name":"tv.png"},{"br":false,"id":87,"name":"table-small.png"},{"br":false,"id":88,"name":"table.png"},{"br":false,"id":89,"name":"table-big.png"},{"br":false,"id":90,"name":"chair-blue.png"},{"br":false,"id":91,"name":"chair-green.png"},{"br":false,"id":92,"name":"chair-red.png"},{"br":false,"id":93,"name":"chair-white.png"},{"br":false,"id":94,"name":"bookshelf-small.png"},{"br":false,"id":95,"name":"bookshelf.png"},{"br":false,"id":96,"name":"fridge.png"},{"br":false,"id":97,"name":"cabinets1.png"},{"br":false,"id":98,"name":"cabinets2.png"},{"br":false,"id":99,"name":"cabinets3.png"},{"br":false,"id":100,"name":"sink.png"},{"br":false,"id":101,"name":"bath.png"},{"br":false,"id":102,"name":"toilet.png"},{"br":false,"id":103,"name":"crate.png"},{"br":false,"id":104,"name":"barrel.png"},{"br":false,"id":105,"name":"barrel-closed.png"},{"br":false,"id":106,"name":"barrel-fruits.png"},{"br":false,"id":107,"name":"barrel-vegetables.png"},{"br":false,"id":108,"name":"cube-cobblestone.png"},{"br":false,"id":109,"name":"minecart.png"}]},{"k":15,"v":[{"br":false,"id":-1,"name":"<None>"},{"br":false,"id":1,"name":"day-front.png"},{"br":false,"id":2,"name":"day-back.png"},{"br":false,"id":3,"name":"day-top.png"},{"br":false,"id":4,"name":"day-bottom.png"},{"br":false,"id":5,"name":"day-left.png"},{"br":false,"id":6,"name":"day-right.png"},{"br":false,"id":7,"name":"evening-sun-front.png"},{"br":false,"id":8,"name":"evening-sun-back.png"},{"br":false,"id":9,"name":"evening-sun-top.png"},{"br":false,"id":10,"name":"evening-sun-bottom.png"},{"br":false,"id":11,"name":"evening-sun-left.png"},{"br":false,"id":12,"name":"evening-sun-right.png"},{"br":false,"id":13,"name":"night-front.png"},{"br":false,"id":14,"name":"night-back.png"},{"br":false,"id":15,"name":"night-top.png"},{"br":false,"id":16,"name":"night-bottom.png"},{"br":false,"id":17,"name":"night-left.png"},{"br":false,"id":18,"name":"night-right.png"}]},{"k":14,"v":[{"br":false,"id":-1,"name":"<None>"},{"br":false,"id":1,"name":"basic.png"},{"br":false,"id":2,"name":"skills-items1.png"},{"br":false,"id":3,"name":"skills-items2.png"},{"br":false,"id":4,"name":"skills-items3.png"},{"br":false,"id":5,"name":"bullet.png"},{"br":false,"id":6,"name":"arrow.png"},{"br":false,"id":7,"name":"emotes-status.png"}]},{"k":9,"v":[{"br":false,"id":-1,"name":"<None>"},{"br":false,"id":1,"name":"heroes.png"},{"br":false,"id":2,"name":"monsters.png"},{"br":false,"id":3,"name":"others.png"}]},{"k":8,"v":[{"br":false,"id":-1,"name":"<None>"},{"br":false,"id":1,"name":"lucas.png"},{"br":false,"id":2,"name":"kate.png"},{"br":false,"id":3,"name":"bibi.png"},{"br":false,"id":4,"name":"shana.png"},{"br":false,"id":5,"name":"charles.png"},{"br":false,"id":6,"name":"fortune.png"},{"br":false,"id":7,"name":"caitlyn.png"},{"br":false,"id":8,"name":"lily.png"},{"br":false,"id":9,"name":"wooly.png"},{"br":false,"id":10,"name":"mushroomy.png"},{"br":false,"id":11,"name":"slime-blue.png"},{"br":false,"id":12,"name":"slime-black.png"},{"br":false,"id":13,"name":"slime-gold.png"},{"br":false,"id":14,"name":"bat.png"},{"br":false,"id":15,"name":"rat.png"},{"br":false,"id":16,"name":"zombie.png"},{"br":false,"id":17,"name":"goblin.png"},{"br":false,"id":18,"name":"skeleton.png"},{"br":false,"id":19,"name":"spider.png"},{"br":false,"id":20,"name":"fantom.png"},{"br":false,"id":21,"name":"harpy.png"},{"br":false,"id":22,"name":"squid.png"},{"br":false,"id":23,"name":"lamia.png"},{"br":false,"id":24,"name":"knight.png"},{"br":false,"id":25,"name":"mimic.png"},{"br":false,"id":26,"name":"ogre.png"},{"br":false,"id":27,"name":"demon.png"},{"br":false,"id":28,"name":"angel.png"}]},{"k":11,"v":[{"br":false,"id":-1,"name":"<None>"},{"br":false,"id":1,"name":"background-logo.png"},{"br":false,"id":2,"name":"background.png"}]},{"k":10,"v":[{"br":false,"id":-1,"name":"<None>"},{"br":false,"id":1,"name":"blue.png"},{"br":false,"id":2,"name":"green.png"},{"br":false,"id":3,"name":"red.png"},{"br":false,"id":4,"name":"black.png"}]},{"k":5,"v":[{"br":false,"id":-1,"name":"<None>"},{"br":false,"id":1,"name":"grass.png"},{"br":false,"id":2,"name":"haunted.png"},{"br":false,"id":3,"name":"snow.png"},{"br":false,"id":4,"name":"desert.png"},{"br":false,"id":5,"name":"cave.png"},{"br":false,"id":6,"name":"sidewalk.png"},{"br":false,"id":7,"name":"grass-noborders.png"},{"br":false,"id":8,"name":"grass-small-cave-entry.png"},{"br":false,"id":9,"name":"haunted-noborders.png"},{"br":false,"id":10,"name":"snow-no-borders.png"},{"br":false,"id":11,"name":"roof-blue.png"},{"br":false,"id":12,"name":"roof-green.png"},{"br":false,"id":13,"name":"roof-red.png"},{"br":false,"id":14,"name":"roof-white.png"},{"br":false,"id":15,"name":"sand.png"},{"br":false,"id":16,"name":"sandstone.png"},{"br":false,"id":17,"name":"sewers.png"}]},{"k":4,"v":[{"br":false,"id":-1,"name":"<None>"},{"br":false,"id":0,"name":"Tileset"},{"br":false,"col":[{"k":[1,0],"v":{"rec":[0,75,43.75,25]}},{"k":[0,1],"v":{"rec":[56.25,0,43.75,100]}},{"k":[0,0],"v":{"rec":[56.25,75,43.75,25]}},{"k":[1,1],"v":{"rec":[0,0,43.75,100]}}],"ica":true,"id":1,"isStopAnimation":true,"name":"lucas-full.png","rcol":true},{"br":false,"col":[{"k":[0,1],"v":{"rec":[37.5,0,62.5,100]}},{"k":[1,0],"v":{"rec":[0,81.25,68.75,18.75]}},{"k":[0,0],"v":{"rec":[37.5,81.25,62.5,18.75]}},{"k":[1,1],"v":{"rec":[0,0,68.75,100]}}],"id":2,"name":"kate.png","rcol":true},{"br":false,"col":[{"k":[0,1],"v":{"rec":[56.25,0,43.75,100]}},{"k":[1,0],"v":{"rec":[0,81.25,43.75,18.75]}},{"k":[0,0],"v":{"rec":[56.25,81.25,43.75,18.75]}},{"k":[1,1],"v":{"rec":[0,0,43.75,100]}}],"id":3,"name":"bibi.png","rcol":true},{"br":false,"col":[{"k":[0,1],"v":{"rec":[50,0,50,100]}},{"k":[1,0],"v":{"rec":[0,43.75,50,56.25]}},{"k":[0,0],"v":{"rec":[50,43.75,50,56.25]}},{"k":[1,1],"v":{"rec":[0,0,50,100]}}],"id":4,"name":"shana.png","rcol":true},{"br":false,"col":[{"k":[0,1],"v":{"rec":[56.25,0,43.75,100]}},{"k":[1,0],"v":{"rec":[0,75,43.75,25]}},{"k":[0,0],"v":{"rec":[56.25,75,43.75,25]}},{"k":[1,1],"v":{"rec":[0,0,43.75,100]}}],"id":5,"name":"charles.png","rcol":true},{"br":false,"col":[{"k":[0,1],"v":{"rec":[50,0,50,100]}},{"k":[1,0],"v":{"rec":[0,81.25,50,18.75]}},{"k":[0,0],"v":{"rec":[50,81.25,50,18.75]}},{"k":[1,1],"v":{"rec":[0,0,50,100]}}],"id":6,"name":"fortune.png","rcol":true},{"br":false,"col":[{"k":[0,1],"v":{"rec":[56.25,0,43.75,100]}},{"k":[1,0],"v":{"rec":[0,75,50,25]}},{"k":[0,0],"v":{"rec":[56.25,75,43.75,25]}},{"k":[1,1],"v":{"rec":[0,0,50,100]}}],"id":7,"name":"caitlyn.png","rcol":true},{"br":false,"col":[{"k":[0,1],"v":{"rec":[50,0,50,100]}},{"k":[1,0],"v":{"rec":[0,68.75,43.75,31.25]}},{"k":[0,0],"v":{"rec":[50,68.75,50,31.25]}},{"k":[1,1],"v":{"rec":[0,0,43.75,100]}}],"id":8,"name":"lily.png","rcol":true},{"br":false,"col":[{"k":[0,1],"v":{"rec":[37.5,0,62.5,100]}},{"k":[1,0],"v":{"rec":[0,87.5,62.5,12.5]}},{"k":[0,0],"v":{"rec":[37.5,87.5,62.5,12.5]}},{"k":[1,1],"v":{"rec":[0,0,62.5,100]}}],"id":9,"name":"wooly.png","rcol":true},{"br":false,"col":[{"k":[0,1],"v":{"rec":[56.25,18.75,43.75,81.25]}},{"k":[1,1],"v":{"rec":[0,18.75,43.75,81.25]}}],"id":10,"name":"mushroomy.png","rcol":true},{"br":false,"col":[{"k":[0,0],"v":{"rec":[12.5,18.75,75,81.25]}}],"id":11,"name":"slime-blue.png","rcol":true},{"br":false,"col":[{"k":[0,0],"v":{"rec":[12.5,18.75,75,81.25]}}],"id":12,"name":"slime-black.png","rcol":true},{"br":false,"col":[{"k":[0,0],"v":{"rec":[12.5,18.75,75,81.25]}}],"id":13,"name":"slime-gold.png","rcol":true},{"br":false,"col":[{"k":[0,0],"v":{"rec":[0,0,100,62.5]}}],"id":14,"name":"bat.png","rcol":true},{"br":false,"col":[{"k":[3,3],"v":{"rec":[12.5,31.25,62.5,68.75]}},{"k":[0,1],"v":{"rec":[12.5,31.25,62.5,68.75]}},{"k":[1,0],"v":{"rec":[12.5,31.25,62.5,68.75]}},{"k":[0,0],"v":{"rec":[12.5,31.25,62.5,68.75]}},{"k":[0,3],"v":{"rec":[12.5,31.25,62.5,68.75]}},{"k":[1,2],"v":{"rec":[12.5,31.25,62.5,68.75]}},{"k":[2,1],"v":{"rec":[12.5,31.25,62.5,68.75]}},{"k":[3,0],"v":{"rec":[12.5,31.25,62.5,68.75]}},{"k":[0,2],"v":{"rec":[12.5,31.25,62.5,68.75]}},{"k":[1,1],"v":{"rec":[12.5,31.25,62.5,68.75]}},{"k":[2,0],"v":{"rec":[12.5,31.25,62.5,68.75]}},{"k":[2,3],"v":{"rec":[12.5,31.25,62.5,68.75]}},{"k":[3,2],"v":{"rec":[12.5,31.25,62.5,68.75]}},{"k":[1,3],"v":{"rec":[12.5,31.25,62.5,68.75]}},{"k":[2,2],"v":{"rec":[12.5,31.25,62.5,68.75]}},{"k":[3,1],"v":{"rec":[12.5,31.25,62.5,68.75]}}],"id":15,"name":"rat.png"},{"br":false,"col":[{"k":[0,1],"v":{"rec":[50,0,50,100]}},{"k":[1,0],"v":{"rec":[0,81.25,50,18.75]}},{"k":[0,0],"v":{"rec":[50,81.25,50,18.75]}},{"k":[1,1],"v":{"rec":[0,0,50,100]}}],"id":16,"name":"zombie.png","rcol":true},{"br":false,"col":[{"k":[0,0],"v":{}}],"id":17,"name":"goblin.png","rcol":true},{"br":false,"col":[{"k":[0,1],"v":{"rec":[50,0,50,100]}},{"k":[1,0],"v":{"rec":[0,50,50,50]}},{"k":[0,0],"v":{"rec":[50,50,50,50]}},{"k":[1,1],"v":{"rec":[0,0,50,100]}}],"id":18,"name":"skeleton.png","rcol":true},{"br":false,"col":[{"k":[1,0],"v":{"rec":[0,0,81.25,100]}},{"k":[0,0],"v":{"rec":[18.75,0,81.25,100]}}],"id":19,"name":"spider.png","rcol":true},{"br":false,"col":[{"k":[0,0],"v":{"rec":[6.25,0,87.5,93.75]}}],"id":20,"name":"fantom.png","rcol":true},{"br":false,"col":[{"k":[0,1],"v":{"rec":[6.25,0,93.75,75]}},{"k":[1,0],"v":{"rec":[0,37.5,93.75,62.5]}},{"k":[0,0],"v":{"rec":[6.25,37.5,93.75,62.5]}},{"k":[1,1],"v":{"rec":[0,0,93.75,75]}}],"id":21,"name":"harpy.png","rcol":true},{"br":false,"col":[{"k":[0,1],"v":{"rec":[18.75,0,62.5,87.5]}},{"k":[0,0],"v":{"rec":[18.75,56.25,62.5,43.75]}}],"id":22,"name":"squid.png","rcol":true},{"br":false,"col":[{"k":[1,0],"v":{"rec":[0,6.25,43.75,93.75]}},{"k":[0,1],"v":{"rec":[56.25,0,43.75,100]}},{"k":[0,0],"v":{"rec":[56.25,6.25,43.75,93.75]}},{"k":[1,1],"v":{"rec":[0,0,43.75,100]}}],"id":23,"name":"lamia.png","rcol":true},{"br":false,"col":[{"k":[0,1],"v":{"rec":[37.5,0,62.5,100]}},{"k":[1,0],"v":{"rec":[0,43.75,37.5,56.25]}},{"k":[0,0],"v":{"rec":[37.5,43.75,62.5,56.25]}},{"k":[1,1],"v":{"rec":[0,0,37.5,100]}}],"id":24,"name":"knight.png","rcol":true},{"br":false,"col":[{"k":[1,0],"v":{"rec":[0,18.75,68.75,81.25]}},{"k":[0,1],"v":{"rec":[25,0,75,100]}},{"k":[0,0],"v":{"rec":[25,18.75,75,81.25]}},{"k":[1,1],"v":{"rec":[0,0,68.75,100]}}],"id":25,"name":"ogre.png","rcol":true},{"br":false,"col":[{"k":[0,1],"v":{}},{"k":[1,0],"v":{"rec":[0,18.75,100,81.25]}},{"k":[0,0],"v":{"rec":[0,18.75,100,81.25]}},{"k":[1,1],"v":{}}],"id":26,"name":"demon.png","rcol":true},{"br":false,"col":[{"k":[0,1],"v":{"rec":[6.25,0,93.75,100]}},{"k":[1,0],"v":{"rec":[0,0,93.75,100]}},{"k":[0,0],"v":{"rec":[6.25,0,93.75,100]}},{"k":[1,1],"v":{"rec":[0,0,93.75,100]}}],"id":27,"name":"angel.png","rcol":true},{"br":false,"col":[{"k":[0,1],"v":{"rec":[62.5,0,37.5,100]}},{"k":[1,0],"v":{"rec":[0,87.5,37.5,12.5]}},{"k":[0,0],"v":{"rec":[62.5,87.5,37.5,12.5]}},{"k":[1,1],"v":{"rec":[0,0,37.5,100]}}],"id":28,"name":"villager1.png"},{"br":false,"col":[{"k":[0,1],"v":{"rec":[50,0,50,100]}},{"k":[1,0],"v":{"rec":[0,62.5,50,37.5]}},{"k":[0,0],"v":{"rec":[50,62.5,50,37.5]}},{"k":[1,1],"v":{"rec":[0,0,50,100]}}],"id":29,"name":"villager2.png","rcol":true},{"br":false,"col":[{"k":[0,1],"v":{"rec":[50,0,50,100]}},{"k":[1,0],"v":{"rec":[0,68.75,43.75,31.25]}},{"k":[0,0],"v":{"rec":[50,68.75,50,31.25]}},{"k":[1,1],"v":{"rec":[0,0,43.75,100]}}],"id":30,"name":"villager3.png","rcol":true},{"br":false,"col":[{"k":[0,1],"v":{"rec":[56.25,0,43.75,100]}},{"k":[1,0],"v":{"rec":[0,81.25,43.75,18.75]}},{"k":[0,0],"v":{"rec":[56.25,81.25,43.75,18.75]}},{"k":[1,1],"v":{"rec":[0,0,43.75,100]}}],"id":31,"name":"villager4.png","rcol":true},{"br":false,"col":[{"k":[0,1],"v":{"rec":[56.25,0,43.75,100]}},{"k":[1,0],"v":{"rec":[0,81.25,43.75,18.75]}},{"k":[0,0],"v":{"rec":[56.25,81.25,43.75,18.75]}},{"k":[1,1],"v":{"rec":[0,0,43.75,100]}}],"id":32,"name":"villager5.png","rcol":true},{"br":false,"col":[{"k":[0,1],"v":{"rec":[56.25,0,43.75,100]}},{"k":[1,0],"v":{"rec":[0,81.25,43.75,18.75]}},{"k":[0,0],"v":{"rec":[56.25,81.25,43.75,18.75]}},{"k":[1,1],"v":{"rec":[0,0,43.75,100]}}],"id":33,"name":"villager6.png","rcol":true},{"br":false,"col":[{"k":[0,1],"v":{"rec":[56.25,0,43.75,100]}},{"k":[1,0],"v":{"rec":[0,81.25,43.75,18.75]}},{"k":[0,0],"v":{"rec":[56.25,81.25,43.75,18.75]}},{"k":[1,1],"v":{"rec":[0,0,43.75,100]}}],"id":34,"name":"villager7.png","rcol":true},{"br":false,"col":[{"k":[0,1],"v":{"rec":[50,0,50,100]}},{"k":[1,0],"v":{"rec":[0,81.25,50,18.75]}},{"k":[0,0],"v":{"rec":[50,81.25,50,18.75]}},{"k":[1,1],"v":{"rec":[0,0,50,100]}}],"id":35,"name":"villager8.png","rcol":true},{"br":false,"col":[{"k":[0,1],"v":{"rec":[62.5,0,37.5,100]}},{"k":[1,1],"v":{"rec":[0,0,37.5,100]}}],"id":36,"name":"villager9.png","rcol":true},{"br":false,"col":[{"k":[0,1],"v":{"rec":[62.5,0,37.5,100]}},{"k":[1,1],"v":{"rec":[0,0,37.5,100]}}],"id":37,"name":"villager10.png","rcol":true},{"br":false,"col":[{"k":[0,1],"v":{"rec":[56.25,0,43.75,100]}},{"k":[1,0],"v":{"rec":[0,75,43.75,25]}},{"k":[0,0],"v":{"rec":[56.25,75,43.75,25]}},{"k":[1,1],"v":{"rec":[0,0,43.75,100]}}],"id":38,"name":"villager11.png","rcol":true},{"br":false,"col":[{"k":[0,1],"v":{"rec":[56.25,0,43.75,100]}},{"k":[1,0],"v":{"rec":[0,62.5,43.75,37.5]}},{"k":[0,0],"v":{"rec":[56.25,62.5,43.75,37.5]}},{"k":[1,1],"v":{"rec":[0,0,43.75,100]}}],"id":39,"name":"villager12.png","rcol":true},{"br":false,"col":[{"k":[0,1],"v":{"rec":[56.25,0,43.75,100]}},{"k":[1,0],"v":{"rec":[0,75,43.75,25]}},{"k":[0,0],"v":{"rec":[56.25,75,43.75,25]}},{"k":[1,1],"v":{"rec":[0,0,43.75,100]}}],"id":40,"name":"villager13.png","rcol":true},{"br":false,"col":[{"k":[0,1],"v":{"rec":[56.25,0,43.75,100]}},{"k":[1,0],"v":{"rec":[0,75,43.75,25]}},{"k":[0,0],"v":{"rec":[56.25,75,43.75,25]}},{"k":[1,1],"v":{"rec":[0,0,43.75,100]}}],"id":41,"name":"villager14.png","rcol":true},{"br":false,"col":[{"k":[0,1],"v":{"rec":[56.25,0,43.75,100]}},{"k":[1,0],"v":{"rec":[0,75,43.75,25]}},{"k":[0,0],"v":{"rec":[56.25,75,43.75,25]}},{"k":[1,1],"v":{"rec":[0,0,43.75,100]}}],"id":42,"name":"villager15.png","rcol":true},{"br":false,"col":[{"k":[0,1],"v":{"rec":[56.25,0,43.75,100]}},{"k":[1,0],"v":{"rec":[0,75,43.75,25]}},{"k":[0,0],"v":{"rec":[56.25,75,43.75,25]}},{"k":[1,1],"v":{"rec":[0,0,43.75,100]}}],"id":43,"name":"villager16.png","rcol":true},{"br":false,"col":[{"k":[0,1],"v":{"rec":[56.25,0,43.75,100]}},{"k":[1,0],"v":{"rec":[0,75,43.75,25]}},{"k":[0,0],"v":{"rec":[56.25,75,43.75,25]}},{"k":[1,1],"v":{"rec":[0,0,43.75,100]}}],"id":44,"name":"villager17.png","rcol":true},{"br":false,"col":[{"k":[0,1],"v":{"rec":[56.25,0,43.75,100]}},{"k":[1,0],"v":{"rec":[0,75,43.75,25]}},{"k":[0,0],"v":{"rec":[56.25,75,43.75,25]}},{"k":[1,1],"v":{"rec":[0,0,43.75,100]}}],"id":45,"name":"villager18.png","rcol":true},{"br":false,"col":[{"k":[0,1],"v":{"rec":[43.75,0,56.25,100]}},{"k":[1,0],"v":{"rec":[0,75,56.25,25]}},{"k":[0,0],"v":{"rec":[43.75,75,56.25,25]}},{"k":[1,1],"v":{"rec":[0,0,56.25,100]}}],"id":46,"name":"villager19.png","rcol":true},{"br":false,"col":[{"k":[1,0],"v":{"rec":[0,75,50,25]}},{"k":[0,1],"v":{"rec":[50,0,50,100]}},{"k":[0,0],"v":{"rec":[50,75,50,25]}},{"k":[1,1],"v":{"rec":[0,0,50,100]}}],"id":47,"name":"villager20.png","rcol":true},{"br":false,"col":[{"k":[0,1],"v":{"rec":[18.75,0,81.25,100]}},{"k":[1,0],"v":{"rec":[0,81.25,81.25,18.75]}},{"k":[0,0],"v":{"rec":[18.75,81.25,81.25,18.75]}},{"k":[1,1],"v":{"rec":[0,0,81.25,100]}}],"id":48,"name":"dancer.png","rcol":true},{"br":false,"col":[{"k":[0,1],"v":{"rec":[62.5,0,37.5,100]}},{"k":[1,0],"v":{"rec":[0,87.5,37.5,12.5]}},{"k":[0,0],"v":{"rec":[62.5,87.5,37.5,12.5]}},{"k":[1,1],"v":{"rec":[0,0,37.5,100]}}],"id":49,"name":"naked-man.png","rcol":true},{"br":false,"col":[{"k":[0,1],"v":{"rec":[62.5,0,37.5,100]}},{"k":[1,0],"v":{"rec":[0,87.5,37.5,12.5]}},{"k":[0,0],"v":{"rec":[62.5,87.5,37.5,12.5]}},{"k":[1,1],"v":{"rec":[0,0,37.5,100]}}],"id":50,"name":"naked-woman.png"},{"br":false,"col":[{"k":[0,0],"v":{"rec":[18.75,18.75,62.5,81.25]}}],"id":51,"name":"cat-white.png","rcol":true},{"br":false,"col":[{"k":[0,0],"v":{"rec":[18.75,18.75,62.5,81.25]}}],"id":52,"name":"cat-black.png","rcol":true},{"br":false,"col":[{"k":[0,0],"v":{"rec":[18.75,18.75,62.5,81.25]}}],"id":53,"name":"cat-brown.png"},{"br":false,"col":[{"k":[3,3],"v":{"rec":[18.75,18.75,62.5,81.25]}},{"k":[0,1],"v":{"rec":[18.75,18.75,62.5,81.25]}},{"k":[1,0],"v":{"rec":[18.75,18.75,62.5,81.25]}},{"k":[0,0],"v":{"rec":[18.75,18.75,62.5,81.25]}},{"k":[0,3],"v":{"rec":[18.75,18.75,62.5,81.25]}},{"k":[1,2],"v":{"rec":[18.75,18.75,62.5,81.25]}},{"k":[2,1],"v":{"rec":[18.75,18.75,62.5,81.25]}},{"k":[3,0],"v":{"rec":[18.75,18.75,62.5,81.25]}},{"k":[0,2],"v":{"rec":[18.75,18.75,62.5,81.25]}},{"k":[1,1],"v":{"rec":[18.75,18.75,62.5,81.25]}},{"k":[2,0],"v":{"rec":[18.75,18.75,62.5,81.25]}},{"k":[2,3],"v":{"rec":[18.75,18.75,62.5,81.25]}},{"k":[3,2],"v":{"rec":[18.75,18.75,62.5,81.25]}},{"k":[1,3],"v":{"rec":[18.75,18.75,62.5,81.25]}},{"k":[2,2],"v":{"rec":[18.75,18.75,62.5,81.25]}},{"k":[3,1],"v":{"rec":[18.75,18.75,62.5,81.25]}}],"id":54,"name":"cat-calico.png"},{"br":false,"col":[{"k":[1,2],"v":{}},{"k":[1,1],"v":{"rec":[0,31.25,100,68.75]}}],"id":55,"name":"cow-black.png","rcol":true},{"br":false,"col":[{"k":[1,2],"v":{}},{"k":[1,1],"v":{"rec":[0,31.25,100,68.75]}}],"id":56,"name":"cow-brown.png","rcol":true},{"br":false,"col":[{"k":[10,19],"v":{"rec":[0,31.25,100,68.75]}},{"k":[13,16],"v":{"rec":[0,31.25,100,68.75]}},{"k":[16,13],"v":{"rec":[0,31.25,100,68.75]}},{"k":[19,10],"v":{"rec":[0,31.25,100,68.75]}},{"k":[10,20],"v":{}},{"k":[13,17],"v":{}},{"k":[16,14],"v":{}},{"k":[19,11],"v":{}},{"k":[4,20],"v":{}},{"k":[7,17],"v":{}},{"k":[10,14],"v":{}},{"k":[13,11],"v":{}},{"k":[16,8],"v":{}},{"k":[19,5],"v":{}},{"k":[7,20],"v":{}},{"k":[10,17],"v":{}},{"k":[13,14],"v":{}},{"k":[16,11],"v":{}},{"k":[19,8],"v":{}},{"k":[7,19],"v":{"rec":[0,31.25,100,68.75]}},{"k":[10,16],"v":{"rec":[0,31.25,100,68.75]}},{"k":[13,13],"v":{"rec":[0,31.25,100,68.75]}},{"k":[16,10],"v":{"rec":[0,31.25,100,68.75]}},{"k":[19,7],"v":{"rec":[0,31.25,100,68.75]}},{"k":[10,11],"v":{}},{"k":[4,17],"v":{}},{"k":[7,14],"v":{}},{"k":[13,8],"v":{}},{"k":[16,5],"v":{}},{"k":[1,20],"v":{}},{"k":[19,2],"v":{}},{"k":[10,10],"v":{"rec":[0,31.25,100,68.75]}},{"k":[7,13],"v":{"rec":[0,31.25,100,68.75]}},{"k":[13,7],"v":{"rec":[0,31.25,100,68.75]}},{"k":[4,16],"v":{"rec":[0,31.25,100,68.75]}},{"k":[16,4],"v":{"rec":[0,31.25,100,68.75]}},{"k":[1,19],"v":{"rec":[0,31.25,100,68.75]}},{"k":[19,1],"v":{"rec":[0,31.25,100,68.75]}},{"k":[10,13],"v":{"rec":[0,31.25,100,68.75]}},{"k":[13,10],"v":{"rec":[0,31.25,100,68.75]}},{"k":[7,16],"v":{"rec":[0,31.25,100,68.75]}},{"k":[16,7],"v":{"rec":[0,31.25,100,68.75]}},{"k":[4,19],"v":{"rec":[0,31.25,100,68.75]}},{"k":[19,4],"v":{"rec":[0,31.25,100,68.75]}},{"k":[7,10],"v":{"rec":[0,31.25,100,68.75]}},{"k":[10,7],"v":{"rec":[0,31.25,100,68.75]}},{"k":[4,13],"v":{"rec":[0,31.25,100,68.75]}},{"k":[13,4],"v":{"rec":[0,31.25,100,68.75]}},{"k":[1,16],"v":{"rec":[0,31.25,100,68.75]}},{"k":[16,1],"v":{"rec":[0,31.25,100,68.75]}},{"k":[7,11],"v":{}},{"k":[10,8],"v":{}},{"k":[4,14],"v":{}},{"k":[13,5],"v":{}},{"k":[1,17],"v":{}},{"k":[16,2],"v":{}},{"k":[1,11],"v":{}},{"k":[4,8],"v":{}},{"k":[7,5],"v":{}},{"k":[10,2],"v":{}},{"k":[4,11],"v":{}},{"k":[7,8],"v":{}},{"k":[10,5],"v":{}},{"k":[1,14],"v":{}},{"k":[13,2],"v":{}},{"k":[4,10],"v":{"rec":[0,31.25,100,68.75]}},{"k":[7,7],"v":{"rec":[0,31.25,100,68.75]}},{"k":[10,4],"v":{"rec":[0,31.25,100,68.75]}},{"k":[1,13],"v":{"rec":[0,31.25,100,68.75]}},{"k":[13,1],"v":{"rec":[0,31.25,100,68.75]}},{"k":[1,8],"v":{}},{"k":[4,5],"v":{}},{"k":[7,2],"v":{}},{"k":[1,7],"v":{"rec":[0,31.25,100,68.75]}},{"k":[4,4],"v":{"rec":[0,31.25,100,68.75]}},{"k":[7,1],"v":{"rec":[0,31.25,100,68.75]}},{"k":[1,10],"v":{"rec":[0,31.25,100,68.75]}},{"k":[4,7],"v":{"rec":[0,31.25,100,68.75]}},{"k":[7,4],"v":{"rec":[0,31.25,100,68.75]}},{"k":[10,1],"v":{"rec":[0,31.25,100,68.75]}},{"k":[1,4],"v":{"rec":[0,31.25,100,68.75]}},{"k":[4,1],"v":{"rec":[0,31.25,100,68.75]}},{"k":[1,5],"v":{}},{"k":[4,2],"v":{}},{"k":[1,2],"v":{}},{"k":[1,1],"v":{"rec":[0,31.25,100,68.75]}},{"k":[16,20],"v":{}},{"k":[19,17],"v":{}},{"k":[19,20],"v":{}},{"k":[19,19],"v":{"rec":[0,31.25,100,68.75]}},{"k":[13,20],"v":{}},{"k":[16,17],"v":{}},{"k":[19,14],"v":{}},{"k":[13,19],"v":{"rec":[0,31.25,100,68.75]}},{"k":[16,16],"v":{"rec":[0,31.25,100,68.75]}},{"k":[19,13],"v":{"rec":[0,31.25,100,68.75]}},{"k":[16,19],"v":{"rec":[0,31.25,100,68.75]}},{"k":[19,16],"v":{"rec":[0,31.25,100,68.75]}}],"id":57,"name":"cow-white.png"},{"br":false,"col":[{"k":[0,0],"v":{"rec":[12.5,12.5,75,87.5]}}],"id":58,"name":"dog-black.png","rcol":true},{"br":false,"col":[{"k":[0,0],"v":{"rec":[12.5,12.5,75,87.5]}}],"id":59,"name":"dog-brown.png","rcol":true},{"br":false,"col":[{"k":[0,0],"v":{"rec":[12.5,12.5,75,87.5]}}],"id":60,"name":"dog-white.png","rcol":true},{"br":false,"col":[{"k":[0,0],"v":{"rec":[12.5,25,75,75]}}],"id":61,"name":"chicken-black.png","rcol":true},{"br":false,"col":[{"k":[0,0],"v":{"rec":[12.5,25,75,75]}}],"id":62,"name":"chicken-brown.png","rcol":true},{"br":false,"col":[{"k":[6,6],"v":{"rec":[12.5,25,75,75]}},{"k":[3,6],"v":{"rec":[12.5,25,75,75]}},{"k":[4,5],"v":{"rec":[12.5,25,75,75]}},{"k":[5,4],"v":{"rec":[12.5,25,75,75]}},{"k":[6,3],"v":{"rec":[12.5,25,75,75]}},{"k":[3,5],"v":{"rec":[12.5,25,75,75]}},{"k":[4,4],"v":{"rec":[12.5,25,75,75]}},{"k":[5,3],"v":{"rec":[12.5,25,75,75]}},{"k":[2,6],"v":{"rec":[12.5,25,75,75]}},{"k":[6,2],"v":{"rec":[12.5,25,75,75]}},{"k":[5,6],"v":{"rec":[12.5,25,75,75]}},{"k":[6,5],"v":{"rec":[12.5,25,75,75]}},{"k":[4,6],"v":{"rec":[12.5,25,75,75]}},{"k":[5,5],"v":{"rec":[12.5,25,75,75]}},{"k":[6,4],"v":{"rec":[12.5,25,75,75]}},{"k":[2,3],"v":{"rec":[12.5,25,75,75]}},{"k":[3,2],"v":{"rec":[12.5,25,75,75]}},{"k":[1,4],"v":{"rec":[12.5,25,75,75]}},{"k":[4,1],"v":{"rec":[12.5,25,75,75]}},{"k":[0,5],"v":{"rec":[12.5,25,75,75]}},{"k":[5,0],"v":{"rec":[12.5,25,75,75]}},{"k":[1,3],"v":{"rec":[12.5,25,75,75]}},{"k":[2,2],"v":{"rec":[12.5,25,75,75]}},{"k":[3,1],"v":{"rec":[12.5,25,75,75]}},{"k":[0,4],"v":{"rec":[12.5,25,75,75]}},{"k":[4,0],"v":{"rec":[12.5,25,75,75]}},{"k":[3,4],"v":{"rec":[12.5,25,75,75]}},{"k":[4,3],"v":{"rec":[12.5,25,75,75]}},{"k":[2,5],"v":{"rec":[12.5,25,75,75]}},{"k":[5,2],"v":{"rec":[12.5,25,75,75]}},{"k":[1,6],"v":{"rec":[12.5,25,75,75]}},{"k":[6,1],"v":{"rec":[12.5,25,75,75]}},{"k":[3,3],"v":{"rec":[12.5,25,75,75]}},{"k":[2,4],"v":{"rec":[12.5,25,75,75]}},{"k":[4,2],"v":{"rec":[12.5,25,75,75]}},{"k":[1,5],"v":{"rec":[12.5,25,75,75]}},{"k":[5,1],"v":{"rec":[12.5,25,75,75]}},{"k":[0,6],"v":{"rec":[12.5,25,75,75]}},{"k":[6,0],"v":{"rec":[12.5,25,75,75]}},{"k":[0,1],"v":{"rec":[12.5,25,75,75]}},{"k":[1,0],"v":{"rec":[12.5,25,75,75]}},{"k":[0,0],"v":{"rec":[12.5,25,75,75]}},{"k":[0,3],"v":{"rec":[12.5,25,75,75]}},{"k":[1,2],"v":{"rec":[12.5,25,75,75]}},{"k":[2,1],"v":{"rec":[12.5,25,75,75]}},{"k":[3,0],"v":{"rec":[12.5,25,75,75]}},{"k":[0,2],"v":{"rec":[12.5,25,75,75]}},{"k":[1,1],"v":{"rec":[12.5,25,75,75]}},{"k":[2,0],"v":{"rec":[12.5,25,75,75]}}],"id":63,"name":"chicken-white.png"},{"br":false,"id":64,"name":"fires.png"},{"br":false,"col":[{"k":[0,0],"v":{}}],"id":65,"name":"rocks.png","rcol":true},{"br":false,"id":66,"name":"switches.png"},{"br":false,"id":67,"name":"save-warp-point.png"},{"br":false,"col":[{"k":[3,3],"v":{"rec":[25,18.75,50,81.25]}},{"k":[1,0],"v":{"rec":[12.5,18.75,75,81.25]}},{"k":[0,1],"v":{"rec":[6.25,6.25,87.5,93.75]}},{"k":[0,0],"v":{"rec":[12.5,18.75,75,81.25]}},{"k":[3,0],"v":{"rec":[31.25,31.25,62.5,68.75]}},{"k":[2,1],"v":{"rec":[12.5,12.5,75,87.5]}},{"k":[1,2],"v":{"rec":[0,18.75,93.75,81.25]}},{"k":[0,3],"v":{"rec":[6.25,18.75,87.5,81.25]}},{"k":[2,0],"v":{"rec":[6.25,31.25,62.5,68.75]}},{"k":[1,1],"v":{"rec":[12.5,25,75,75]}},{"k":[0,2],"v":{"rec":[6.25,18.75,93.75,81.25]}},{"k":[3,2],"v":{"rec":[0,18.75,93.75,81.25]}},{"k":[2,3],"v":{"rec":[25,18.75,50,81.25]}},{"k":[3,1],"v":{"rec":[12.5,12.5,75,87.5]}},{"k":[2,2],"v":{"rec":[6.25,18.75,93.75,81.25]}},{"k":[1,3],"v":{"rec":[6.25,18.75,87.5,81.25]}}],"id":68,"name":"signs.png"},{"br":false,"col":[{"k":[7,10],"v":{"rec":[0,0,75,100]}},{"k":[6,11],"v":{}},{"k":[6,10],"v":{}},{"k":[5,11],"v":{}},{"k":[7,11],"v":{"rec":[0,0,75,100]}},{"k":[5,8],"v":{"rec":[0,0,75,100]}},{"k":[6,7],"v":{"rec":[25,0,75,100]}},{"k":[2,11],"v":{}},{"k":[3,10],"v":{"rec":[0,0,75,100]}},{"k":[7,5],"v":{"rec":[0,0,75,100]}},{"k":[4,8],"v":{"rec":[25,0,75,100]}},{"k":[5,7],"v":{"rec":[0,0,75,100]}},{"k":[1,11],"v":{}},{"k":[2,10],"v":{}},{"k":[7,8],"v":{"rec":[0,0,75,100]}},{"k":[5,10],"v":{}},{"k":[4,11],"v":{"rec":[25,0,75,100]}},{"k":[6,8],"v":{"rec":[25,0,75,100]}},{"k":[7,7],"v":{"rec":[0,0,75,100]}},{"k":[3,11],"v":{"rec":[0,0,75,100]}},{"k":[4,10],"v":{"rec":[25,0,75,100]}},{"k":[7,2],"v":{"rec":[0,0,75,100]}},{"k":[5,4],"v":{"rec":[0,0,75,100]}},{"k":[4,5],"v":{"rec":[25,0,75,100]}},{"k":[1,8],"v":{"rec":[0,0,75,100]}},{"k":[2,7],"v":{"rec":[25,0,75,100]}},{"k":[6,2],"v":{"rec":[25,0,75,100]}},{"k":[7,1],"v":{"rec":[0,0,75,100]}},{"k":[4,4],"v":{"rec":[25,0,75,100]}},{"k":[3,5],"v":{"rec":[0,0,75,100]}},{"k":[1,7],"v":{"rec":[0,0,75,100]}},{"k":[0,8],"v":{"rec":[25,0,75,100]}},{"k":[7,4],"v":{"rec":[0,0,75,100]}},{"k":[6,5],"v":{"rec":[25,0,75,100]}},{"k":[3,8],"v":{"rec":[0,0,75,100]}},{"k":[4,7],"v":{"rec":[25,0,75,100]}},{"k":[1,10],"v":{}},{"k":[0,11],"v":{"rec":[25,0,75,100]}},{"k":[6,4],"v":{"rec":[25,0,75,100]}},{"k":[5,5],"v":{"rec":[0,0,75,100]}},{"k":[2,8],"v":{"rec":[25,0,75,100]}},{"k":[3,7],"v":{"rec":[0,0,75,100]}},{"k":[0,10],"v":{"rec":[25,0,75,100]}},{"k":[3,2],"v":{"rec":[0,0,75,100]}},{"k":[4,1],"v":{"rec":[25,0,75,100]}},{"k":[1,4],"v":{"rec":[0,0,75,100]}},{"k":[0,5],"v":{"rec":[25,0,75,100]}},{"k":[2,2],"v":{"rec":[25,0,75,100]}},{"k":[3,1],"v":{"rec":[0,0,75,100]}},{"k":[0,4],"v":{"rec":[25,0,75,100]}},{"k":[5,2],"v":{"rec":[0,0,75,100]}},{"k":[6,1],"v":{"rec":[25,0,75,100]}},{"k":[3,4],"v":{"rec":[0,0,75,100]}},{"k":[2,5],"v":{}},{"k":[0,7],"v":{"rec":[25,0,75,100]}},{"k":[4,2],"v":{"rec":[25,0,75,100]}},{"k":[5,1],"v":{"rec":[0,0,75,100]}},{"k":[2,4],"v":{}},{"k":[1,5],"v":{"rec":[0,0,75,100]}},{"k":[0,1],"v":{"rec":[25,0,75,100]}},{"k":[1,2],"v":{"rec":[0,0,75,100]}},{"k":[2,1],"v":{"rec":[25,0,75,100]}},{"k":[1,1],"v":{"rec":[0,0,75,100]}},{"k":[0,2],"v":{"rec":[25,0,75,100]}}],"id":69,"name":"doors.png"}]},{"k":7,"v":[{"br":false,"id":-1,"name":"<None>"},{"br":false,"col":[{"k":[1,0],"v":{}},{"k":[0,1],"v":{}},{"k":[0,0],"v":{}},{"k":[2,1],"v":{}},{"k":[1,2],"v":{}},{"k":[0,3],"v":{}},{"k":[2,0],"v":{}},{"k":[1,1],"v":{}},{"k":[0,2],"v":{}},{"k":[2,3],"v":{}},{"k":[2,2],"v":{}},{"k":[1,3],"v":{}}],"id":1,"name":"woods-wall.png"},{"br":false,"col":[{"k":[1,0],"v":{}},{"k":[0,0],"v":{}},{"k":[2,0],"v":{}}],"id":2,"name":"bush.png"},{"br":false,"col":[{"k":[1,0],"v":{}},{"k":[0,0],"v":{}},{"k":[2,0],"v":{}}],"id":3,"name":"bush-haunted.png"},{"br":false,"col":[{"k":[1,0],"v":{}},{"k":[0,0],"v":{}},{"k":[2,0],"v":{}}],"id":4,"name":"bush-snow.png"},{"br":false,"col":[{"k":[1,0],"v":{}},{"k":[0,0],"v":{}},{"k":[2,0],"v":{}}],"id":5,"name":"bridge-string.png"},{"br":false,"col":[{"k":[1,0],"v":{}},{"k":[0,1],"v":{}},{"k":[0,0],"v":{}},{"k":[2,1],"v":{}},{"k":[1,2],"v":{}},{"k":[2,0],"v":{}},{"k":[1,1],"v":{}},{"k":[0,2],"v":{}},{"k":[2,2],"v":{}}],"id":6,"name":"brick.png"},{"br":false,"col":[{"k":[1,0],"v":{}},{"k":[0,0],"v":{}},{"k":[2,0],"v":{}}],"id":7,"name":"hedge.png"},{"br":false,"col":[{"k":[1,0],"v":{}},{"k":[0,1],"v":{}},{"k":[0,0],"v":{}},{"k":[2,1],"v":{}},{"k":[1,2],"v":{}},{"k":[2,0],"v":{}},{"k":[1,1],"v":{}},{"k":[0,2],"v":{}},{"k":[2,2],"v":{}}],"id":8,"name":"sandstone.png"},{"br":false,"col":[{"k":[2,3],"v":{}},{"k":[1,4],"v":{}},{"k":[0,5],"v":{}},{"k":[2,2],"v":{}},{"k":[1,3],"v":{}},{"k":[0,4],"v":{}},{"k":[2,5],"v":{}},{"k":[2,4],"v":{}},{"k":[1,5],"v":{}},{"k":[1,0],"v":{}},{"k":[0,1],"v":{}},{"k":[0,0],"v":{}},{"k":[2,1],"v":{}},{"k":[1,2],"v":{}},{"k":[0,3],"v":{}},{"k":[2,0],"v":{}},{"k":[1,1],"v":{}},{"k":[0,2],"v":{}}],"id":9,"name":"sandstone-big.png"},{"br":false,"col":[{"k":[1,0],"v":{}},{"k":[0,0],"v":{}},{"k":[2,0],"v":{}}],"id":10,"name":"hedge-snow.png"},{"br":false,"col":[{"k":[1,0],"v":{}},{"k":[0,1],"v":{"rec":[0,0,31.25,100]}},{"k":[0,0],"v":{}},{"k":[2,1],"v":{"rec":[68.75,0,31.25,100]}},{"k":[2,0],"v":{}},{"k":[0,2],"v":{"rec":[0,0,31.25,100]}},{"k":[2,2],"v":{"rec":[68.75,0,31.25,100]}}],"id":11,"name":"inside-door-opened.png"},{"br":false,"col":[{"k":[1,0],"v":{}},{"k":[0,1],"v":{}},{"k":[0,0],"v":{}},{"k":[2,1],"v":{}},{"k":[1,2],"v":{}},{"k":[2,0],"v":{}},{"k":[1,1],"v":{}},{"k":[0,2],"v":{}},{"k":[2,2],"v":{}}],"id":12,"name":"inside1.png"},{"br":false,"col":[{"k":[1,0],"v":{}},{"k":[0,1],"v":{}},{"k":[0,0],"v":{}},{"k":[2,1],"v":{}},{"k":[1,2],"v":{}},{"k":[2,0],"v":{}},{"k":[1,1],"v":{}},{"k":[0,2],"v":{}},{"k":[2,2],"v":{}}],"id":13,"name":"inside2.png"},{"br":false,"col":[{"k":[1,0],"v":{}},{"k":[0,1],"v":{}},{"k":[0,0],"v":{}},{"k":[2,1],"v":{}},{"k":[1,2],"v":{}},{"k":[2,0],"v":{}},{"k":[1,1],"v":{}},{"k":[0,2],"v":{}},{"k":[2,2],"v":{}}],"id":14,"name":"inside3.png"},{"br":false,"col":[{"k":[0,1],"v":{}},{"k":[1,0],"v":{}},{"k":[0,0],"v":{}},{"k":[2,1],"v":{}},{"k":[1,2],"v":{}},{"k":[1,1],"v":{}},{"k":[2,0],"v":{}},{"k":[0,2],"v":{}},{"k":[2,2],"v":{}}],"id":15,"name":"wood.png"},{"br":false,"col":[{"k":[1,0],"v":{}},{"k":[0,1],"v":{}},{"k":[0,0],"v":{}},{"k":[2,1],"v":{}},{"k":[1,2],"v":{}},{"k":[0,3],"v":{}},{"k":[2,0],"v":{}},{"k":[1,1],"v":{}},{"k":[0,2],"v":{}},{"k":[2,3],"v":{}},{"k":[2,2],"v":{}},{"k":[1,3],"v":{}}],"id":16,"name":"sewers.png"},{"br":false,"col":[{"k":[0,1],"v":{}},{"k":[1,0],"v":{}},{"k":[0,0],"v":{}},{"k":[2,1],"v":{}},{"k":[1,2],"v":{}},{"k":[1,1],"v":{}},{"k":[2,0],"v":{}},{"k":[0,2],"v":{}},{"k":[2,2],"v":{}}],"id":17,"name":"cave1.png"},{"br":false,"col":[{"k":[1,0],"v":{}},{"k":[0,1],"v":{}},{"k":[0,0],"v":{}},{"k":[2,1],"v":{}},{"k":[1,2],"v":{}},{"k":[2,0],"v":{}},{"k":[1,1],"v":{}},{"k":[0,2],"v":{}},{"k":[2,2],"v":{}}],"id":18,"name":"stone.png"}]}]}