{"bgs":{"id":-1,"ie":false,"is":false,"name":"<None>","v":{"k":3,"v":100}},"cp":{"k":7,"v":2},"d":0,"h":16,"id":2,"isi":false,"isky":false,"l":16,"music":{"id":-1,"ie":false,"is":false,"name":"<None>","v":{"k":3,"v":100}},"names":{"1":"Padrão"},"of3d":[],"ofmoun":[],"ofsprites":[{"k":[0,0,-1],"v":[[7,0,0,0,0],[3,0,0,0,0],[0,0,0,0,0],[13,0,0,0,0],[12,0,0,0,0]]},{"k":[-1,0,0],"v":[[0,0,0,2,0],[0,0,0,4,0],[0,0,0,0,0]]},{"k":[-1,0,-1],"v":[[0,0,0,0,0]]}],"sbid":{"k":7,"v":1},"so":{"events":[{"id":1,"name":"Time","p":[{"id":1,"name":"Interval","v":{"k":2,"v":null}},{"id":2,"name":"Repeat","v":{"k":10,"v":false}}],"r":{"1":{"bh":true,"c":[]}},"sys":true}],"hId":-1,"id":1,"name":"","ooepf":false,"states":[{"cam":false,"climb":false,"dir":false,"gid":-1,"gk":0,"id":1,"move":false,"name":"Início","pix":false,"pos":false,"stop":false,"sx":{"k":12,"v":1},"sy":{"k":12,"v":1},"sz":{"k":12,"v":1},"through":false,"x":0,"y":0}]},"tileset":1,"w":16}