{"lands":{"autotiles":[{"k":[15,0,0,25,0],"v":{"id":1,"t":[1,0],"tid":360}},{"k":[15,0,0,24,0],"v":{"id":1,"t":[1,0],"tid":423}},{"k":[14,0,0,25,0],"v":{"id":1,"t":[1,0],"tid":570}},{"k":[11,0,0,31,0],"v":{"id":1,"t":[1,0],"tid":177}},{"k":[15,0,0,26,0],"v":{"id":1,"t":[1,0],"tid":520}},{"k":[14,0,0,24,0],"v":{"id":1,"t":[1,0],"tid":2}},{"k":[13,0,0,24,0],"v":{"id":1,"t":[1,0],"tid":211}},{"k":[14,0,0,23,0],"v":{"id":1,"t":[1,0],"tid":177}}],"floors":[{"k":[6,0,0,16,0],"v":{"t":[0,0]}},{"k":[5,0,0,17,0],"v":{"t":[0,0]}},{"k":[4,0,0,18,0],"v":{"t":[0,0]}},{"k":[3,0,0,19,0],"v":{"t":[0,0]}},{"k":[2,0,0,20,0],"v":{"t":[0,0]}},{"k":[1,0,0,21,0],"v":{"t":[0,0]}},{"k":[0,0,0,22,0],"v":{"t":[0,0]}},{"k":[5,0,0,16,0],"v":{"t":[0,0]}},{"k":[4,0,0,17,0],"v":{"t":[0,0]}},{"k":[3,0,0,18,0],"v":{"t":[0,0]}},{"k":[2,0,0,19,0],"v":{"t":[0,0]}},{"k":[1,0,0,20,0],"v":{"t":[0,0]}},{"k":[0,0,0,21,0],"v":{"t":[0,0]}},{"k":[8,0,0,16,0],"v":{"t":[0,0]}},{"k":[7,0,0,17,0],"v":{"t":[0,0]}},{"k":[6,0,0,18,0],"v":{"t":[0,0]}},{"k":[5,0,0,19,0],"v":{"t":[0,0]}},{"k":[4,0,0,20,0],"v":{"t":[0,0]}},{"k":[3,0,0,21,0],"v":{"t":[0,0]}},{"k":[2,0,0,22,0],"v":{"t":[0,0]}},{"k":[1,0,0,23,0],"v":{"t":[0,0]}},{"k":[0,0,0,24,0],"v":{"t":[0,0]}},{"k":[7,0,0,16,0],"v":{"t":[0,0]}},{"k":[6,0,0,17,0],"v":{"t":[0,0]}},{"k":[5,0,0,18,0],"v":{"t":[0,0]}},{"k":[4,0,0,19,0],"v":{"t":[0,0]}},{"k":[3,0,0,20,0],"v":{"t":[0,0]}},{"k":[2,0,0,21,0],"v":{"t":[0,0]}},{"k":[1,0,0,22,0],"v":{"t":[0,0]}},{"k":[0,0,0,23,0],"v":{"t":[0,0]}},{"k":[2,0,0,16,0],"v":{"t":[0,0]}},{"k":[1,0,0,17,0],"v":{"t":[0,0]}},{"k":[0,0,0,18,0],"v":{"t":[0,0]}},{"k":[1,0,0,16,0],"v":{"t":[0,0]}},{"k":[0,0,0,17,0],"v":{"t":[0,0]}},{"k":[4,0,0,16,0],"v":{"t":[0,0]}},{"k":[3,0,0,17,0],"v":{"t":[0,0]}},{"k":[2,0,0,18,0],"v":{"t":[0,0]}},{"k":[1,0,0,19,0],"v":{"t":[0,0]}},{"k":[0,0,0,20,0],"v":{"t":[0,0]}},{"k":[3,0,0,16,0],"v":{"t":[0,0]}},{"k":[2,0,0,17,0],"v":{"t":[0,0]}},{"k":[1,0,0,18,0],"v":{"t":[0,0]}},{"k":[0,0,0,19,0],"v":{"t":[0,0]}},{"k":[0,0,0,16,0],"v":{"t":[0,0]}},{"k":[15,0,0,31,0],"v":{"t":[0,0]}},{"k":[15,0,0,30,0],"v":{"t":[0,0]}},{"k":[14,0,0,31,0],"v":{"t":[0,0]}},{"k":[15,0,0,27,0],"v":{"t":[0,0]}},{"k":[14,0,0,28,0],"v":{"t":[0,0]}},{"k":[13,0,0,29,0],"v":{"t":[0,0]}},{"k":[12,0,0,30,0],"v":{"t":[0,0]}},{"k":[14,0,0,27,0],"v":{"t":[0,0]}},{"k":[13,0,0,28,0],"v":{"t":[0,0]}},{"k":[12,0,0,29,0],"v":{"t":[0,0]}},{"k":[11,0,0,30,0],"v":{"t":[0,0]}},{"k":[10,0,0,31,0],"v":{"t":[0,0]}},{"k":[15,0,0,29,0],"v":{"t":[0,0]}},{"k":[14,0,0,30,0],"v":{"t":[0,0]}},{"k":[13,0,0,31,0],"v":{"t":[0,0]}},{"k":[15,0,0,28,0],"v":{"t":[0,0]}},{"k":[14,0,0,29,0],"v":{"t":[0,0]}},{"k":[13,0,0,30,0],"v":{"t":[0,0]}},{"k":[12,0,0,31,0],"v":{"t":[0,0]}},{"k":[15,0,0,23,0],"v":{"t":[0,0]}},{"k":[13,0,0,25,0],"v":{"t":[0,0]}},{"k":[12,0,0,26,0],"v":{"t":[0,0]}},{"k":[11,0,0,27,0],"v":{"t":[0,0]}},{"k":[10,0,0,28,0],"v":{"t":[0,0]}},{"k":[9,0,0,29,0],"v":{"t":[0,0]}},{"k":[8,0,0,30,0],"v":{"t":[0,0]}},{"k":[7,0,0,31,0],"v":{"t":[0,0]}},{"k":[15,0,0,22,0],"v":{"t":[0,0]}},{"k":[12,0,0,25,0],"v":{"t":[0,0]}},{"k":[11,0,0,26,0],"v":{"t":[0,0]}},{"k":[10,0,0,27,0],"v":{"t":[0,0]}},{"k":[9,0,0,28,0],"v":{"t":[0,0]}},{"k":[8,0,0,29,0],"v":{"t":[0,0]}},{"k":[7,0,0,30,0],"v":{"t":[0,0]}},{"k":[6,0,0,31,0],"v":{"t":[0,0]}},{"k":[14,0,0,26,0],"v":{"t":[0,0]}},{"k":[13,0,0,27,0],"v":{"t":[0,0]}},{"k":[12,0,0,28,0],"v":{"t":[0,0]}},{"k":[11,0,0,29,0],"v":{"t":[0,0]}},{"k":[10,0,0,30,0],"v":{"t":[0,0]}},{"k":[9,0,0,31,0],"v":{"t":[0,0]}},{"k":[13,0,0,26,0],"v":{"t":[0,0]}},{"k":[12,0,0,27,0],"v":{"t":[0,0]}},{"k":[11,0,0,28,0],"v":{"t":[0,0]}},{"k":[10,0,0,29,0],"v":{"t":[0,0]}},{"k":[9,0,0,30,0],"v":{"t":[0,0]}},{"k":[8,0,0,31,0],"v":{"t":[0,0]}},{"k":[15,0,0,19,0],"v":{"t":[0,0]}},{"k":[14,0,0,20,0],"v":{"t":[0,0]}},{"k":[13,0,0,21,0],"v":{"t":[0,0]}},{"k":[12,0,0,22,0],"v":{"t":[0,0]}},{"k":[11,0,0,23,0],"v":{"t":[0,0]}},{"k":[10,0,0,24,0],"v":{"t":[0,0]}},{"k":[9,0,0,25,0],"v":{"t":[0,0]}},{"k":[8,0,0,26,0],"v":{"t":[0,0]}},{"k":[7,0,0,27,0],"v":{"t":[0,0]}},{"k":[6,0,0,28,0],"v":{"t":[0,0]}},{"k":[5,0,0,29,0],"v":{"t":[0,0]}},{"k":[4,0,0,30,0],"v":{"t":[0,0]}},{"k":[3,0,0,31,0],"v":{"t":[0,0]}},{"k":[15,0,0,18,0],"v":{"t":[0,0]}},{"k":[14,0,0,19,0],"v":{"t":[0,0]}},{"k":[13,0,0,20,0],"v":{"t":[0,0]}},{"k":[12,0,0,21,0],"v":{"t":[0,0]}},{"k":[11,0,0,22,0],"v":{"t":[0,0]}},{"k":[10,0,0,23,0],"v":{"t":[0,0]}},{"k":[9,0,0,24,0],"v":{"t":[0,0]}},{"k":[8,0,0,25,0],"v":{"t":[0,0]}},{"k":[7,0,0,26,0],"v":{"t":[0,0]}},{"k":[6,0,0,27,0],"v":{"t":[0,0]}},{"k":[5,0,0,28,0],"v":{"t":[0,0]}},{"k":[4,0,0,29,0],"v":{"t":[0,0]}},{"k":[3,0,0,30,0],"v":{"t":[0,0]}},{"k":[2,0,0,31,0],"v":{"t":[0,0]}},{"k":[15,0,0,21,0],"v":{"t":[0,0]}},{"k":[14,0,0,22,0],"v":{"t":[0,0]}},{"k":[13,0,0,23,0],"v":{"t":[0,0]}},{"k":[12,0,0,24,0],"v":{"t":[0,0]}},{"k":[11,0,0,25,0],"v":{"t":[0,0]}},{"k":[10,0,0,26,0],"v":{"t":[0,0]}},{"k":[9,0,0,27,0],"v":{"t":[0,0]}},{"k":[8,0,0,28,0],"v":{"t":[0,0]}},{"k":[7,0,0,29,0],"v":{"t":[0,0]}},{"k":[6,0,0,30,0],"v":{"t":[0,0]}},{"k":[5,0,0,31,0],"v":{"t":[0,0]}},{"k":[15,0,0,20,0],"v":{"t":[0,0]}},{"k":[14,0,0,21,0],"v":{"t":[0,0]}},{"k":[13,0,0,22,0],"v":{"t":[0,0]}},{"k":[12,0,0,23,0],"v":{"t":[0,0]}},{"k":[11,0,0,24,0],"v":{"t":[0,0]}},{"k":[10,0,0,25,0],"v":{"t":[0,0]}},{"k":[9,0,0,26,0],"v":{"t":[0,0]}},{"k":[8,0,0,27,0],"v":{"t":[0,0]}},{"k":[7,0,0,28,0],"v":{"t":[0,0]}},{"k":[6,0,0,29,0],"v":{"t":[0,0]}},{"k":[5,0,0,30,0],"v":{"t":[0,0]}},{"k":[4,0,0,31,0],"v":{"t":[0,0]}},{"k":[14,0,0,16,0],"v":{"t":[0,0]}},{"k":[13,0,0,17,0],"v":{"t":[0,0]}},{"k":[12,0,0,18,0],"v":{"t":[0,0]}},{"k":[11,0,0,19,0],"v":{"t":[0,0]}},{"k":[10,0,0,20,0],"v":{"t":[0,0]}},{"k":[9,0,0,21,0],"v":{"t":[0,0]}},{"k":[8,0,0,22,0],"v":{"t":[0,0]}},{"k":[7,0,0,23,0],"v":{"t":[0,0]}},{"k":[6,0,0,24,0],"v":{"t":[0,0]}},{"k":[5,0,0,25,0],"v":{"t":[0,0]}},{"k":[4,0,0,26,0],"v":{"t":[0,0]}},{"k":[3,0,0,27,0],"v":{"t":[0,0]}},{"k":[2,0,0,28,0],"v":{"t":[0,0]}},{"k":[1,0,0,29,0],"v":{"t":[0,0]}},{"k":[0,0,0,30,0],"v":{"t":[0,0]}},{"k":[13,0,0,16,0],"v":{"t":[0,0]}},{"k":[12,0,0,17,0],"v":{"t":[0,0]}},{"k":[11,0,0,18,0],"v":{"t":[0,0]}},{"k":[10,0,0,19,0],"v":{"t":[0,0]}},{"k":[9,0,0,20,0],"v":{"t":[0,0]}},{"k":[8,0,0,21,0],"v":{"t":[0,0]}},{"k":[7,0,0,22,0],"v":{"t":[0,0]}},{"k":[6,0,0,23,0],"v":{"t":[0,0]}},{"k":[5,0,0,24,0],"v":{"t":[0,0]}},{"k":[4,0,0,25,0],"v":{"t":[0,0]}},{"k":[3,0,0,26,0],"v":{"t":[0,0]}},{"k":[2,0,0,27,0],"v":{"t":[0,0]}},{"k":[1,0,0,28,0],"v":{"t":[0,0]}},{"k":[0,0,0,29,0],"v":{"t":[0,0]}},{"k":[15,0,0,17,0],"v":{"t":[0,0]}},{"k":[14,0,0,18,0],"v":{"t":[0,0]}},{"k":[13,0,0,19,0],"v":{"t":[0,0]}},{"k":[12,0,0,20,0],"v":{"t":[0,0]}},{"k":[11,0,0,21,0],"v":{"t":[0,0]}},{"k":[10,0,0,22,0],"v":{"t":[0,0]}},{"k":[9,0,0,23,0],"v":{"t":[0,0]}},{"k":[8,0,0,24,0],"v":{"t":[0,0]}},{"k":[7,0,0,25,0],"v":{"t":[0,0]}},{"k":[6,0,0,26,0],"v":{"t":[0,0]}},{"k":[5,0,0,27,0],"v":{"t":[0,0]}},{"k":[4,0,0,28,0],"v":{"t":[0,0]}},{"k":[3,0,0,29,0],"v":{"t":[0,0]}},{"k":[2,0,0,30,0],"v":{"t":[0,0]}},{"k":[1,0,0,31,0],"v":{"t":[0,0]}},{"k":[15,0,0,16,0],"v":{"t":[0,0]}},{"k":[14,0,0,17,0],"v":{"t":[0,0]}},{"k":[13,0,0,18,0],"v":{"t":[0,0]}},{"k":[12,0,0,19,0],"v":{"t":[0,0]}},{"k":[11,0,0,20,0],"v":{"t":[0,0]}},{"k":[10,0,0,21,0],"v":{"t":[0,0]}},{"k":[9,0,0,22,0],"v":{"t":[0,0]}},{"k":[8,0,0,23,0],"v":{"t":[0,0]}},{"k":[7,0,0,24,0],"v":{"t":[0,0]}},{"k":[6,0,0,25,0],"v":{"t":[0,0]}},{"k":[5,0,0,26,0],"v":{"t":[0,0]}},{"k":[4,0,0,27,0],"v":{"t":[0,0]}},{"k":[3,0,0,28,0],"v":{"t":[0,0]}},{"k":[2,0,0,29,0],"v":{"t":[0,0]}},{"k":[1,0,0,30,0],"v":{"t":[0,0]}},{"k":[0,0,0,31,0],"v":{"t":[0,0]}},{"k":[10,0,0,16,0],"v":{"t":[0,0]}},{"k":[9,0,0,17,0],"v":{"t":[0,0]}},{"k":[8,0,0,18,0],"v":{"t":[0,0]}},{"k":[7,0,0,19,0],"v":{"t":[0,0]}},{"k":[6,0,0,20,0],"v":{"t":[0,0]}},{"k":[5,0,0,21,0],"v":{"t":[0,0]}},{"k":[4,0,0,22,0],"v":{"t":[0,0]}},{"k":[3,0,0,23,0],"v":{"t":[0,0]}},{"k":[2,0,0,24,0],"v":{"t":[0,0]}},{"k":[1,0,0,25,0],"v":{"t":[0,0]}},{"k":[0,0,0,26,0],"v":{"t":[0,0]}},{"k":[9,0,0,16,0],"v":{"t":[0,0]}},{"k":[8,0,0,17,0],"v":{"t":[0,0]}},{"k":[7,0,0,18,0],"v":{"t":[0,0]}},{"k":[6,0,0,19,0],"v":{"t":[0,0]}},{"k":[5,0,0,20,0],"v":{"t":[0,0]}},{"k":[4,0,0,21,0],"v":{"t":[0,0]}},{"k":[3,0,0,22,0],"v":{"t":[0,0]}},{"k":[2,0,0,23,0],"v":{"t":[0,0]}},{"k":[1,0,0,24,0],"v":{"t":[0,0]}},{"k":[0,0,0,25,0],"v":{"t":[0,0]}},{"k":[12,0,0,16,0],"v":{"t":[0,0]}},{"k":[11,0,0,17,0],"v":{"t":[0,0]}},{"k":[10,0,0,18,0],"v":{"t":[0,0]}},{"k":[9,0,0,19,0],"v":{"t":[0,0]}},{"k":[8,0,0,20,0],"v":{"t":[0,0]}},{"k":[7,0,0,21,0],"v":{"t":[0,0]}},{"k":[6,0,0,22,0],"v":{"t":[0,0]}},{"k":[5,0,0,23,0],"v":{"t":[0,0]}},{"k":[4,0,0,24,0],"v":{"t":[0,0]}},{"k":[3,0,0,25,0],"v":{"t":[0,0]}},{"k":[2,0,0,26,0],"v":{"t":[0,0]}},{"k":[1,0,0,27,0],"v":{"t":[0,0]}},{"k":[0,0,0,28,0],"v":{"t":[0,0]}},{"k":[11,0,0,16,0],"v":{"t":[0,0]}},{"k":[10,0,0,17,0],"v":{"t":[0,0]}},{"k":[9,0,0,18,0],"v":{"t":[0,0]}},{"k":[8,0,0,19,0],"v":{"t":[0,0]}},{"k":[7,0,0,20,0],"v":{"t":[0,0]}},{"k":[6,0,0,21,0],"v":{"t":[0,0]}},{"k":[5,0,0,22,0],"v":{"t":[0,0]}},{"k":[4,0,0,23,0],"v":{"t":[0,0]}},{"k":[3,0,0,24,0],"v":{"t":[0,0]}},{"k":[2,0,0,25,0],"v":{"t":[0,0]}},{"k":[1,0,0,26,0],"v":{"t":[0,0]}},{"k":[0,0,0,27,0],"v":{"t":[0,0]}}]},"moun":{"a":[],"o":[]},"objs":{"list":[]},"objs3d":{"a":[{"k":[12,0,0,24,0,50,50,60],"v":{"did":46}}],"o":[[16,0,0,24,0],[16,0,0,30,0],[18,0,0,30,0,50,50,180],[17,0,0,25,0],[16,0,0,25,0],[17,0,0,26,0],[16,0,0,27,0]]},"sprites":{"list":[{"k":[14,0,0,19,0],"v":{"k":4,"t":[7,7,1,1]}},{"k":[4,0,0,29,0],"v":{"k":4,"t":[6,8,1,1]}},{"k":[6,0,0,29,0],"v":{"f":false,"k":6,"t":[0,1,2,2]}},{"k":[2,0,0,28,0],"v":{"k":6,"t":[0,1,2,2]}},{"k":[9,0,0,21,0],"v":{"f":false,"k":6,"t":[0,1,2,2]}},{"k":[14,0,0,16,0],"v":{"k":4,"t":[6,8,1,1]}},{"k":[11,0,0,19,0],"v":{"k":4,"t":[7,8,1,1]}},{"k":[6,0,0,23,0],"v":{"k":4,"t":[6,8,1,1]}},{"k":[7,0,0,25,0],"v":{"f":false,"k":6,"t":[0,1,2,2]}},{"k":[1,0,0,31,0],"v":{"f":false,"k":6,"t":[0,1,2,2]}},{"k":[2,0,0,30,0],"v":{"k":4,"t":[6,8,1,1]}},{"k":[4,0,0,27,0],"v":{"f":false,"k":6,"t":[0,1,2,2]}},{"k":[5,0,0,21,0],"v":{"k":6,"t":[0,1,2,2]}},{"k":[9,0,0,17,0],"v":{"k":4,"t":[6,8,1,1]}},{"k":[0,0,0,25,0],"v":{"f":false,"k":6,"t":[0,1,2,2]}},{"k":[7,0,0,21,0],"v":{"k":4,"t":[6,8,1,1]}},{"k":[3,0,0,24,0],"v":{"k":6,"t":[0,1,2,2]}},{"k":[9,0,0,18,0],"v":{"f":false,"k":6,"t":[0,1,2,2]}},{"k":[0,0,0,27,0],"v":{"k":4,"t":[6,8,1,1]}},{"k":[5,0,0,17,0],"v":{"k":4,"t":[6,8,1,1]}},{"k":[3,0,0,18,0],"v":{"k":6,"t":[0,1,2,2]}},{"k":[0,0,0,21,0],"v":{"k":4,"t":[6,8,1,1]}},{"k":[7,0,0,17,0],"v":{"f":false,"k":6,"t":[0,1,2,2]}},{"k":[2,0,0,21,0],"v":{"k":6,"t":[0,1,2,2]}},{"k":[5,0,0,18,0],"v":{"k":4,"t":[6,8,1,1]}},{"k":[0,0,0,18,0],"v":{"f":false,"k":6,"t":[0,1,2,2]}},{"k":[3,0,0,16,0],"v":{"f":false,"k":6,"t":[0,1,2,2]}},{"k":[12,0,0,29,0],"v":{"k":4,"t":[7,7,1,1]}},{"k":[14,0,0,27,0],"v":{"k":4,"t":[7,7,1,1]}},{"k":[0,0,0,16,0],"v":{"f":false,"k":6,"t":[0,1,2,2]}},{"k":[13,0,0,30,0],"v":{"k":4,"t":[7,7,1,1]}},{"k":[10,0,0,28,0],"v":{"f":false,"k":4,"t":[4,7,1,2]}},{"k":[12,0,0,28,0],"v":{"k":4,"t":[7,7,1,1]}}],"overflow":[[4,0,0,32,0]],"walls":[]}}