{"lands":{"autotiles":[],"floors":[{"k":[15,0,0,7,0],"v":{"t":[0,0]}},{"k":[14,0,0,8,0],"v":{"t":[0,0]}},{"k":[13,0,0,9,0],"v":{"t":[0,0]}},{"k":[12,0,0,10,0],"v":{"t":[0,0]}},{"k":[11,0,0,11,0],"v":{"t":[0,0]}},{"k":[10,0,0,12,0],"v":{"t":[0,0]}},{"k":[9,0,0,13,0],"v":{"t":[0,0]}},{"k":[8,0,0,14,0],"v":{"t":[0,0]}},{"k":[7,0,0,15,0],"v":{"t":[0,0]}},{"k":[15,0,0,6,0],"v":{"t":[0,0]}},{"k":[14,0,0,7,0],"v":{"t":[0,0]}},{"k":[13,0,0,8,0],"v":{"t":[0,0]}},{"k":[12,0,0,9,0],"v":{"t":[0,0]}},{"k":[11,0,0,10,0],"v":{"t":[0,0]}},{"k":[10,0,0,11,0],"v":{"t":[0,0]}},{"k":[9,0,0,12,0],"v":{"t":[0,0]}},{"k":[8,0,0,13,0],"v":{"t":[0,0]}},{"k":[7,0,0,14,0],"v":{"t":[0,0]}},{"k":[6,0,0,15,0],"v":{"t":[0,0]}},{"k":[15,0,0,9,0],"v":{"t":[0,0]}},{"k":[14,0,0,10,0],"v":{"t":[0,0]}},{"k":[13,0,0,11,0],"v":{"t":[0,0]}},{"k":[12,0,0,12,0],"v":{"t":[0,0]}},{"k":[11,0,0,13,0],"v":{"t":[0,0]}},{"k":[10,0,0,14,0],"v":{"t":[0,0]}},{"k":[9,0,0,15,0],"v":{"t":[0,0]}},{"k":[15,0,0,8,0],"v":{"t":[0,0]}},{"k":[14,0,0,9,0],"v":{"t":[0,0]}},{"k":[13,0,0,10,0],"v":{"t":[0,0]}},{"k":[12,0,0,11,0],"v":{"t":[0,0]}},{"k":[11,0,0,12,0],"v":{"t":[0,0]}},{"k":[10,0,0,13,0],"v":{"t":[0,0]}},{"k":[9,0,0,14,0],"v":{"t":[0,0]}},{"k":[8,0,0,15,0],"v":{"t":[0,0]}},{"k":[12,0,0,6,0],"v":{"t":[0,0]}},{"k":[11,0,0,7,0],"v":{"t":[0,0]}},{"k":[10,0,0,8,0],"v":{"t":[0,0]}},{"k":[9,0,0,9,0],"v":{"t":[0,0]}},{"k":[8,0,0,10,0],"v":{"t":[0,0]}},{"k":[7,0,0,11,0],"v":{"t":[0,0]}},{"k":[13,0,0,5,0],"v":{"t":[0,0]}},{"k":[6,0,0,12,0],"v":{"t":[0,0]}},{"k":[14,0,0,4,0],"v":{"t":[0,0]}},{"k":[5,0,0,13,0],"v":{"t":[0,0]}},{"k":[15,0,0,3,0],"v":{"t":[0,0]}},{"k":[4,0,0,14,0],"v":{"t":[0,0]}},{"k":[3,0,0,15,0],"v":{"t":[0,0]}},{"k":[13,5,0,0,0],"v":{"t":[0,0]}},{"k":[13,4,0,1,0],"v":{"t":[0,0]}},{"k":[13,3,0,2,0],"v":{"t":[0,0]}},{"k":[14,1,0,3,0],"v":{"t":[0,0]}},{"k":[11,0,0,6,0],"v":{"t":[0,0]}},{"k":[10,0,0,7,0],"v":{"t":[0,0]}},{"k":[9,0,0,8,0],"v":{"t":[0,0]}},{"k":[8,0,0,9,0],"v":{"t":[0,0]}},{"k":[7,0,0,10,0],"v":{"t":[0,0]}},{"k":[12,0,0,5,0],"v":{"t":[0,0]}},{"k":[6,0,0,11,0],"v":{"t":[0,0]}},{"k":[13,0,0,4,0],"v":{"t":[0,0]}},{"k":[5,0,0,12,0],"v":{"t":[0,0]}},{"k":[14,0,0,3,0],"v":{"t":[0,0]}},{"k":[4,0,0,13,0],"v":{"t":[0,0]}},{"k":[15,0,0,2,0],"v":{"t":[0,0]}},{"k":[3,0,0,14,0],"v":{"t":[0,0]}},{"k":[2,0,0,15,0],"v":{"t":[0,0]}},{"k":[12,5,0,0,0],"v":{"t":[0,0]}},{"k":[12,4,0,1,0],"v":{"t":[0,0]}},{"k":[12,3,0,2,0],"v":{"t":[0,0]}},{"k":[14,0,0,6,0],"v":{"t":[0,0]}},{"k":[13,0,0,7,0],"v":{"t":[0,0]}},{"k":[12,0,0,8,0],"v":{"t":[0,0]}},{"k":[11,0,0,9,0],"v":{"t":[0,0]}},{"k":[10,0,0,10,0],"v":{"t":[0,0]}},{"k":[9,0,0,11,0],"v":{"t":[0,0]}},{"k":[8,0,0,12,0],"v":{"t":[0,0]}},{"k":[7,0,0,13,0],"v":{"t":[0,0]}},{"k":[15,0,0,5,0],"v":{"t":[0,0]}},{"k":[6,0,0,14,0],"v":{"t":[0,0]}},{"k":[5,0,0,15,0],"v":{"t":[0,0]}},{"k":[15,5,0,0,0],"v":{"t":[0,0]}},{"k":[15,4,0,1,0],"v":{"t":[0,0]}},{"k":[13,0,0,6,0],"v":{"t":[0,0]}},{"k":[12,0,0,7,0],"v":{"t":[0,0]}},{"k":[11,0,0,8,0],"v":{"t":[0,0]}},{"k":[10,0,0,9,0],"v":{"t":[0,0]}},{"k":[9,0,0,10,0],"v":{"t":[0,0]}},{"k":[8,0,0,11,0],"v":{"t":[0,0]}},{"k":[7,0,0,12,0],"v":{"t":[0,0]}},{"k":[14,0,0,5,0],"v":{"t":[0,0]}},{"k":[6,0,0,13,0],"v":{"t":[0,0]}},{"k":[15,0,0,4,0],"v":{"t":[0,0]}},{"k":[5,0,0,14,0],"v":{"t":[0,0]}},{"k":[4,0,0,15,0],"v":{"t":[0,0]}},{"k":[14,5,0,0,0],"v":{"t":[0,0]}},{"k":[14,4,0,1,0],"v":{"t":[0,0]}},{"k":[14,3,0,2,0],"v":{"t":[0,0]}},{"k":[15,2,0,2,0],"v":{"t":[0,0]}},{"k":[8,0,0,6,0],"v":{"t":[0,0]}},{"k":[7,0,0,7,0],"v":{"t":[0,0]}},{"k":[9,0,0,5,0],"v":{"t":[0,0]}},{"k":[6,0,0,8,0],"v":{"t":[0,0]}},{"k":[10,0,0,4,0],"v":{"t":[0,0]}},{"k":[5,0,0,9,0],"v":{"t":[0,0]}},{"k":[11,0,0,3,0],"v":{"t":[0,0]}},{"k":[4,0,0,10,0],"v":{"t":[0,0]}},{"k":[12,0,0,2,0],"v":{"t":[0,0]}},{"k":[3,0,0,11,0],"v":{"t":[0,0]}},{"k":[13,0,0,1,0],"v":{"t":[0,0]}},{"k":[2,0,0,12,0],"v":{"t":[0,0]}},{"k":[14,0,0,0,0],"v":{"t":[0,0]}},{"k":[1,0,0,13,0],"v":{"t":[0,0]}},{"k":[0,0,0,14,0],"v":{"t":[0,0]}},{"k":[8,6,0,0,0],"v":{"t":[0,0]}},{"k":[9,4,0,1,0],"v":{"t":[0,0]}},{"k":[9,3,0,2,0],"v":{"t":[0,0]}},{"k":[10,1,0,3,0],"v":{"t":[0,0]}},{"k":[7,0,0,6,0],"v":{"t":[0,0]}},{"k":[8,0,0,5,0],"v":{"t":[0,0]}},{"k":[6,0,0,7,0],"v":{"t":[0,0]}},{"k":[9,0,0,4,0],"v":{"t":[0,0]}},{"k":[5,0,0,8,0],"v":{"t":[0,0]}},{"k":[10,0,0,3,0],"v":{"t":[0,0]}},{"k":[4,0,0,9,0],"v":{"t":[0,0]}},{"k":[11,0,0,2,0],"v":{"t":[0,0]}},{"k":[3,0,0,10,0],"v":{"t":[0,0]}},{"k":[12,0,0,1,0],"v":{"t":[0,0]}},{"k":[2,0,0,11,0],"v":{"t":[0,0]}},{"k":[13,0,0,0,0],"v":{"t":[0,0]}},{"k":[1,0,0,12,0],"v":{"t":[0,0]}},{"k":[0,0,0,13,0],"v":{"t":[0,0]}},{"k":[7,6,0,0,0],"v":{"t":[0,0]}},{"k":[10,0,0,6,0],"v":{"t":[0,0]}},{"k":[9,0,0,7,0],"v":{"t":[0,0]}},{"k":[8,0,0,8,0],"v":{"t":[0,0]}},{"k":[7,0,0,9,0],"v":{"t":[0,0]}},{"k":[11,0,0,5,0],"v":{"t":[0,0]}},{"k":[6,0,0,10,0],"v":{"t":[0,0]}},{"k":[12,0,0,4,0],"v":{"t":[0,0]}},{"k":[5,0,0,11,0],"v":{"t":[0,0]}},{"k":[13,0,0,3,0],"v":{"t":[0,0]}},{"k":[4,0,0,12,0],"v":{"t":[0,0]}},{"k":[14,0,0,2,0],"v":{"t":[0,0]}},{"k":[3,0,0,13,0],"v":{"t":[0,0]}},{"k":[15,0,0,1,0],"v":{"t":[0,0]}},{"k":[2,0,0,14,0],"v":{"t":[0,0]}},{"k":[1,0,0,15,0],"v":{"t":[0,0]}},{"k":[10,6,0,0,0],"v":{"t":[0,0]}},{"k":[11,5,0,0,0],"v":{"t":[0,0]}},{"k":[11,4,0,1,0],"v":{"t":[0,0]}},{"k":[11,3,0,2,0],"v":{"t":[0,0]}},{"k":[9,0,0,6,0],"v":{"t":[0,0]}},{"k":[8,0,0,7,0],"v":{"t":[0,0]}},{"k":[7,0,0,8,0],"v":{"t":[0,0]}},{"k":[10,0,0,5,0],"v":{"t":[0,0]}},{"k":[6,0,0,9,0],"v":{"t":[0,0]}},{"k":[11,0,0,4,0],"v":{"t":[0,0]}},{"k":[5,0,0,10,0],"v":{"t":[0,0]}},{"k":[12,0,0,3,0],"v":{"t":[0,0]}},{"k":[4,0,0,11,0],"v":{"t":[0,0]}},{"k":[13,0,0,2,0],"v":{"t":[0,0]}},{"k":[3,0,0,12,0],"v":{"t":[0,0]}},{"k":[14,0,0,1,0],"v":{"t":[0,0]}},{"k":[2,0,0,13,0],"v":{"t":[0,0]}},{"k":[15,0,0,0,0],"v":{"t":[0,0]}},{"k":[1,0,0,14,0],"v":{"t":[0,0]}},{"k":[0,0,0,15,0],"v":{"t":[0,0]}},{"k":[9,6,0,0,0],"v":{"t":[0,0]}},{"k":[10,4,0,1,0],"v":{"t":[0,0]}},{"k":[10,3,0,2,0],"v":{"t":[0,0]}},{"k":[11,1,0,3,0],"v":{"t":[0,0]}},{"k":[4,0,0,6,0],"v":{"t":[0,0]}},{"k":[5,0,0,5,0],"v":{"t":[0,0]}},{"k":[6,0,0,4,0],"v":{"t":[0,0]}},{"k":[7,0,0,3,0],"v":{"t":[0,0]}},{"k":[8,0,0,2,0],"v":{"t":[0,0]}},{"k":[3,0,0,7,0],"v":{"t":[0,0]}},{"k":[9,0,0,1,0],"v":{"t":[0,0]}},{"k":[2,0,0,8,0],"v":{"t":[0,0]}},{"k":[10,0,0,0,0],"v":{"t":[0,0]}},{"k":[1,0,0,9,0],"v":{"t":[0,0]}},{"k":[0,0,0,10,0],"v":{"t":[0,0]}},{"k":[5,4,0,1,0],"v":{"t":[0,0]}},{"k":[6,2,0,2,0],"v":{"t":[0,0]}},{"k":[6,1,0,3,0],"v":{"t":[0,0]}},{"k":[3,0,0,6,0],"v":{"t":[0,0]}},{"k":[4,0,0,5,0],"v":{"t":[0,0]}},{"k":[5,0,0,4,0],"v":{"t":[0,0]}},{"k":[6,0,0,3,0],"v":{"t":[0,0]}},{"k":[7,0,0,2,0],"v":{"t":[0,0]}},{"k":[8,0,0,1,0],"v":{"t":[0,0]}},{"k":[2,0,0,7,0],"v":{"t":[0,0]}},{"k":[9,0,0,0,0],"v":{"t":[0,0]}},{"k":[1,0,0,8,0],"v":{"t":[0,0]}},{"k":[0,0,0,9,0],"v":{"t":[0,0]}},{"k":[4,5,0,0,0],"v":{"t":[0,0]}},{"k":[4,4,0,1,0],"v":{"t":[0,0]}},{"k":[4,3,0,2,0],"v":{"t":[0,0]}},{"k":[5,2,0,2,0],"v":{"t":[0,0]}},{"k":[6,0,0,6,0],"v":{"t":[0,0]}},{"k":[7,0,0,5,0],"v":{"t":[0,0]}},{"k":[8,0,0,4,0],"v":{"t":[0,0]}},{"k":[5,0,0,7,0],"v":{"t":[0,0]}},{"k":[9,0,0,3,0],"v":{"t":[0,0]}},{"k":[4,0,0,8,0],"v":{"t":[0,0]}},{"k":[10,0,0,2,0],"v":{"t":[0,0]}},{"k":[3,0,0,9,0],"v":{"t":[0,0]}},{"k":[11,0,0,1,0],"v":{"t":[0,0]}},{"k":[2,0,0,10,0],"v":{"t":[0,0]}},{"k":[12,0,0,0,0],"v":{"t":[0,0]}},{"k":[1,0,0,11,0],"v":{"t":[0,0]}},{"k":[0,0,0,12,0],"v":{"t":[0,0]}},{"k":[6,6,0,0,0],"v":{"t":[0,0]}},{"k":[8,3,0,1,0],"v":{"t":[0,0]}},{"k":[8,2,0,2,0],"v":{"t":[0,0]}},{"k":[8,1,0,3,0],"v":{"t":[0,0]}},{"k":[5,0,0,6,0],"v":{"t":[0,0]}},{"k":[6,0,0,5,0],"v":{"t":[0,0]}},{"k":[7,0,0,4,0],"v":{"t":[0,0]}},{"k":[8,0,0,3,0],"v":{"t":[0,0]}},{"k":[4,0,0,7,0],"v":{"t":[0,0]}},{"k":[9,0,0,2,0],"v":{"t":[0,0]}},{"k":[3,0,0,8,0],"v":{"t":[0,0]}},{"k":[10,0,0,1,0],"v":{"t":[0,0]}},{"k":[2,0,0,9,0],"v":{"t":[0,0]}},{"k":[11,0,0,0,0],"v":{"t":[0,0]}},{"k":[1,0,0,10,0],"v":{"t":[0,0]}},{"k":[0,0,0,11,0],"v":{"t":[0,0]}},{"k":[5,6,0,0,0],"v":{"t":[0,0]}},{"k":[6,4,0,1,0],"v":{"t":[0,0]}},{"k":[7,3,0,1,0],"v":{"t":[0,0]}},{"k":[7,2,0,2,0],"v":{"t":[0,0]}},{"k":[7,1,0,3,0],"v":{"t":[0,0]}},{"k":[0,0,0,6,0],"v":{"t":[0,0]}},{"k":[1,0,0,5,0],"v":{"t":[0,0]}},{"k":[2,0,0,4,0],"v":{"t":[0,0]}},{"k":[3,0,0,3,0],"v":{"t":[0,0]}},{"k":[4,0,0,2,0],"v":{"t":[0,0]}},{"k":[5,0,0,1,0],"v":{"t":[0,0]}},{"k":[6,0,0,0,0],"v":{"t":[0,0]}},{"k":[1,5,0,0,0],"v":{"t":[0,0]}},{"k":[1,4,0,1,0],"v":{"t":[0,0]}},{"k":[1,3,0,2,0],"v":{"t":[0,0]}},{"k":[2,1,0,3,0],"v":{"t":[0,0]}},{"k":[0,0,0,5,0],"v":{"t":[0,0]}},{"k":[1,0,0,4,0],"v":{"t":[0,0]}},{"k":[2,0,0,3,0],"v":{"t":[0,0]}},{"k":[3,0,0,2,0],"v":{"t":[0,0]}},{"k":[4,0,0,1,0],"v":{"t":[0,0]}},{"k":[5,0,0,0,0],"v":{"t":[0,0]}},{"k":[0,5,0,0,0],"v":{"t":[0,0]}},{"k":[0,4,0,1,0],"v":{"t":[0,0]}},{"k":[0,3,0,2,0],"v":{"t":[0,0]}},{"k":[1,1,0,3,0],"v":{"t":[0,0]}},{"k":[2,0,0,6,0],"v":{"t":[0,0]}},{"k":[3,0,0,5,0],"v":{"t":[0,0]}},{"k":[4,0,0,4,0],"v":{"t":[0,0]}},{"k":[5,0,0,3,0],"v":{"t":[0,0]}},{"k":[6,0,0,2,0],"v":{"t":[0,0]}},{"k":[7,0,0,1,0],"v":{"t":[0,0]}},{"k":[8,0,0,0,0],"v":{"t":[0,0]}},{"k":[1,0,0,7,0],"v":{"t":[0,0]}},{"k":[0,0,0,8,0],"v":{"t":[0,0]}},{"k":[3,5,0,0,0],"v":{"t":[0,0]}},{"k":[3,4,0,1,0],"v":{"t":[0,0]}},{"k":[3,3,0,2,0],"v":{"t":[0,0]}},{"k":[4,1,0,3,0],"v":{"t":[0,0]}},{"k":[1,0,0,6,0],"v":{"t":[0,0]}},{"k":[2,0,0,5,0],"v":{"t":[0,0]}},{"k":[3,0,0,4,0],"v":{"t":[0,0]}},{"k":[4,0,0,3,0],"v":{"t":[0,0]}},{"k":[5,0,0,2,0],"v":{"t":[0,0]}},{"k":[6,0,0,1,0],"v":{"t":[0,0]}},{"k":[7,0,0,0,0],"v":{"t":[0,0]}},{"k":[0,0,0,7,0],"v":{"t":[0,0]}},{"k":[2,5,0,0,0],"v":{"t":[0,0]}},{"k":[2,4,0,1,0],"v":{"t":[0,0]}},{"k":[2,3,0,2,0],"v":{"t":[0,0]}},{"k":[3,1,0,3,0],"v":{"t":[0,0]}},{"k":[0,0,0,2,0],"v":{"t":[0,0]}},{"k":[1,0,0,1,0],"v":{"t":[0,0]}},{"k":[2,0,0,0,0],"v":{"t":[0,0]}},{"k":[0,0,0,1,0],"v":{"t":[0,0]}},{"k":[1,0,0,0,0],"v":{"t":[0,0]}},{"k":[0,0,0,4,0],"v":{"t":[0,0]}},{"k":[1,0,0,3,0],"v":{"t":[0,0]}},{"k":[2,0,0,2,0],"v":{"t":[0,0]}},{"k":[3,0,0,1,0],"v":{"t":[0,0]}},{"k":[4,0,0,0,0],"v":{"t":[0,0]}},{"k":[0,1,0,3,0],"v":{"t":[0,0]}},{"k":[0,0,0,3,0],"v":{"t":[0,0]}},{"k":[1,0,0,2,0],"v":{"t":[0,0]}},{"k":[2,0,0,1,0],"v":{"t":[0,0]}},{"k":[3,0,0,0,0],"v":{"t":[0,0]}},{"k":[0,0,0,0,0],"v":{"t":[0,0]}},{"k":[15,0,0,15,0],"v":{"t":[0,0]}},{"k":[15,0,0,14,0],"v":{"t":[0,0]}},{"k":[14,0,0,15,0],"v":{"t":[0,0]}},{"k":[15,0,0,11,0],"v":{"t":[0,0]}},{"k":[14,0,0,12,0],"v":{"t":[0,0]}},{"k":[13,0,0,13,0],"v":{"t":[0,0]}},{"k":[12,0,0,14,0],"v":{"t":[0,0]}},{"k":[11,0,0,15,0],"v":{"t":[0,0]}},{"k":[15,0,0,10,0],"v":{"t":[0,0]}},{"k":[14,0,0,11,0],"v":{"t":[0,0]}},{"k":[13,0,0,12,0],"v":{"t":[0,0]}},{"k":[12,0,0,13,0],"v":{"t":[0,0]}},{"k":[11,0,0,14,0],"v":{"t":[0,0]}},{"k":[10,0,0,15,0],"v":{"t":[0,0]}},{"k":[15,0,0,13,0],"v":{"t":[0,0]}},{"k":[14,0,0,14,0],"v":{"t":[0,0]}},{"k":[13,0,0,15,0],"v":{"t":[0,0]}},{"k":[15,0,0,12,0],"v":{"t":[0,0]}},{"k":[14,0,0,13,0],"v":{"t":[0,0]}},{"k":[13,0,0,14,0],"v":{"t":[0,0]}},{"k":[12,0,0,15,0],"v":{"t":[0,0]}}]},"moun":{"a":[{"k":[15,0,0,0,0],"v":{"hs":5,"l":true,"r":true,"sid":1}},{"k":[14,0,0,1,0],"v":{"hs":4,"l":true,"r":true,"sid":1}},{"k":[13,0,0,2,0],"v":{"hs":3,"l":true,"r":true,"sid":1}},{"k":[10,0,0,0,0],"v":{"hs":6,"l":true,"sid":1}},{"k":[9,0,0,1,0],"v":{"hs":4,"r":true,"sid":1}},{"k":[8,0,0,2,0],"v":{"hs":2,"l":true,"sid":1}},{"k":[7,0,0,3,0],"v":{"l":true,"r":true,"sid":1}},{"k":[9,0,0,0,0],"v":{"hs":6,"l":true,"r":true,"sid":1}},{"k":[8,0,0,1,0],"v":{"hs":3,"l":true,"sid":1}},{"k":[7,0,0,2,0],"v":{"hs":2,"l":true,"r":true,"sid":1}},{"k":[6,0,0,3,0],"v":{"r":true,"sid":1}},{"k":[12,0,0,0,0],"v":{"hs":5,"l":true,"r":true,"sid":1}},{"k":[11,0,0,1,0],"v":{"hs":4,"l":true,"r":true,"sid":1}},{"k":[10,0,0,2,0],"v":{"hs":3,"l":true,"r":true,"sid":1}},{"k":[11,0,0,0,0],"v":{"hs":5,"r":true,"sid":1}},{"k":[10,0,0,1,0],"v":{"hs":4,"l":true,"r":true,"sid":1}},{"k":[9,0,0,2,0],"v":{"hs":3,"r":true,"sid":1}},{"k":[8,0,0,3,0],"v":{"l":true,"sid":1}},{"k":[6,0,0,0,0],"v":{"hs":6,"l":true,"r":true,"sid":1}},{"k":[5,0,0,1,0],"v":{"hs":4,"l":true,"r":true,"sid":1}},{"k":[4,0,0,2,0],"v":{"hs":3,"l":true,"sid":1}},{"k":[3,0,0,3,0],"v":{"l":true,"r":true,"sid":1}},{"k":[5,0,0,0,0],"v":{"hs":6,"r":true,"sid":1}},{"k":[4,0,0,1,0],"v":{"hs":4,"l":true,"r":true,"sid":1}},{"k":[3,0,0,2,0],"v":{"hs":3,"l":true,"r":true,"sid":1}},{"k":[2,0,0,3,0],"v":{"l":true,"r":true,"sid":1}},{"k":[8,0,0,0,0],"v":{"hs":6,"l":true,"r":true,"sid":1}},{"k":[7,0,0,1,0],"v":{"hs":3,"r":true,"sid":1}},{"k":[6,0,0,2,0],"v":{"hs":2,"l":true,"r":true,"sid":1}},{"k":[7,0,0,0,0],"v":{"hs":6,"l":true,"r":true,"sid":1}},{"k":[6,0,0,1,0],"v":{"hs":4,"l":true,"sid":1}},{"k":[5,0,0,2,0],"v":{"hs":2,"r":true,"sid":1}},{"k":[4,0,0,3,0],"v":{"l":true,"sid":1}},{"k":[2,0,0,0,0],"v":{"hs":5,"l":true,"r":true,"sid":1}},{"k":[1,0,0,1,0],"v":{"hs":4,"l":true,"r":true,"sid":1}},{"k":[0,0,0,2,0],"v":{"hs":3,"r":true,"sid":1}},{"k":[1,0,0,0,0],"v":{"hs":5,"l":true,"r":true,"sid":1}},{"k":[0,0,0,1,0],"v":{"hs":4,"r":true,"sid":1}},{"k":[4,0,0,0,0],"v":{"hs":5,"l":true,"sid":1}},{"k":[3,0,0,1,0],"v":{"hs":4,"l":true,"r":true,"sid":1}},{"k":[2,0,0,2,0],"v":{"hs":3,"l":true,"r":true,"sid":1}},{"k":[1,0,0,3,0],"v":{"l":true,"r":true,"sid":1}},{"k":[3,0,0,0,0],"v":{"hs":5,"l":true,"r":true,"sid":1}},{"k":[2,0,0,1,0],"v":{"hs":4,"l":true,"r":true,"sid":1}},{"k":[1,0,0,2,0],"v":{"hs":3,"l":true,"r":true,"sid":1}},{"k":[0,0,0,3,0],"v":{"r":true,"sid":1}},{"k":[0,0,0,0,0],"v":{"hs":5,"r":true,"sid":1}},{"k":[15,0,0,2,0],"v":{"hs":2,"r":true,"sid":1}},{"k":[14,0,0,3,0],"v":{"sid":1}},{"k":[14,0,0,0,0],"v":{"hs":5,"l":true,"r":true,"sid":1}},{"k":[13,0,0,1,0],"v":{"hs":4,"l":true,"r":true,"sid":1}},{"k":[12,0,0,2,0],"v":{"hs":3,"l":true,"r":true,"sid":1}},{"k":[11,0,0,3,0],"v":{"l":true,"sid":1}},{"k":[13,0,0,0,0],"v":{"hs":5,"l":true,"r":true,"sid":1}},{"k":[12,0,0,1,0],"v":{"hs":4,"l":true,"r":true,"sid":1}},{"k":[11,0,0,2,0],"v":{"hs":3,"l":true,"r":true,"sid":1}},{"k":[10,0,0,3,0],"v":{"r":true,"sid":1}},{"k":[15,0,0,1,0],"v":{"hs":4,"l":true,"r":true,"sid":1}},{"k":[14,0,0,2,0],"v":{"hs":3,"l":true,"sid":1}}],"o":[]},"objs":{"list":[]},"objs3d":{"a":[],"o":[[10,0,0,20,0],[10,0,0,19,0]]},"sprites":{"list":[{"k":[9,6,0,0,0],"v":{"k":4,"t":[0,1,2,2]}},{"k":[11,1,0,3,0],"v":{"k":4,"t":[0,1,2,2]}},{"k":[7,0,0,8,0],"v":{"k":4,"t":[6,8,1,1]}},{"k":[6,2,0,2,0],"v":{"k":4,"t":[0,1,2,2]}},{"k":[5,4,0,1,0],"v":{"k":4,"t":[0,1,2,2]}},{"k":[4,0,0,6,0],"v":{"k":4,"t":[6,8,1,1]}},{"k":[0,0,0,10,0],"v":{"k":4,"t":[6,8,1,1]}},{"k":[4,5,0,0,0],"v":{"k":4,"t":[0,1,2,2]}},{"k":[3,0,0,9,0],"v":{"k":4,"t":[6,8,1,1]}},{"k":[1,0,0,11,0],"v":{"k":4,"t":[7,8,1,1]}},{"k":[5,6,0,0,0],"v":{"k":4,"t":[0,1,2,2]}},{"k":[7,2,0,2,0],"v":{"k":4,"t":[0,1,2,2]}},{"k":[7,1,0,3,0],"v":{"k":4,"t":[0,1,2,2]}},{"k":[6,4,0,1,0],"v":{"k":4,"t":[0,1,2,2]}},{"k":[1,3,0,2,0],"v":{"k":4,"t":[0,1,2,2]}},{"k":[1,4,0,1,0],"v":{"k":4,"t":[0,1,2,2]}},{"k":[2,0,0,4,0],"v":{"k":4,"t":[7,8,1,1]}},{"k":[0,5,0,0,0],"v":{"k":4,"t":[0,1,2,2]}},{"k":[1,1,0,3,0],"v":{"k":4,"t":[0,1,2,2]}},{"k":[3,4,0,1,0],"v":{"k":4,"t":[0,1,2,2]}},{"k":[1,0,0,7,0],"v":{"k":4,"t":[6,8,1,1]}},{"k":[2,5,0,0,0],"v":{"k":4,"t":[0,1,2,2]}},{"k":[3,1,0,3,0],"v":{"k":4,"t":[0,1,2,2]}},{"k":[0,1,0,3,0],"v":{"k":4,"t":[0,1,2,2]}},{"k":[11,0,0,15,0],"v":{"k":4,"t":[7,7,1,1]}},{"k":[8,0,0,14,0],"v":{"k":4,"t":[6,8,1,1]}},{"k":[7,0,0,15,0],"v":{"k":4,"t":[7,8,1,1]}},{"k":[6,0,0,15,0],"v":{"f":false,"k":6,"t":[0,1,2,2]}},{"k":[9,0,0,12,0],"v":{"k":4,"t":[7,7,1,1]}},{"k":[12,0,0,12,0],"v":{"k":4,"t":[6,8,1,1]}},{"k":[13,3,0,2,0],"v":{"k":4,"t":[0,1,2,2]}},{"k":[14,1,0,3,0],"v":{"k":4,"t":[0,1,2,2]}},{"k":[11,0,0,7,0],"v":{"k":4,"t":[6,8,1,1]}},{"k":[12,5,0,0,0],"v":{"k":4,"t":[0,1,2,2]}},{"k":[12,3,0,2,0],"v":{"k":4,"t":[0,1,2,2]}},{"k":[12,4,0,1,0],"v":{"k":4,"t":[0,1,2,2]}},{"k":[6,0,0,11,0],"v":{"k":4,"t":[7,7,1,1]}},{"k":[15,5,0,0,0],"v":{"k":4,"t":[0,1,2,2]}},{"k":[6,0,0,14,0],"v":{"k":4,"t":[6,8,1,1]}},{"k":[14,5,0,0,0],"v":{"k":4,"t":[0,1,2,2]}},{"k":[1,0,0,13,0],"v":{"f":false,"k":6,"t":[0,1,2,2]}},{"k":[8,6,0,0,0],"v":{"k":4,"t":[0,1,2,2]}},{"k":[9,3,0,2,0],"v":{"k":4,"t":[0,1,2,2]}},{"k":[10,1,0,3,0],"v":{"k":4,"t":[0,1,2,2]}},{"k":[8,0,0,5,0],"v":{"k":4,"t":[7,8,1,1]}},{"k":[10,6,0,0,0],"v":{"k":4,"t":[0,1,2,2]}},{"k":[11,5,0,0,0],"v":{"k":4,"t":[0,1,2,2]}},{"k":[11,4,0,1,0],"v":{"k":4,"t":[0,1,2,2]}},{"k":[13,0,0,3,0],"v":{"k":4,"t":[0,1,2,2]}},{"k":[3,0,0,13,0],"v":{"f":false,"k":6,"t":[0,1,2,2]}},{"k":[4,0,0,12,0],"v":{"k":4,"t":[6,8,1,1]}}],"overflow":[[16,5,0,0,0],[16,4,0,1,0],[16,2,0,2,0],[16,1,0,3,0],[3,0,0,16,0],[0,0,0,16,0]],"walls":[]}}