{"lands":{"autotiles":[{"k":[12,0,0,46,0],"v":{"id":1,"t":[1,0],"tid":211}},{"k":[15,0,0,43,0],"v":{"id":1,"t":[1,0],"tid":582}},{"k":[14,0,0,44,0],"v":{"id":1,"t":[1,0],"tid":223}},{"k":[13,0,0,45,0],"v":{"id":1,"t":[1,0],"tid":223}},{"k":[15,0,0,42,0],"v":{"id":1,"t":[1,0],"tid":225}},{"k":[13,0,0,47,0],"v":{"id":1,"t":[1,0],"tid":618}},{"k":[15,0,0,44,0],"v":{"id":1,"t":[1,0],"tid":116}},{"k":[14,0,0,45,0],"v":{"id":1,"t":[1,0],"tid":116}},{"k":[13,0,0,46,0],"v":{"id":1,"t":[1,0],"tid":104}},{"k":[15,0,0,39,0],"v":{"id":1,"t":[1,0],"tid":324}},{"k":[14,0,0,39,0],"v":{"id":1,"t":[1,0],"tid":68}},{"k":[15,0,0,38,0],"v":{"id":1,"t":[1,0],"tid":471}},{"k":[11,0,0,39,0],"v":{"id":1,"t":[1,0],"tid":225}},{"k":[12,0,0,40,0],"v":{"id":1,"t":[1,0],"tid":372}},{"k":[13,0,0,39,0],"v":{"id":1,"t":[1,0],"tid":477}},{"k":[14,0,0,38,0],"v":{"id":1,"t":[1,0],"tid":225}},{"k":[11,0,0,40,0],"v":{"id":1,"t":[1,0],"tid":570}},{"k":[12,0,0,39,0],"v":{"id":1,"t":[1,0],"tid":469}},{"k":[14,0,0,32,0],"v":{"id":1,"t":[1,0],"tid":477}},{"k":[13,0,0,32,0],"v":{"id":1,"t":[1,0],"tid":477}},{"k":[15,0,0,33,0],"v":{"id":1,"t":[1,0],"tid":570}},{"k":[15,0,0,32,0],"v":{"id":1,"t":[1,0],"tid":461}},{"k":[11,0,0,33,0],"v":{"id":1,"t":[1,0],"tid":618}},{"k":[12,0,0,32,0],"v":{"id":1,"t":[1,0],"tid":477}},{"k":[11,0,0,32,0],"v":{"id":1,"t":[1,0],"tid":532}}],"floors":[{"k":[7,0,0,47,0],"v":{"t":[0,0]}},{"k":[8,0,0,46,0],"v":{"t":[0,0]}},{"k":[9,0,0,45,0],"v":{"t":[0,0]}},{"k":[10,0,0,44,0],"v":{"t":[0,0]}},{"k":[11,0,0,43,0],"v":{"t":[0,0]}},{"k":[12,0,0,42,0],"v":{"t":[0,0]}},{"k":[13,0,0,41,0],"v":{"t":[0,0]}},{"k":[14,0,0,40,0],"v":{"t":[0,0]}},{"k":[6,0,0,47,0],"v":{"t":[0,0]}},{"k":[7,0,0,46,0],"v":{"t":[0,0]}},{"k":[8,0,0,45,0],"v":{"t":[0,0]}},{"k":[9,0,0,44,0],"v":{"t":[0,0]}},{"k":[10,0,0,43,0],"v":{"t":[0,0]}},{"k":[11,0,0,42,0],"v":{"t":[0,0]}},{"k":[12,0,0,41,0],"v":{"t":[0,0]}},{"k":[13,0,0,40,0],"v":{"t":[0,0]}},{"k":[9,0,0,47,0],"v":{"t":[0,0]}},{"k":[10,0,0,46,0],"v":{"t":[0,0]}},{"k":[11,0,0,45,0],"v":{"t":[0,0]}},{"k":[12,0,0,44,0],"v":{"t":[0,0]}},{"k":[13,0,0,43,0],"v":{"t":[0,0]}},{"k":[14,0,0,42,0],"v":{"t":[0,0]}},{"k":[15,0,0,41,0],"v":{"t":[0,0]}},{"k":[8,0,0,47,0],"v":{"t":[0,0]}},{"k":[9,0,0,46,0],"v":{"t":[0,0]}},{"k":[10,0,0,45,0],"v":{"t":[0,0]}},{"k":[11,0,0,44,0],"v":{"t":[0,0]}},{"k":[12,0,0,43,0],"v":{"t":[0,0]}},{"k":[13,0,0,42,0],"v":{"t":[0,0]}},{"k":[14,0,0,41,0],"v":{"t":[0,0]}},{"k":[15,0,0,40,0],"v":{"t":[0,0]}},{"k":[3,0,0,47,0],"v":{"t":[0,0]}},{"k":[4,0,0,46,0],"v":{"t":[0,0]}},{"k":[5,0,0,45,0],"v":{"t":[0,0]}},{"k":[6,0,0,44,0],"v":{"t":[0,0]}},{"k":[7,0,0,43,0],"v":{"t":[0,0]}},{"k":[8,0,0,42,0],"v":{"t":[0,0]}},{"k":[9,0,0,41,0],"v":{"t":[0,0]}},{"k":[10,0,0,40,0],"v":{"t":[0,0]}},{"k":[12,0,0,38,0],"v":{"t":[0,0]}},{"k":[13,0,0,37,0],"v":{"t":[0,0]}},{"k":[14,0,0,36,0],"v":{"t":[0,0]}},{"k":[15,0,0,35,0],"v":{"t":[0,0]}},{"k":[15,0,0,34,0],"v":{"t":[0,0]}},{"k":[2,0,0,47,0],"v":{"t":[0,0]}},{"k":[3,0,0,46,0],"v":{"t":[0,0]}},{"k":[4,0,0,45,0],"v":{"t":[0,0]}},{"k":[5,0,0,44,0],"v":{"t":[0,0]}},{"k":[6,0,0,43,0],"v":{"t":[0,0]}},{"k":[7,0,0,42,0],"v":{"t":[0,0]}},{"k":[8,0,0,41,0],"v":{"t":[0,0]}},{"k":[9,0,0,40,0],"v":{"t":[0,0]}},{"k":[10,0,0,39,0],"v":{"t":[0,0]}},{"k":[11,0,0,38,0],"v":{"t":[0,0]}},{"k":[12,0,0,37,0],"v":{"t":[0,0]}},{"k":[13,0,0,36,0],"v":{"t":[0,0]}},{"k":[14,0,0,35,0],"v":{"t":[0,0]}},{"k":[5,0,0,47,0],"v":{"t":[0,0]}},{"k":[6,0,0,46,0],"v":{"t":[0,0]}},{"k":[7,0,0,45,0],"v":{"t":[0,0]}},{"k":[8,0,0,44,0],"v":{"t":[0,0]}},{"k":[9,0,0,43,0],"v":{"t":[0,0]}},{"k":[10,0,0,42,0],"v":{"t":[0,0]}},{"k":[11,0,0,41,0],"v":{"t":[0,0]}},{"k":[15,0,0,37,0],"v":{"t":[0,0]}},{"k":[4,0,0,47,0],"v":{"t":[0,0]}},{"k":[5,0,0,46,0],"v":{"t":[0,0]}},{"k":[6,0,0,45,0],"v":{"t":[0,0]}},{"k":[7,0,0,44,0],"v":{"t":[0,0]}},{"k":[8,0,0,43,0],"v":{"t":[0,0]}},{"k":[9,0,0,42,0],"v":{"t":[0,0]}},{"k":[10,0,0,41,0],"v":{"t":[0,0]}},{"k":[13,0,0,38,0],"v":{"t":[0,0]}},{"k":[14,0,0,37,0],"v":{"t":[0,0]}},{"k":[15,0,0,36,0],"v":{"t":[0,0]}},{"k":[13,0,0,33,0],"v":{"t":[0,0]}},{"k":[12,0,0,34,0],"v":{"t":[0,0]}},{"k":[0,0,0,46,0],"v":{"t":[0,0]}},{"k":[1,0,0,45,0],"v":{"t":[0,0]}},{"k":[2,0,0,44,0],"v":{"t":[0,0]}},{"k":[3,0,0,43,0],"v":{"t":[0,0]}},{"k":[4,0,0,42,0],"v":{"t":[0,0]}},{"k":[5,0,0,41,0],"v":{"t":[0,0]}},{"k":[6,0,0,40,0],"v":{"t":[0,0]}},{"k":[7,0,0,39,0],"v":{"t":[0,0]}},{"k":[8,0,0,38,0],"v":{"t":[0,0]}},{"k":[9,0,0,37,0],"v":{"t":[0,0]}},{"k":[10,0,0,36,0],"v":{"t":[0,0]}},{"k":[11,0,0,35,0],"v":{"t":[0,0]}},{"k":[12,0,0,33,0],"v":{"t":[0,0]}},{"k":[11,0,0,34,0],"v":{"t":[0,0]}},{"k":[0,0,0,45,0],"v":{"t":[0,0]}},{"k":[1,0,0,44,0],"v":{"t":[0,0]}},{"k":[2,0,0,43,0],"v":{"t":[0,0]}},{"k":[3,0,0,42,0],"v":{"t":[0,0]}},{"k":[4,0,0,41,0],"v":{"t":[0,0]}},{"k":[5,0,0,40,0],"v":{"t":[0,0]}},{"k":[6,0,0,39,0],"v":{"t":[0,0]}},{"k":[7,0,0,38,0],"v":{"t":[0,0]}},{"k":[8,0,0,37,0],"v":{"t":[0,0]}},{"k":[9,0,0,36,0],"v":{"t":[0,0]}},{"k":[10,0,0,35,0],"v":{"t":[0,0]}},{"k":[14,0,0,34,0],"v":{"t":[0,0]}},{"k":[1,0,0,47,0],"v":{"t":[0,0]}},{"k":[2,0,0,46,0],"v":{"t":[0,0]}},{"k":[3,0,0,45,0],"v":{"t":[0,0]}},{"k":[4,0,0,44,0],"v":{"t":[0,0]}},{"k":[5,0,0,43,0],"v":{"t":[0,0]}},{"k":[6,0,0,42,0],"v":{"t":[0,0]}},{"k":[7,0,0,41,0],"v":{"t":[0,0]}},{"k":[8,0,0,40,0],"v":{"t":[0,0]}},{"k":[9,0,0,39,0],"v":{"t":[0,0]}},{"k":[10,0,0,38,0],"v":{"t":[0,0]}},{"k":[11,0,0,37,0],"v":{"t":[0,0]}},{"k":[12,0,0,36,0],"v":{"t":[0,0]}},{"k":[13,0,0,35,0],"v":{"t":[0,0]}},{"k":[14,0,0,33,0],"v":{"t":[0,0]}},{"k":[13,0,0,34,0],"v":{"t":[0,0]}},{"k":[0,0,0,47,0],"v":{"t":[0,0]}},{"k":[1,0,0,46,0],"v":{"t":[0,0]}},{"k":[2,0,0,45,0],"v":{"t":[0,0]}},{"k":[3,0,0,44,0],"v":{"t":[0,0]}},{"k":[4,0,0,43,0],"v":{"t":[0,0]}},{"k":[5,0,0,42,0],"v":{"t":[0,0]}},{"k":[6,0,0,41,0],"v":{"t":[0,0]}},{"k":[7,0,0,40,0],"v":{"t":[0,0]}},{"k":[8,0,0,39,0],"v":{"t":[0,0]}},{"k":[9,0,0,38,0],"v":{"t":[0,0]}},{"k":[10,0,0,37,0],"v":{"t":[0,0]}},{"k":[11,0,0,36,0],"v":{"t":[0,0]}},{"k":[12,0,0,35,0],"v":{"t":[0,0]}},{"k":[10,0,0,32,0],"v":{"t":[0,0]}},{"k":[9,0,0,33,0],"v":{"t":[0,0]}},{"k":[8,0,0,34,0],"v":{"t":[0,0]}},{"k":[0,0,0,42,0],"v":{"t":[0,0]}},{"k":[1,0,0,41,0],"v":{"t":[0,0]}},{"k":[2,0,0,40,0],"v":{"t":[0,0]}},{"k":[3,0,0,39,0],"v":{"t":[0,0]}},{"k":[4,0,0,38,0],"v":{"t":[0,0]}},{"k":[5,0,0,37,0],"v":{"t":[0,0]}},{"k":[6,0,0,36,0],"v":{"t":[0,0]}},{"k":[7,0,0,35,0],"v":{"t":[0,0]}},{"k":[9,0,0,32,0],"v":{"t":[0,0]}},{"k":[8,0,0,33,0],"v":{"t":[0,0]}},{"k":[7,0,0,34,0],"v":{"t":[0,0]}},{"k":[0,0,0,41,0],"v":{"t":[0,0]}},{"k":[1,0,0,40,0],"v":{"t":[0,0]}},{"k":[2,0,0,39,0],"v":{"t":[0,0]}},{"k":[3,0,0,38,0],"v":{"t":[0,0]}},{"k":[4,0,0,37,0],"v":{"t":[0,0]}},{"k":[5,0,0,36,0],"v":{"t":[0,0]}},{"k":[6,0,0,35,0],"v":{"t":[0,0]}},{"k":[10,0,0,34,0],"v":{"t":[0,0]}},{"k":[0,0,0,44,0],"v":{"t":[0,0]}},{"k":[1,0,0,43,0],"v":{"t":[0,0]}},{"k":[2,0,0,42,0],"v":{"t":[0,0]}},{"k":[3,0,0,41,0],"v":{"t":[0,0]}},{"k":[4,0,0,40,0],"v":{"t":[0,0]}},{"k":[5,0,0,39,0],"v":{"t":[0,0]}},{"k":[6,0,0,38,0],"v":{"t":[0,0]}},{"k":[7,0,0,37,0],"v":{"t":[0,0]}},{"k":[8,0,0,36,0],"v":{"t":[0,0]}},{"k":[9,0,0,35,0],"v":{"t":[0,0]}},{"k":[10,0,0,33,0],"v":{"t":[0,0]}},{"k":[9,0,0,34,0],"v":{"t":[0,0]}},{"k":[0,0,0,43,0],"v":{"t":[0,0]}},{"k":[1,0,0,42,0],"v":{"t":[0,0]}},{"k":[2,0,0,41,0],"v":{"t":[0,0]}},{"k":[3,0,0,40,0],"v":{"t":[0,0]}},{"k":[4,0,0,39,0],"v":{"t":[0,0]}},{"k":[5,0,0,38,0],"v":{"t":[0,0]}},{"k":[6,0,0,37,0],"v":{"t":[0,0]}},{"k":[7,0,0,36,0],"v":{"t":[0,0]}},{"k":[8,0,0,35,0],"v":{"t":[0,0]}},{"k":[6,0,0,32,0],"v":{"t":[0,0]}},{"k":[5,0,0,33,0],"v":{"t":[0,0]}},{"k":[4,0,0,34,0],"v":{"t":[0,0]}},{"k":[0,0,0,38,0],"v":{"t":[0,0]}},{"k":[1,0,0,37,0],"v":{"t":[0,0]}},{"k":[2,0,0,36,0],"v":{"t":[0,0]}},{"k":[3,0,0,35,0],"v":{"t":[0,0]}},{"k":[5,0,0,32,0],"v":{"t":[0,0]}},{"k":[4,0,0,33,0],"v":{"t":[0,0]}},{"k":[3,0,0,34,0],"v":{"t":[0,0]}},{"k":[0,0,0,37,0],"v":{"t":[0,0]}},{"k":[1,0,0,36,0],"v":{"t":[0,0]}},{"k":[2,0,0,35,0],"v":{"t":[0,0]}},{"k":[8,0,0,32,0],"v":{"t":[0,0]}},{"k":[7,0,0,33,0],"v":{"t":[0,0]}},{"k":[6,0,0,34,0],"v":{"t":[0,0]}},{"k":[0,0,0,40,0],"v":{"t":[0,0]}},{"k":[1,0,0,39,0],"v":{"t":[0,0]}},{"k":[2,0,0,38,0],"v":{"t":[0,0]}},{"k":[3,0,0,37,0],"v":{"t":[0,0]}},{"k":[4,0,0,36,0],"v":{"t":[0,0]}},{"k":[5,0,0,35,0],"v":{"t":[0,0]}},{"k":[7,0,0,32,0],"v":{"t":[0,0]}},{"k":[6,0,0,33,0],"v":{"t":[0,0]}},{"k":[5,0,0,34,0],"v":{"t":[0,0]}},{"k":[0,0,0,39,0],"v":{"t":[0,0]}},{"k":[1,0,0,38,0],"v":{"t":[0,0]}},{"k":[2,0,0,37,0],"v":{"t":[0,0]}},{"k":[3,0,0,36,0],"v":{"t":[0,0]}},{"k":[4,0,0,35,0],"v":{"t":[0,0]}},{"k":[2,0,0,32,0],"v":{"t":[0,0]}},{"k":[1,0,0,33,0],"v":{"t":[0,0]}},{"k":[0,0,0,34,0],"v":{"t":[0,0]}},{"k":[1,0,0,32,0],"v":{"t":[0,0]}},{"k":[0,0,0,33,0],"v":{"t":[0,0]}},{"k":[4,0,0,32,0],"v":{"t":[0,0]}},{"k":[3,0,0,33,0],"v":{"t":[0,0]}},{"k":[2,0,0,34,0],"v":{"t":[0,0]}},{"k":[0,0,0,36,0],"v":{"t":[0,0]}},{"k":[1,0,0,35,0],"v":{"t":[0,0]}},{"k":[3,0,0,32,0],"v":{"t":[0,0]}},{"k":[2,0,0,33,0],"v":{"t":[0,0]}},{"k":[1,0,0,34,0],"v":{"t":[0,0]}},{"k":[0,0,0,35,0],"v":{"t":[0,0]}},{"k":[0,0,0,32,0],"v":{"t":[0,0]}},{"k":[15,0,0,47,0],"v":{"t":[0,0]}},{"k":[14,0,0,47,0],"v":{"t":[0,0]}},{"k":[15,0,0,46,0],"v":{"t":[0,0]}},{"k":[11,0,0,47,0],"v":{"t":[0,0]}},{"k":[10,0,0,47,0],"v":{"t":[0,0]}},{"k":[11,0,0,46,0],"v":{"t":[0,0]}},{"k":[12,0,0,45,0],"v":{"t":[0,0]}},{"k":[13,0,0,44,0],"v":{"t":[0,0]}},{"k":[14,0,0,43,0],"v":{"t":[0,0]}},{"k":[14,0,0,46,0],"v":{"t":[0,0]}},{"k":[15,0,0,45,0],"v":{"t":[0,0]}},{"k":[12,0,0,47,0],"v":{"t":[0,0]}}]},"moun":{"a":[],"o":[]},"objs":{"list":[]},"objs3d":{"a":[{"k":[9,0,0,33,0,50,50,80],"v":{"did":46}},{"k":[9,0,0,41,0,50,50,90],"v":{"did":46}}],"o":[[9,0,0,30,0],[18,0,0,38,0],[18,0,0,46,0],[18,0,0,30,0,50,50,180],[10,0,0,21,0,50,50,60]]},"sprites":{"list":[{"k":[3,0,0,36,0],"v":{"k":4,"t":[6,8,1,1]}},{"k":[15,0,0,47,0],"v":{"f":false,"k":4,"t":[7,7,1,1]}},{"k":[0,0,0,33,0],"v":{"k":4,"t":[6,8,1,1]}},{"k":[4,0,0,32,0],"v":{"f":false,"k":6,"t":[0,1,2,2]}},{"k":[1,0,0,35,0],"v":{"k":4,"t":[6,8,1,1]}},{"k":[13,0,0,44,0],"v":{"f":false,"k":4,"t":[7,7,1,1]}},{"k":[12,0,0,42,0],"v":{"f":false,"k":4,"t":[7,7,1,1]}},{"k":[14,0,0,42,0],"v":{"f":false,"k":4,"t":[7,7,1,1]}},{"k":[15,0,0,40,0],"v":{"k":4,"t":[7,7,1,1]}},{"k":[3,0,0,47,0],"v":{"k":4,"t":[6,8,1,1]}},{"k":[4,0,0,45,0],"v":{"f":false,"k":6,"t":[0,1,2,2]}},{"k":[12,0,0,37,0],"v":{"k":4,"t":[7,7,1,1]}},{"k":[2,0,0,47,0],"v":{"k":4,"t":[6,8,1,1]}},{"k":[7,0,0,45,0],"v":{"f":false,"k":6,"t":[0,1,2,2]}},{"k":[15,0,0,36,0],"v":{"k":4,"t":[7,7,1,1]}},{"k":[5,0,0,46,0],"v":{"k":4,"t":[6,8,1,1]}},{"k":[1,0,0,45,0],"v":{"f":false,"k":6,"t":[0,1,2,2]}},{"k":[0,0,0,46,0],"v":{"k":4,"t":[7,8,1,1]}},{"k":[6,0,0,40,0],"v":{"k":4,"t":[6,8,1,1]}},{"k":[2,0,0,43,0],"v":{"k":4,"t":[7,8,1,1]}},{"k":[5,0,0,42,0],"v":{"k":4,"t":[6,8,1,1]}},{"k":[5,0,0,37,0],"v":{"f":false,"k":6,"t":[0,1,2,2]}},{"k":[3,0,0,41,0],"v":{"f":false,"k":6,"t":[0,1,2,2]}},{"k":[5,0,0,39,0],"v":{"k":4,"t":[7,8,1,1]}},{"k":[1,0,0,42,0],"v":{"f":false,"k":6,"t":[0,1,2,2]}},{"k":[4,0,0,39,0],"v":{"k":4,"t":[6,8,1,1]}},{"k":[0,0,0,38,0],"v":{"k":4,"t":[6,8,1,1]}},{"k":[5,0,0,33,0],"v":{"k":4,"t":[6,8,1,1]}},{"k":[3,0,0,34,0],"v":{"f":false,"k":6,"t":[0,1,2,2]}},{"k":[2,0,0,38,0],"v":{"f":false,"k":6,"t":[0,1,2,2]}}],"overflow":[],"walls":[]}}