{"lands":{"autotiles":[],"floors":[{"k":[4,0,0,50,0],"v":{"t":[0,0]}},{"k":[5,0,0,49,0],"v":{"t":[0,0]}},{"k":[6,0,0,48,0],"v":{"t":[0,0]}},{"k":[3,0,0,51,0],"v":{"t":[0,0]}},{"k":[2,0,0,52,0],"v":{"t":[0,0]}},{"k":[1,0,0,53,0],"v":{"t":[0,0]}},{"k":[0,0,0,54,0],"v":{"t":[0,0]}},{"k":[3,0,0,50,0],"v":{"t":[0,0]}},{"k":[4,0,0,49,0],"v":{"t":[0,0]}},{"k":[5,0,0,48,0],"v":{"t":[0,0]}},{"k":[2,0,0,51,0],"v":{"t":[0,0]}},{"k":[1,0,0,52,0],"v":{"t":[0,0]}},{"k":[0,0,0,53,0],"v":{"t":[0,0]}},{"k":[6,0,0,50,0],"v":{"t":[0,0]}},{"k":[7,0,0,49,0],"v":{"t":[0,0]}},{"k":[8,0,0,48,0],"v":{"t":[0,0]}},{"k":[5,0,0,51,0],"v":{"t":[0,0]}},{"k":[4,0,0,52,0],"v":{"t":[0,0]}},{"k":[3,0,0,53,0],"v":{"t":[0,0]}},{"k":[2,0,0,54,0],"v":{"t":[0,0]}},{"k":[1,0,0,55,0],"v":{"t":[0,0]}},{"k":[0,0,0,56,0],"v":{"t":[0,0]}},{"k":[5,0,0,50,0],"v":{"t":[0,0]}},{"k":[6,0,0,49,0],"v":{"t":[0,0]}},{"k":[7,0,0,48,0],"v":{"t":[0,0]}},{"k":[4,0,0,51,0],"v":{"t":[0,0]}},{"k":[3,0,0,52,0],"v":{"t":[0,0]}},{"k":[2,0,0,53,0],"v":{"t":[0,0]}},{"k":[1,0,0,54,0],"v":{"t":[0,0]}},{"k":[0,0,0,55,0],"v":{"t":[0,0]}},{"k":[0,0,0,50,0],"v":{"t":[0,0]}},{"k":[1,0,0,49,0],"v":{"t":[0,0]}},{"k":[2,0,0,48,0],"v":{"t":[0,0]}},{"k":[0,0,0,49,0],"v":{"t":[0,0]}},{"k":[1,0,0,48,0],"v":{"t":[0,0]}},{"k":[2,0,0,50,0],"v":{"t":[0,0]}},{"k":[3,0,0,49,0],"v":{"t":[0,0]}},{"k":[4,0,0,48,0],"v":{"t":[0,0]}},{"k":[1,0,0,51,0],"v":{"t":[0,0]}},{"k":[0,0,0,52,0],"v":{"t":[0,0]}},{"k":[1,0,0,50,0],"v":{"t":[0,0]}},{"k":[2,0,0,49,0],"v":{"t":[0,0]}},{"k":[3,0,0,48,0],"v":{"t":[0,0]}},{"k":[0,0,0,51,0],"v":{"t":[0,0]}},{"k":[0,0,0,48,0],"v":{"t":[0,0]}},{"k":[15,0,0,59,0],"v":{"t":[0,0]}},{"k":[15,0,0,58,0],"v":{"t":[0,0]}},{"k":[14,0,0,59,0],"v":{"t":[0,0]}},{"k":[15,0,0,55,0],"v":{"t":[0,0]}},{"k":[14,0,0,56,0],"v":{"t":[0,0]}},{"k":[13,0,0,57,0],"v":{"t":[0,0]}},{"k":[12,0,0,58,0],"v":{"t":[0,0]}},{"k":[11,0,0,59,0],"v":{"t":[0,0]}},{"k":[15,0,0,54,0],"v":{"t":[0,0]}},{"k":[14,0,0,55,0],"v":{"t":[0,0]}},{"k":[13,0,0,56,0],"v":{"t":[0,0]}},{"k":[12,0,0,57,0],"v":{"t":[0,0]}},{"k":[11,0,0,58,0],"v":{"t":[0,0]}},{"k":[10,0,0,59,0],"v":{"t":[0,0]}},{"k":[15,0,0,57,0],"v":{"t":[0,0]}},{"k":[14,0,0,58,0],"v":{"t":[0,0]}},{"k":[13,0,0,59,0],"v":{"t":[0,0]}},{"k":[15,0,0,56,0],"v":{"t":[0,0]}},{"k":[14,0,0,57,0],"v":{"t":[0,0]}},{"k":[13,0,0,58,0],"v":{"t":[0,0]}},{"k":[12,0,0,59,0],"v":{"t":[0,0]}},{"k":[15,0,0,51,0],"v":{"t":[0,0]}},{"k":[14,0,0,52,0],"v":{"t":[0,0]}},{"k":[13,0,0,53,0],"v":{"t":[0,0]}},{"k":[12,0,0,54,0],"v":{"t":[0,0]}},{"k":[11,0,0,55,0],"v":{"t":[0,0]}},{"k":[10,0,0,56,0],"v":{"t":[0,0]}},{"k":[9,0,0,57,0],"v":{"t":[0,0]}},{"k":[8,0,0,58,0],"v":{"t":[0,0]}},{"k":[7,0,0,59,0],"v":{"t":[0,0]}},{"k":[15,0,0,50,0],"v":{"t":[0,0]}},{"k":[14,0,0,51,0],"v":{"t":[0,0]}},{"k":[13,0,0,52,0],"v":{"t":[0,0]}},{"k":[12,0,0,53,0],"v":{"t":[0,0]}},{"k":[11,0,0,54,0],"v":{"t":[0,0]}},{"k":[10,0,0,55,0],"v":{"t":[0,0]}},{"k":[9,0,0,56,0],"v":{"t":[0,0]}},{"k":[8,0,0,57,0],"v":{"t":[0,0]}},{"k":[7,0,0,58,0],"v":{"t":[0,0]}},{"k":[6,0,0,59,0],"v":{"t":[0,0]}},{"k":[15,0,0,53,0],"v":{"t":[0,0]}},{"k":[14,0,0,54,0],"v":{"t":[0,0]}},{"k":[13,0,0,55,0],"v":{"t":[0,0]}},{"k":[12,0,0,56,0],"v":{"t":[0,0]}},{"k":[11,0,0,57,0],"v":{"t":[0,0]}},{"k":[10,0,0,58,0],"v":{"t":[0,0]}},{"k":[9,0,0,59,0],"v":{"t":[0,0]}},{"k":[15,0,0,52,0],"v":{"t":[0,0]}},{"k":[14,0,0,53,0],"v":{"t":[0,0]}},{"k":[13,0,0,54,0],"v":{"t":[0,0]}},{"k":[12,0,0,55,0],"v":{"t":[0,0]}},{"k":[11,0,0,56,0],"v":{"t":[0,0]}},{"k":[10,0,0,57,0],"v":{"t":[0,0]}},{"k":[9,0,0,58,0],"v":{"t":[0,0]}},{"k":[8,0,0,59,0],"v":{"t":[0,0]}},{"k":[12,0,0,50,0],"v":{"t":[0,0]}},{"k":[13,0,0,49,0],"v":{"t":[0,0]}},{"k":[14,0,0,48,0],"v":{"t":[0,0]}},{"k":[11,0,0,51,0],"v":{"t":[0,0]}},{"k":[10,0,0,52,0],"v":{"t":[0,0]}},{"k":[9,0,0,53,0],"v":{"t":[0,0]}},{"k":[8,0,0,54,0],"v":{"t":[0,0]}},{"k":[7,0,0,55,0],"v":{"t":[0,0]}},{"k":[6,0,0,56,0],"v":{"t":[0,0]}},{"k":[5,0,0,57,0],"v":{"t":[0,0]}},{"k":[4,0,0,58,0],"v":{"t":[0,0]}},{"k":[3,0,0,59,0],"v":{"t":[0,0]}},{"k":[11,0,0,50,0],"v":{"t":[0,0]}},{"k":[12,0,0,49,0],"v":{"t":[0,0]}},{"k":[13,0,0,48,0],"v":{"t":[0,0]}},{"k":[10,0,0,51,0],"v":{"t":[0,0]}},{"k":[9,0,0,52,0],"v":{"t":[0,0]}},{"k":[8,0,0,53,0],"v":{"t":[0,0]}},{"k":[7,0,0,54,0],"v":{"t":[0,0]}},{"k":[6,0,0,55,0],"v":{"t":[0,0]}},{"k":[5,0,0,56,0],"v":{"t":[0,0]}},{"k":[4,0,0,57,0],"v":{"t":[0,0]}},{"k":[3,0,0,58,0],"v":{"t":[0,0]}},{"k":[2,0,0,59,0],"v":{"t":[0,0]}},{"k":[14,0,0,50,0],"v":{"t":[0,0]}},{"k":[15,0,0,49,0],"v":{"t":[0,0]}},{"k":[13,0,0,51,0],"v":{"t":[0,0]}},{"k":[12,0,0,52,0],"v":{"t":[0,0]}},{"k":[11,0,0,53,0],"v":{"t":[0,0]}},{"k":[10,0,0,54,0],"v":{"t":[0,0]}},{"k":[9,0,0,55,0],"v":{"t":[0,0]}},{"k":[8,0,0,56,0],"v":{"t":[0,0]}},{"k":[7,0,0,57,0],"v":{"t":[0,0]}},{"k":[6,0,0,58,0],"v":{"t":[0,0]}},{"k":[5,0,0,59,0],"v":{"t":[0,0]}},{"k":[13,0,0,50,0],"v":{"t":[0,0]}},{"k":[14,0,0,49,0],"v":{"t":[0,0]}},{"k":[15,0,0,48,0],"v":{"t":[0,0]}},{"k":[12,0,0,51,0],"v":{"t":[0,0]}},{"k":[11,0,0,52,0],"v":{"t":[0,0]}},{"k":[10,0,0,53,0],"v":{"t":[0,0]}},{"k":[9,0,0,54,0],"v":{"t":[0,0]}},{"k":[8,0,0,55,0],"v":{"t":[0,0]}},{"k":[7,0,0,56,0],"v":{"t":[0,0]}},{"k":[6,0,0,57,0],"v":{"t":[0,0]}},{"k":[5,0,0,58,0],"v":{"t":[0,0]}},{"k":[4,0,0,59,0],"v":{"t":[0,0]}},{"k":[8,0,0,50,0],"v":{"t":[0,0]}},{"k":[9,0,0,49,0],"v":{"t":[0,0]}},{"k":[10,0,0,48,0],"v":{"t":[0,0]}},{"k":[7,0,0,51,0],"v":{"t":[0,0]}},{"k":[6,0,0,52,0],"v":{"t":[0,0]}},{"k":[5,0,0,53,0],"v":{"t":[0,0]}},{"k":[4,0,0,54,0],"v":{"t":[0,0]}},{"k":[3,0,0,55,0],"v":{"t":[0,0]}},{"k":[2,0,0,56,0],"v":{"t":[0,0]}},{"k":[1,0,0,57,0],"v":{"t":[0,0]}},{"k":[0,0,0,58,0],"v":{"t":[0,0]}},{"k":[7,0,0,50,0],"v":{"t":[0,0]}},{"k":[8,0,0,49,0],"v":{"t":[0,0]}},{"k":[9,0,0,48,0],"v":{"t":[0,0]}},{"k":[6,0,0,51,0],"v":{"t":[0,0]}},{"k":[5,0,0,52,0],"v":{"t":[0,0]}},{"k":[4,0,0,53,0],"v":{"t":[0,0]}},{"k":[3,0,0,54,0],"v":{"t":[0,0]}},{"k":[2,0,0,55,0],"v":{"t":[0,0]}},{"k":[1,0,0,56,0],"v":{"t":[0,0]}},{"k":[0,0,0,57,0],"v":{"t":[0,0]}},{"k":[10,0,0,50,0],"v":{"t":[0,0]}},{"k":[11,0,0,49,0],"v":{"t":[0,0]}},{"k":[12,0,0,48,0],"v":{"t":[0,0]}},{"k":[9,0,0,51,0],"v":{"t":[0,0]}},{"k":[8,0,0,52,0],"v":{"t":[0,0]}},{"k":[7,0,0,53,0],"v":{"t":[0,0]}},{"k":[6,0,0,54,0],"v":{"t":[0,0]}},{"k":[5,0,0,55,0],"v":{"t":[0,0]}},{"k":[4,0,0,56,0],"v":{"t":[0,0]}},{"k":[3,0,0,57,0],"v":{"t":[0,0]}},{"k":[2,0,0,58,0],"v":{"t":[0,0]}},{"k":[1,0,0,59,0],"v":{"t":[0,0]}},{"k":[9,0,0,50,0],"v":{"t":[0,0]}},{"k":[10,0,0,49,0],"v":{"t":[0,0]}},{"k":[11,0,0,48,0],"v":{"t":[0,0]}},{"k":[8,0,0,51,0],"v":{"t":[0,0]}},{"k":[7,0,0,52,0],"v":{"t":[0,0]}},{"k":[6,0,0,53,0],"v":{"t":[0,0]}},{"k":[5,0,0,54,0],"v":{"t":[0,0]}},{"k":[4,0,0,55,0],"v":{"t":[0,0]}},{"k":[3,0,0,56,0],"v":{"t":[0,0]}},{"k":[2,0,0,57,0],"v":{"t":[0,0]}},{"k":[1,0,0,58,0],"v":{"t":[0,0]}},{"k":[0,0,0,59,0],"v":{"t":[0,0]}}]},"moun":{"a":[],"o":[]},"objs":{"list":[]},"objs3d":{"a":[{"k":[11,0,0,49,0,50,50,130],"v":{"did":46}}],"o":[]},"sprites":{"list":[{"k":[8,0,0,54,0],"v":{"f":false,"k":6,"t":[0,1,2,2]}},{"k":[11,0,0,51,0],"v":{"k":4,"t":[6,8,1,1]}},{"k":[8,0,0,56,0],"v":{"k":4,"t":[6,8,1,1]}},{"k":[10,0,0,54,0],"v":{"k":4,"t":[6,8,1,1]}},{"k":[6,0,0,57,0],"v":{"f":false,"k":6,"t":[0,1,2,2]}},{"k":[4,0,0,59,0],"v":{"k":6,"t":[0,1,2,2]}},{"k":[1,0,0,57,0],"v":{"f":false,"k":6,"t":[0,1,2,2]}},{"k":[3,0,0,54,0],"v":{"f":false,"k":6,"t":[0,1,2,2]}},{"k":[3,0,0,57,0],"v":{"f":false,"k":6,"t":[0,1,2,2]}},{"k":[9,0,0,51,0],"v":{"k":6,"t":[0,1,2,2]}},{"k":[2,0,0,58,0],"v":{"k":4,"t":[7,8,1,1]}},{"k":[5,0,0,55,0],"v":{"k":4,"t":[7,8,1,1]}},{"k":[6,0,0,53,0],"v":{"f":false,"k":6,"t":[0,1,2,2]}},{"k":[0,0,0,59,0],"v":{"k":6,"t":[0,1,2,2]}},{"k":[5,0,0,49,0],"v":{"f":false,"k":6,"t":[0,1,2,2]}},{"k":[2,0,0,51,0],"v":{"f":false,"k":6,"t":[0,1,2,2]}},{"k":[6,0,0,50,0],"v":{"k":4,"t":[7,8,1,1]}},{"k":[7,0,0,49,0],"v":{"k":4,"t":[6,8,1,1]}},{"k":[4,0,0,51,0],"v":{"k":4,"t":[6,8,1,1]}},{"k":[3,0,0,52,0],"v":{"k":4,"t":[7,8,1,1]}},{"k":[0,0,0,55,0],"v":{"k":4,"t":[7,8,1,1]}},{"k":[1,0,0,54,0],"v":{"k":4,"t":[6,8,1,1]}},{"k":[1,0,0,49,0],"v":{"f":false,"k":6,"t":[0,1,2,2]}},{"k":[0,0,0,52,0],"v":{"k":6,"t":[0,1,2,2]}},{"k":[3,0,0,48,0],"v":{"k":4,"t":[6,8,1,1]}},{"k":[14,0,0,59,0],"v":{"k":4,"t":[7,8,1,1]}},{"k":[11,0,0,59,0],"v":{"k":4,"t":[6,8,1,1]}},{"k":[13,0,0,58,0],"v":{"k":6,"t":[0,1,2,2]}},{"k":[10,0,0,56,0],"v":{"f":false,"k":4,"t":[7,8,1,1]}},{"k":[15,0,0,50,0],"v":{"f":false,"k":6,"t":[0,1,2,2]}},{"k":[12,0,0,53,0],"v":{"k":4,"t":[6,8,1,1]}},{"k":[13,0,0,55,0],"v":{"f":false,"k":6,"t":[0,1,2,2]}},{"k":[15,0,0,53,0],"v":{"f":false,"k":6,"t":[0,1,2,2]}},{"k":[10,0,0,58,0],"v":{"k":6,"t":[0,1,2,2]}},{"k":[8,0,0,59,0],"v":{"k":6,"t":[0,1,2,2]}}],"overflow":[],"walls":[]}}