{"lands":{"autotiles":[],"floors":[{"k":[16,0,0,6,0],"v":{"t":[0,0]}},{"k":[17,0,0,5,0],"v":{"t":[0,0]}},{"k":[18,0,0,4,0],"v":{"t":[0,0]}},{"k":[19,0,0,3,0],"v":{"t":[0,0]}},{"k":[20,0,0,2,0],"v":{"t":[0,0]}},{"k":[21,0,0,1,0],"v":{"t":[0,0]}},{"k":[22,0,0,0,0],"v":{"t":[0,0]}},{"k":[17,5,0,0,0],"v":{"t":[0,0]}},{"k":[17,4,0,1,0],"v":{"t":[0,0]}},{"k":[17,3,0,2,0],"v":{"t":[0,0]}},{"k":[16,0,0,5,0],"v":{"t":[0,0]}},{"k":[17,0,0,4,0],"v":{"t":[0,0]}},{"k":[18,0,0,3,0],"v":{"t":[0,0]}},{"k":[19,0,0,2,0],"v":{"t":[0,0]}},{"k":[20,0,0,1,0],"v":{"t":[0,0]}},{"k":[21,0,0,0,0],"v":{"t":[0,0]}},{"k":[16,5,0,0,0],"v":{"t":[0,0]}},{"k":[16,4,0,1,0],"v":{"t":[0,0]}},{"k":[17,1,0,3,0],"v":{"t":[0,0]}},{"k":[18,0,0,6,0],"v":{"t":[0,0]}},{"k":[17,0,0,7,0],"v":{"t":[0,0]}},{"k":[16,0,0,8,0],"v":{"t":[0,0]}},{"k":[19,0,0,5,0],"v":{"t":[0,0]}},{"k":[20,0,0,4,0],"v":{"t":[0,0]}},{"k":[21,0,0,3,0],"v":{"t":[0,0]}},{"k":[22,0,0,2,0],"v":{"t":[0,0]}},{"k":[23,0,0,1,0],"v":{"t":[0,0]}},{"k":[24,0,0,0,0],"v":{"t":[0,0]}},{"k":[19,5,0,0,0],"v":{"t":[0,0]}},{"k":[19,4,0,1,0],"v":{"t":[0,0]}},{"k":[19,3,0,2,0],"v":{"t":[0,0]}},{"k":[20,1,0,3,0],"v":{"t":[0,0]}},{"k":[17,0,0,6,0],"v":{"t":[0,0]}},{"k":[16,0,0,7,0],"v":{"t":[0,0]}},{"k":[18,0,0,5,0],"v":{"t":[0,0]}},{"k":[19,0,0,4,0],"v":{"t":[0,0]}},{"k":[20,0,0,3,0],"v":{"t":[0,0]}},{"k":[21,0,0,2,0],"v":{"t":[0,0]}},{"k":[22,0,0,1,0],"v":{"t":[0,0]}},{"k":[23,0,0,0,0],"v":{"t":[0,0]}},{"k":[18,5,0,0,0],"v":{"t":[0,0]}},{"k":[18,4,0,1,0],"v":{"t":[0,0]}},{"k":[18,3,0,2,0],"v":{"t":[0,0]}},{"k":[19,1,0,3,0],"v":{"t":[0,0]}},{"k":[16,0,0,2,0],"v":{"t":[0,0]}},{"k":[17,0,0,1,0],"v":{"t":[0,0]}},{"k":[18,0,0,0,0],"v":{"t":[0,0]}},{"k":[16,0,0,1,0],"v":{"t":[0,0]}},{"k":[17,0,0,0,0],"v":{"t":[0,0]}},{"k":[16,0,0,4,0],"v":{"t":[0,0]}},{"k":[17,0,0,3,0],"v":{"t":[0,0]}},{"k":[18,0,0,2,0],"v":{"t":[0,0]}},{"k":[19,0,0,1,0],"v":{"t":[0,0]}},{"k":[20,0,0,0,0],"v":{"t":[0,0]}},{"k":[16,2,0,2,0],"v":{"t":[0,0]}},{"k":[16,1,0,3,0],"v":{"t":[0,0]}},{"k":[16,0,0,3,0],"v":{"t":[0,0]}},{"k":[17,0,0,2,0],"v":{"t":[0,0]}},{"k":[18,0,0,1,0],"v":{"t":[0,0]}},{"k":[19,0,0,0,0],"v":{"t":[0,0]}},{"k":[16,0,0,0,0],"v":{"t":[0,0]}},{"k":[31,0,0,15,0],"v":{"t":[0,0]}},{"k":[31,0,0,14,0],"v":{"t":[0,0]}},{"k":[30,0,0,15,0],"v":{"t":[0,0]}},{"k":[31,0,0,11,0],"v":{"t":[0,0]}},{"k":[30,0,0,12,0],"v":{"t":[0,0]}},{"k":[29,0,0,13,0],"v":{"t":[0,0]}},{"k":[28,0,0,14,0],"v":{"t":[0,0]}},{"k":[27,0,0,15,0],"v":{"t":[0,0]}},{"k":[31,0,0,10,0],"v":{"t":[0,0]}},{"k":[30,0,0,11,0],"v":{"t":[0,0]}},{"k":[29,0,0,12,0],"v":{"t":[0,0]}},{"k":[28,0,0,13,0],"v":{"t":[0,0]}},{"k":[27,0,0,14,0],"v":{"t":[0,0]}},{"k":[26,0,0,15,0],"v":{"t":[0,0]}},{"k":[31,0,0,13,0],"v":{"t":[0,0]}},{"k":[30,0,0,14,0],"v":{"t":[0,0]}},{"k":[29,0,0,15,0],"v":{"t":[0,0]}},{"k":[31,0,0,12,0],"v":{"t":[0,0]}},{"k":[30,0,0,13,0],"v":{"t":[0,0]}},{"k":[29,0,0,14,0],"v":{"t":[0,0]}},{"k":[28,0,0,15,0],"v":{"t":[0,0]}},{"k":[31,0,0,7,0],"v":{"t":[0,0]}},{"k":[30,0,0,8,0],"v":{"t":[0,0]}},{"k":[29,0,0,9,0],"v":{"t":[0,0]}},{"k":[28,0,0,10,0],"v":{"t":[0,0]}},{"k":[27,0,0,11,0],"v":{"t":[0,0]}},{"k":[26,0,0,12,0],"v":{"t":[0,0]}},{"k":[25,0,0,13,0],"v":{"t":[0,0]}},{"k":[24,0,0,14,0],"v":{"t":[0,0]}},{"k":[23,0,0,15,0],"v":{"t":[0,0]}},{"k":[31,0,0,6,0],"v":{"t":[0,0]}},{"k":[30,0,0,7,0],"v":{"t":[0,0]}},{"k":[29,0,0,8,0],"v":{"t":[0,0]}},{"k":[28,0,0,9,0],"v":{"t":[0,0]}},{"k":[27,0,0,10,0],"v":{"t":[0,0]}},{"k":[26,0,0,11,0],"v":{"t":[0,0]}},{"k":[25,0,0,12,0],"v":{"t":[0,0]}},{"k":[24,0,0,13,0],"v":{"t":[0,0]}},{"k":[23,0,0,14,0],"v":{"t":[0,0]}},{"k":[22,0,0,15,0],"v":{"t":[0,0]}},{"k":[31,0,0,9,0],"v":{"t":[0,0]}},{"k":[30,0,0,10,0],"v":{"t":[0,0]}},{"k":[29,0,0,11,0],"v":{"t":[0,0]}},{"k":[28,0,0,12,0],"v":{"t":[0,0]}},{"k":[27,0,0,13,0],"v":{"t":[0,0]}},{"k":[26,0,0,14,0],"v":{"t":[0,0]}},{"k":[25,0,0,15,0],"v":{"t":[0,0]}},{"k":[31,0,0,8,0],"v":{"t":[0,0]}},{"k":[30,0,0,9,0],"v":{"t":[0,0]}},{"k":[29,0,0,10,0],"v":{"t":[0,0]}},{"k":[28,0,0,11,0],"v":{"t":[0,0]}},{"k":[27,0,0,12,0],"v":{"t":[0,0]}},{"k":[26,0,0,13,0],"v":{"t":[0,0]}},{"k":[25,0,0,14,0],"v":{"t":[0,0]}},{"k":[24,0,0,15,0],"v":{"t":[0,0]}},{"k":[28,0,0,6,0],"v":{"t":[0,0]}},{"k":[27,0,0,7,0],"v":{"t":[0,0]}},{"k":[26,0,0,8,0],"v":{"t":[0,0]}},{"k":[25,0,0,9,0],"v":{"t":[0,0]}},{"k":[24,0,0,10,0],"v":{"t":[0,0]}},{"k":[23,0,0,11,0],"v":{"t":[0,0]}},{"k":[22,0,0,12,0],"v":{"t":[0,0]}},{"k":[21,0,0,13,0],"v":{"t":[0,0]}},{"k":[20,0,0,14,0],"v":{"t":[0,0]}},{"k":[19,0,0,15,0],"v":{"t":[0,0]}},{"k":[29,0,0,5,0],"v":{"t":[0,0]}},{"k":[30,0,0,4,0],"v":{"t":[0,0]}},{"k":[31,0,0,3,0],"v":{"t":[0,0]}},{"k":[28,6,0,0,0],"v":{"t":[0,0]}},{"k":[29,4,0,1,0],"v":{"t":[0,0]}},{"k":[29,3,0,2,0],"v":{"t":[0,0]}},{"k":[30,1,0,3,0],"v":{"t":[0,0]}},{"k":[27,0,0,6,0],"v":{"t":[0,0]}},{"k":[26,0,0,7,0],"v":{"t":[0,0]}},{"k":[25,0,0,8,0],"v":{"t":[0,0]}},{"k":[24,0,0,9,0],"v":{"t":[0,0]}},{"k":[23,0,0,10,0],"v":{"t":[0,0]}},{"k":[22,0,0,11,0],"v":{"t":[0,0]}},{"k":[21,0,0,12,0],"v":{"t":[0,0]}},{"k":[20,0,0,13,0],"v":{"t":[0,0]}},{"k":[19,0,0,14,0],"v":{"t":[0,0]}},{"k":[18,0,0,15,0],"v":{"t":[0,0]}},{"k":[28,0,0,5,0],"v":{"t":[0,0]}},{"k":[29,0,0,4,0],"v":{"t":[0,0]}},{"k":[30,0,0,3,0],"v":{"t":[0,0]}},{"k":[31,0,0,2,0],"v":{"t":[0,0]}},{"k":[28,4,0,1,0],"v":{"t":[0,0]}},{"k":[28,3,0,2,0],"v":{"t":[0,0]}},{"k":[29,1,0,3,0],"v":{"t":[0,0]}},{"k":[30,0,0,6,0],"v":{"t":[0,0]}},{"k":[29,0,0,7,0],"v":{"t":[0,0]}},{"k":[28,0,0,8,0],"v":{"t":[0,0]}},{"k":[27,0,0,9,0],"v":{"t":[0,0]}},{"k":[26,0,0,10,0],"v":{"t":[0,0]}},{"k":[25,0,0,11,0],"v":{"t":[0,0]}},{"k":[24,0,0,12,0],"v":{"t":[0,0]}},{"k":[23,0,0,13,0],"v":{"t":[0,0]}},{"k":[22,0,0,14,0],"v":{"t":[0,0]}},{"k":[21,0,0,15,0],"v":{"t":[0,0]}},{"k":[31,0,0,5,0],"v":{"t":[0,0]}},{"k":[30,6,0,0,0],"v":{"t":[0,0]}},{"k":[31,5,0,0,0],"v":{"t":[0,0]}},{"k":[31,4,0,1,0],"v":{"t":[0,0]}},{"k":[31,3,0,2,0],"v":{"t":[0,0]}},{"k":[29,0,0,6,0],"v":{"t":[0,0]}},{"k":[28,0,0,7,0],"v":{"t":[0,0]}},{"k":[27,0,0,8,0],"v":{"t":[0,0]}},{"k":[26,0,0,9,0],"v":{"t":[0,0]}},{"k":[25,0,0,10,0],"v":{"t":[0,0]}},{"k":[24,0,0,11,0],"v":{"t":[0,0]}},{"k":[23,0,0,12,0],"v":{"t":[0,0]}},{"k":[22,0,0,13,0],"v":{"t":[0,0]}},{"k":[21,0,0,14,0],"v":{"t":[0,0]}},{"k":[20,0,0,15,0],"v":{"t":[0,0]}},{"k":[30,0,0,5,0],"v":{"t":[0,0]}},{"k":[31,0,0,4,0],"v":{"t":[0,0]}},{"k":[29,6,0,0,0],"v":{"t":[0,0]}},{"k":[30,4,0,1,0],"v":{"t":[0,0]}},{"k":[30,3,0,2,0],"v":{"t":[0,0]}},{"k":[24,0,0,6,0],"v":{"t":[0,0]}},{"k":[23,0,0,7,0],"v":{"t":[0,0]}},{"k":[22,0,0,8,0],"v":{"t":[0,0]}},{"k":[21,0,0,9,0],"v":{"t":[0,0]}},{"k":[20,0,0,10,0],"v":{"t":[0,0]}},{"k":[19,0,0,11,0],"v":{"t":[0,0]}},{"k":[18,0,0,12,0],"v":{"t":[0,0]}},{"k":[17,0,0,13,0],"v":{"t":[0,0]}},{"k":[16,0,0,14,0],"v":{"t":[0,0]}},{"k":[25,0,0,5,0],"v":{"t":[0,0]}},{"k":[26,0,0,4,0],"v":{"t":[0,0]}},{"k":[27,0,0,3,0],"v":{"t":[0,0]}},{"k":[28,0,0,2,0],"v":{"t":[0,0]}},{"k":[29,0,0,1,0],"v":{"t":[0,0]}},{"k":[30,0,0,0,0],"v":{"t":[0,0]}},{"k":[25,5,0,0,0],"v":{"t":[0,0]}},{"k":[25,4,0,1,0],"v":{"t":[0,0]}},{"k":[26,2,0,2,0],"v":{"t":[0,0]}},{"k":[26,1,0,3,0],"v":{"t":[0,0]}},{"k":[23,0,0,6,0],"v":{"t":[0,0]}},{"k":[22,0,0,7,0],"v":{"t":[0,0]}},{"k":[21,0,0,8,0],"v":{"t":[0,0]}},{"k":[20,0,0,9,0],"v":{"t":[0,0]}},{"k":[19,0,0,10,0],"v":{"t":[0,0]}},{"k":[18,0,0,11,0],"v":{"t":[0,0]}},{"k":[17,0,0,12,0],"v":{"t":[0,0]}},{"k":[16,0,0,13,0],"v":{"t":[0,0]}},{"k":[24,0,0,5,0],"v":{"t":[0,0]}},{"k":[25,0,0,4,0],"v":{"t":[0,0]}},{"k":[26,0,0,3,0],"v":{"t":[0,0]}},{"k":[27,0,0,2,0],"v":{"t":[0,0]}},{"k":[28,0,0,1,0],"v":{"t":[0,0]}},{"k":[29,0,0,0,0],"v":{"t":[0,0]}},{"k":[23,6,0,0,0],"v":{"t":[0,0]}},{"k":[24,5,0,0,0],"v":{"t":[0,0]}},{"k":[24,4,0,1,0],"v":{"t":[0,0]}},{"k":[25,2,0,2,0],"v":{"t":[0,0]}},{"k":[25,1,0,3,0],"v":{"t":[0,0]}},{"k":[26,0,0,6,0],"v":{"t":[0,0]}},{"k":[25,0,0,7,0],"v":{"t":[0,0]}},{"k":[24,0,0,8,0],"v":{"t":[0,0]}},{"k":[23,0,0,9,0],"v":{"t":[0,0]}},{"k":[22,0,0,10,0],"v":{"t":[0,0]}},{"k":[21,0,0,11,0],"v":{"t":[0,0]}},{"k":[20,0,0,12,0],"v":{"t":[0,0]}},{"k":[19,0,0,13,0],"v":{"t":[0,0]}},{"k":[18,0,0,14,0],"v":{"t":[0,0]}},{"k":[17,0,0,15,0],"v":{"t":[0,0]}},{"k":[27,0,0,5,0],"v":{"t":[0,0]}},{"k":[28,0,0,4,0],"v":{"t":[0,0]}},{"k":[29,0,0,3,0],"v":{"t":[0,0]}},{"k":[30,0,0,2,0],"v":{"t":[0,0]}},{"k":[31,0,0,1,0],"v":{"t":[0,0]}},{"k":[27,5,0,0,0],"v":{"t":[0,0]}},{"k":[27,3,0,2,0],"v":{"t":[0,0]}},{"k":[28,1,0,3,0],"v":{"t":[0,0]}},{"k":[25,0,0,6,0],"v":{"t":[0,0]}},{"k":[24,0,0,7,0],"v":{"t":[0,0]}},{"k":[23,0,0,8,0],"v":{"t":[0,0]}},{"k":[22,0,0,9,0],"v":{"t":[0,0]}},{"k":[21,0,0,10,0],"v":{"t":[0,0]}},{"k":[20,0,0,11,0],"v":{"t":[0,0]}},{"k":[19,0,0,12,0],"v":{"t":[0,0]}},{"k":[18,0,0,13,0],"v":{"t":[0,0]}},{"k":[17,0,0,14,0],"v":{"t":[0,0]}},{"k":[16,0,0,15,0],"v":{"t":[0,0]}},{"k":[26,0,0,5,0],"v":{"t":[0,0]}},{"k":[27,0,0,4,0],"v":{"t":[0,0]}},{"k":[28,0,0,3,0],"v":{"t":[0,0]}},{"k":[29,0,0,2,0],"v":{"t":[0,0]}},{"k":[30,0,0,1,0],"v":{"t":[0,0]}},{"k":[31,0,0,0,0],"v":{"t":[0,0]}},{"k":[26,5,0,0,0],"v":{"t":[0,0]}},{"k":[26,4,0,1,0],"v":{"t":[0,0]}},{"k":[27,3,0,1,0],"v":{"t":[0,0]}},{"k":[27,1,0,3,0],"v":{"t":[0,0]}},{"k":[20,0,0,6,0],"v":{"t":[0,0]}},{"k":[19,0,0,7,0],"v":{"t":[0,0]}},{"k":[18,0,0,8,0],"v":{"t":[0,0]}},{"k":[17,0,0,9,0],"v":{"t":[0,0]}},{"k":[16,0,0,10,0],"v":{"t":[0,0]}},{"k":[21,0,0,5,0],"v":{"t":[0,0]}},{"k":[22,0,0,4,0],"v":{"t":[0,0]}},{"k":[23,0,0,3,0],"v":{"t":[0,0]}},{"k":[24,0,0,2,0],"v":{"t":[0,0]}},{"k":[25,0,0,1,0],"v":{"t":[0,0]}},{"k":[26,0,0,0,0],"v":{"t":[0,0]}},{"k":[21,5,0,0,0],"v":{"t":[0,0]}},{"k":[21,4,0,1,0],"v":{"t":[0,0]}},{"k":[21,3,0,2,0],"v":{"t":[0,0]}},{"k":[22,1,0,3,0],"v":{"t":[0,0]}},{"k":[19,0,0,6,0],"v":{"t":[0,0]}},{"k":[18,0,0,7,0],"v":{"t":[0,0]}},{"k":[17,0,0,8,0],"v":{"t":[0,0]}},{"k":[16,0,0,9,0],"v":{"t":[0,0]}},{"k":[20,0,0,5,0],"v":{"t":[0,0]}},{"k":[21,0,0,4,0],"v":{"t":[0,0]}},{"k":[22,0,0,3,0],"v":{"t":[0,0]}},{"k":[23,0,0,2,0],"v":{"t":[0,0]}},{"k":[24,0,0,1,0],"v":{"t":[0,0]}},{"k":[25,0,0,0,0],"v":{"t":[0,0]}},{"k":[20,5,0,0,0],"v":{"t":[0,0]}},{"k":[20,4,0,1,0],"v":{"t":[0,0]}},{"k":[20,3,0,2,0],"v":{"t":[0,0]}},{"k":[22,0,0,6,0],"v":{"t":[0,0]}},{"k":[21,0,0,7,0],"v":{"t":[0,0]}},{"k":[20,0,0,8,0],"v":{"t":[0,0]}},{"k":[19,0,0,9,0],"v":{"t":[0,0]}},{"k":[18,0,0,10,0],"v":{"t":[0,0]}},{"k":[17,0,0,11,0],"v":{"t":[0,0]}},{"k":[16,0,0,12,0],"v":{"t":[0,0]}},{"k":[23,0,0,5,0],"v":{"t":[0,0]}},{"k":[24,0,0,4,0],"v":{"t":[0,0]}},{"k":[25,0,0,3,0],"v":{"t":[0,0]}},{"k":[26,0,0,2,0],"v":{"t":[0,0]}},{"k":[27,0,0,1,0],"v":{"t":[0,0]}},{"k":[28,0,0,0,0],"v":{"t":[0,0]}},{"k":[22,6,0,0,0],"v":{"t":[0,0]}},{"k":[24,2,0,2,0],"v":{"t":[0,0]}},{"k":[21,0,0,6,0],"v":{"t":[0,0]}},{"k":[20,0,0,7,0],"v":{"t":[0,0]}},{"k":[19,0,0,8,0],"v":{"t":[0,0]}},{"k":[18,0,0,9,0],"v":{"t":[0,0]}},{"k":[17,0,0,10,0],"v":{"t":[0,0]}},{"k":[16,0,0,11,0],"v":{"t":[0,0]}},{"k":[22,0,0,5,0],"v":{"t":[0,0]}},{"k":[23,0,0,4,0],"v":{"t":[0,0]}},{"k":[24,0,0,3,0],"v":{"t":[0,0]}},{"k":[25,0,0,2,0],"v":{"t":[0,0]}},{"k":[26,0,0,1,0],"v":{"t":[0,0]}},{"k":[27,0,0,0,0],"v":{"t":[0,0]}},{"k":[22,4,0,1,0],"v":{"t":[0,0]}},{"k":[23,3,0,1,0],"v":{"t":[0,0]}},{"k":[22,3,0,2,0],"v":{"t":[0,0]}},{"k":[23,2,0,2,0],"v":{"t":[0,0]}}]},"moun":{"a":[{"k":[31,0,0,2,0],"v":{"hs":3,"l":true,"sid":1}},{"k":[30,0,0,3,0],"v":{"l":true,"sid":1}},{"k":[30,0,0,0,0],"v":{"hs":6,"l":true,"sid":1}},{"k":[29,0,0,1,0],"v":{"hs":4,"l":true,"r":true,"sid":1}},{"k":[28,0,0,2,0],"v":{"hs":3,"l":true,"r":true,"sid":1}},{"k":[27,0,0,3,0],"v":{"l":true,"r":true,"sid":1}},{"k":[29,0,0,0,0],"v":{"hs":6,"l":true,"r":true,"sid":1}},{"k":[28,0,0,1,0],"v":{"hs":4,"r":true,"sid":1}},{"k":[27,0,0,2,0],"v":{"hs":3,"r":true,"sid":1,"t":true}},{"k":[26,0,0,3,0],"v":{"l":true,"r":true,"sid":1}},{"k":[31,0,0,1,0],"v":{"hs":4,"l":true,"r":true,"sid":1}},{"k":[30,0,0,2,0],"v":{"hs":3,"l":true,"r":true,"sid":1}},{"k":[29,0,0,3,0],"v":{"l":true,"r":true,"sid":1}},{"k":[31,0,0,0,0],"v":{"hs":5,"r":true,"sid":1}},{"k":[30,0,0,1,0],"v":{"hs":4,"l":true,"r":true,"sid":1}},{"k":[29,0,0,2,0],"v":{"hs":3,"l":true,"r":true,"sid":1}},{"k":[28,0,0,3,0],"v":{"l":true,"r":true,"sid":1}},{"k":[26,0,0,0,0],"v":{"hs":5,"l":true,"r":true,"sid":1}},{"k":[25,0,0,1,0],"v":{"hs":4,"l":true,"r":true,"sid":1}},{"k":[24,0,0,2,0],"v":{"hs":2,"l":true,"r":true,"sid":1}},{"k":[25,0,0,0,0],"v":{"hs":5,"l":true,"r":true,"sid":1}},{"k":[24,0,0,1,0],"v":{"hs":4,"r":true,"sid":1}},{"k":[23,0,0,2,0],"v":{"hs":2,"r":true,"sid":1}},{"k":[22,0,0,3,0],"v":{"sid":1}},{"k":[28,0,0,0,0],"v":{"hs":6,"r":true,"sid":1}},{"k":[27,0,0,1,0],"v":{"b":true,"hs":3,"sid":1}},{"k":[26,0,0,2,0],"v":{"hs":2,"l":true,"sid":1}},{"k":[25,0,0,3,0],"v":{"r":true,"sid":1}},{"k":[27,0,0,0,0],"v":{"hs":5,"l":true,"sid":1}},{"k":[26,0,0,1,0],"v":{"hs":4,"l":true,"sid":1}},{"k":[25,0,0,2,0],"v":{"hs":2,"l":true,"r":true,"sid":1}},{"k":[22,0,0,0,0],"v":{"hs":6,"r":true,"sid":1}},{"k":[21,0,0,1,0],"v":{"hs":4,"l":true,"r":true,"sid":1}},{"k":[20,0,0,2,0],"v":{"hs":3,"l":true,"r":true,"sid":1}},{"k":[19,0,0,3,0],"v":{"r":true,"sid":1}},{"k":[21,0,0,0,0],"v":{"hs":5,"l":true,"sid":1}},{"k":[20,0,0,1,0],"v":{"hs":4,"l":true,"r":true,"sid":1}},{"k":[19,0,0,2,0],"v":{"hs":3,"l":true,"r":true,"sid":1}},{"k":[24,0,0,0,0],"v":{"hs":5,"r":true,"sid":1}},{"k":[23,0,0,1,0],"v":{"hs":3,"sid":1}},{"k":[22,0,0,2,0],"v":{"hs":3,"l":true,"sid":1}},{"k":[23,0,0,0,0],"v":{"hs":6,"l":true,"sid":1}},{"k":[22,0,0,1,0],"v":{"hs":4,"l":true,"sid":1}},{"k":[21,0,0,2,0],"v":{"hs":3,"l":true,"r":true,"sid":1}},{"k":[20,0,0,3,0],"v":{"l":true,"sid":1}},{"k":[18,0,0,0,0],"v":{"hs":5,"l":true,"r":true,"sid":1}},{"k":[17,0,0,1,0],"v":{"hs":4,"l":true,"r":true,"sid":1}},{"k":[16,0,0,2,0],"v":{"hs":2,"l":true,"sid":1}},{"k":[17,0,0,0,0],"v":{"hs":5,"l":true,"r":true,"sid":1}},{"k":[16,0,0,1,0],"v":{"hs":4,"l":true,"r":true,"sid":1}},{"k":[20,0,0,0,0],"v":{"hs":5,"l":true,"r":true,"sid":1}},{"k":[19,0,0,1,0],"v":{"hs":4,"l":true,"r":true,"sid":1}},{"k":[18,0,0,2,0],"v":{"hs":3,"l":true,"r":true,"sid":1}},{"k":[17,0,0,3,0],"v":{"l":true,"sid":1}},{"k":[19,0,0,0,0],"v":{"hs":5,"l":true,"r":true,"sid":1}},{"k":[18,0,0,1,0],"v":{"hs":4,"l":true,"r":true,"sid":1}},{"k":[17,0,0,2,0],"v":{"hs":3,"r":true,"sid":1}},{"k":[16,0,0,3,0],"v":{"r":true,"sid":1}},{"k":[16,0,0,0,0],"v":{"hs":5,"l":true,"r":true,"sid":1}}],"o":[]},"objs":{"list":[]},"objs3d":{"a":[{"k":[24,0,0,14,0,50,50,0,0,0,3,1,3],"v":{"did":44}}],"o":[]},"sprites":{"list":[{"k":[28,6,0,0,0],"v":{"k":4,"t":[0,1,2,2]}},{"k":[29,3,0,2,0],"v":{"k":4,"t":[0,1,2,2]}},{"k":[29,4,0,1,0],"v":{"k":4,"t":[0,1,2,2]}},{"k":[31,0,0,3,0],"v":{"k":4,"t":[0,1,2,2]}},{"k":[28,3,0,2,0],"v":{"k":4,"t":[0,1,2,2]}},{"k":[30,6,0,0,0],"v":{"k":4,"t":[0,1,2,2]}},{"k":[30,4,0,1,0],"v":{"k":4,"t":[0,1,2,2]}},{"k":[25,4,0,1,0],"v":{"k":4,"t":[0,1,2,2]}},{"k":[26,2,0,2,0],"v":{"k":4,"t":[0,1,2,2]}},{"k":[26,1,0,3,0],"v":{"k":4,"t":[0,1,2,2]}},{"k":[23,6,0,0,0],"v":{"k":4,"t":[0,1,2,2]}},{"k":[24,5,0,0,0],"v":{"k":4,"t":[0,1,2,2]}},{"k":[25,2,0,2,0],"v":{"k":4,"t":[0,1,2,2]}},{"k":[27,5,0,0,0],"v":{"k":4,"t":[0,1,2,2]}},{"k":[28,1,0,3,0],"v":{"k":4,"t":[0,1,2,2]}},{"k":[26,5,0,0,0],"v":{"k":4,"t":[0,1,2,2]}},{"k":[26,4,0,1,0],"v":{"k":4,"t":[0,1,2,2]}},{"k":[27,3,0,1,0],"v":{"k":4,"t":[0,1,2,2]}},{"k":[27,1,0,3,0],"v":{"k":4,"t":[0,1,2,2]}},{"k":[21,5,0,0,0],"v":{"k":4,"t":[0,1,2,2]}},{"k":[23,0,0,3,0],"v":{"k":4,"t":[0,1,2,2]}},{"k":[16,0,0,10,0],"v":{"k":4,"t":[7,8,1,1]}},{"k":[20,5,0,0,0],"v":{"k":4,"t":[0,1,2,2]}},{"k":[20,3,0,2,0],"v":{"k":4,"t":[0,1,2,2]}},{"k":[16,0,0,9,0],"v":{"k":4,"t":[7,8,1,1]}},{"k":[22,6,0,0,0],"v":{"k":4,"t":[0,1,2,2]}},{"k":[23,3,0,1,0],"v":{"k":4,"t":[0,1,2,2]}},{"k":[16,0,0,11,0],"v":{"k":4,"t":[7,8,1,1]}},{"k":[17,4,0,1,0],"v":{"k":4,"t":[0,1,2,2]}},{"k":[16,0,0,6,0],"v":{"k":4,"t":[7,8,1,1]}},{"k":[16,5,0,0,0],"v":{"k":4,"t":[0,1,2,2]}},{"k":[16,4,0,1,0],"v":{"k":4,"t":[0,1,2,2]}},{"k":[17,1,0,3,0],"v":{"k":4,"t":[0,1,2,2]}},{"k":[16,0,0,5,0],"v":{"k":4,"t":[7,8,1,1]}},{"k":[19,5,0,0,0],"v":{"k":4,"t":[0,1,2,2]}},{"k":[19,3,0,2,0],"v":{"k":4,"t":[0,1,2,2]}},{"k":[20,1,0,3,0],"v":{"k":4,"t":[0,1,2,2]}},{"k":[18,5,0,0,0],"v":{"k":4,"t":[0,1,2,2]}},{"k":[18,4,0,1,0],"v":{"k":4,"t":[0,1,2,2]}},{"k":[16,0,0,7,0],"v":{"k":4,"t":[7,8,1,1]}},{"k":[16,2,0,2,0],"v":{"k":4,"t":[0,1,2,2]}},{"k":[16,1,0,3,0],"v":{"k":4,"t":[0,1,2,2]}}],"overflow":[[32,5,0,0,0]],"walls":[]}}