{"lands":{"autotiles":[{"k":[20,0,0,48,0],"v":{"id":1,"t":[1,0],"tid":636}},{"k":[28,0,0,50,0],"v":{"id":1,"t":[1,0],"tid":12}},{"k":[27,0,0,51,0],"v":{"id":1,"t":[1,0],"tid":570}},{"k":[28,0,0,49,0],"v":{"id":1,"t":[1,0],"tid":636}},{"k":[27,0,0,50,0],"v":{"id":1,"t":[1,0],"tid":225}},{"k":[29,0,0,51,0],"v":{"id":1,"t":[1,0],"tid":372}},{"k":[29,0,0,50,0],"v":{"id":1,"t":[1,0],"tid":423}},{"k":[28,0,0,51,0],"v":{"id":1,"t":[1,0],"tid":324}},{"k":[28,0,0,48,0],"v":{"id":1,"t":[1,0],"tid":636}},{"k":[20,0,0,50,0],"v":{"id":1,"t":[1,0],"tid":12}},{"k":[19,0,0,51,0],"v":{"id":1,"t":[1,0],"tid":570}},{"k":[19,0,0,50,0],"v":{"id":1,"t":[1,0],"tid":225}},{"k":[20,0,0,49,0],"v":{"id":1,"t":[1,0],"tid":636}},{"k":[21,0,0,51,0],"v":{"id":1,"t":[1,0],"tid":372}},{"k":[21,0,0,50,0],"v":{"id":1,"t":[1,0],"tid":423}},{"k":[20,0,0,51,0],"v":{"id":1,"t":[1,0],"tid":324}}],"floors":[{"k":[31,0,0,55,0],"v":{"t":[0,0]}},{"k":[30,0,0,56,0],"v":{"t":[0,0]}},{"k":[29,0,0,57,0],"v":{"t":[0,0]}},{"k":[28,0,0,58,0],"v":{"t":[0,0]}},{"k":[27,0,0,59,0],"v":{"t":[0,0]}},{"k":[31,0,0,54,0],"v":{"t":[0,0]}},{"k":[30,0,0,55,0],"v":{"t":[0,0]}},{"k":[29,0,0,56,0],"v":{"t":[0,0]}},{"k":[28,0,0,57,0],"v":{"t":[0,0]}},{"k":[27,0,0,58,0],"v":{"t":[0,0]}},{"k":[26,0,0,59,0],"v":{"t":[0,0]}},{"k":[31,0,0,57,0],"v":{"t":[0,0]}},{"k":[30,0,0,58,0],"v":{"t":[0,0]}},{"k":[29,0,0,59,0],"v":{"t":[0,0]}},{"k":[31,0,0,56,0],"v":{"t":[0,0]}},{"k":[30,0,0,57,0],"v":{"t":[0,0]}},{"k":[29,0,0,58,0],"v":{"t":[0,0]}},{"k":[28,0,0,59,0],"v":{"t":[0,0]}},{"k":[31,0,0,51,0],"v":{"t":[0,0]}},{"k":[30,0,0,52,0],"v":{"t":[0,0]}},{"k":[29,0,0,53,0],"v":{"t":[0,0]}},{"k":[28,0,0,54,0],"v":{"t":[0,0]}},{"k":[27,0,0,55,0],"v":{"t":[0,0]}},{"k":[26,0,0,56,0],"v":{"t":[0,0]}},{"k":[25,0,0,57,0],"v":{"t":[0,0]}},{"k":[24,0,0,58,0],"v":{"t":[0,0]}},{"k":[23,0,0,59,0],"v":{"t":[0,0]}},{"k":[31,0,0,50,0],"v":{"t":[0,0]}},{"k":[30,0,0,51,0],"v":{"t":[0,0]}},{"k":[29,0,0,52,0],"v":{"t":[0,0]}},{"k":[28,0,0,53,0],"v":{"t":[0,0]}},{"k":[27,0,0,54,0],"v":{"t":[0,0]}},{"k":[26,0,0,55,0],"v":{"t":[0,0]}},{"k":[25,0,0,56,0],"v":{"t":[0,0]}},{"k":[24,0,0,57,0],"v":{"t":[0,0]}},{"k":[23,0,0,58,0],"v":{"t":[0,0]}},{"k":[22,0,0,59,0],"v":{"t":[0,0]}},{"k":[31,0,0,53,0],"v":{"t":[0,0]}},{"k":[30,0,0,54,0],"v":{"t":[0,0]}},{"k":[29,0,0,55,0],"v":{"t":[0,0]}},{"k":[28,0,0,56,0],"v":{"t":[0,0]}},{"k":[27,0,0,57,0],"v":{"t":[0,0]}},{"k":[26,0,0,58,0],"v":{"t":[0,0]}},{"k":[25,0,0,59,0],"v":{"t":[0,0]}},{"k":[31,0,0,52,0],"v":{"t":[0,0]}},{"k":[30,0,0,53,0],"v":{"t":[0,0]}},{"k":[29,0,0,54,0],"v":{"t":[0,0]}},{"k":[28,0,0,55,0],"v":{"t":[0,0]}},{"k":[27,0,0,56,0],"v":{"t":[0,0]}},{"k":[26,0,0,57,0],"v":{"t":[0,0]}},{"k":[25,0,0,58,0],"v":{"t":[0,0]}},{"k":[24,0,0,59,0],"v":{"t":[0,0]}},{"k":[29,0,0,49,0],"v":{"t":[0,0]}},{"k":[30,0,0,48,0],"v":{"t":[0,0]}},{"k":[26,0,0,52,0],"v":{"t":[0,0]}},{"k":[25,0,0,53,0],"v":{"t":[0,0]}},{"k":[24,0,0,54,0],"v":{"t":[0,0]}},{"k":[23,0,0,55,0],"v":{"t":[0,0]}},{"k":[22,0,0,56,0],"v":{"t":[0,0]}},{"k":[21,0,0,57,0],"v":{"t":[0,0]}},{"k":[20,0,0,58,0],"v":{"t":[0,0]}},{"k":[19,0,0,59,0],"v":{"t":[0,0]}},{"k":[29,0,0,48,0],"v":{"t":[0,0]}},{"k":[26,0,0,51,0],"v":{"t":[0,0]}},{"k":[25,0,0,52,0],"v":{"t":[0,0]}},{"k":[24,0,0,53,0],"v":{"t":[0,0]}},{"k":[23,0,0,54,0],"v":{"t":[0,0]}},{"k":[22,0,0,55,0],"v":{"t":[0,0]}},{"k":[21,0,0,56,0],"v":{"t":[0,0]}},{"k":[20,0,0,57,0],"v":{"t":[0,0]}},{"k":[19,0,0,58,0],"v":{"t":[0,0]}},{"k":[18,0,0,59,0],"v":{"t":[0,0]}},{"k":[30,0,0,50,0],"v":{"t":[0,0]}},{"k":[31,0,0,49,0],"v":{"t":[0,0]}},{"k":[28,0,0,52,0],"v":{"t":[0,0]}},{"k":[27,0,0,53,0],"v":{"t":[0,0]}},{"k":[26,0,0,54,0],"v":{"t":[0,0]}},{"k":[25,0,0,55,0],"v":{"t":[0,0]}},{"k":[24,0,0,56,0],"v":{"t":[0,0]}},{"k":[23,0,0,57,0],"v":{"t":[0,0]}},{"k":[22,0,0,58,0],"v":{"t":[0,0]}},{"k":[21,0,0,59,0],"v":{"t":[0,0]}},{"k":[30,0,0,49,0],"v":{"t":[0,0]}},{"k":[31,0,0,48,0],"v":{"t":[0,0]}},{"k":[27,0,0,52,0],"v":{"t":[0,0]}},{"k":[26,0,0,53,0],"v":{"t":[0,0]}},{"k":[25,0,0,54,0],"v":{"t":[0,0]}},{"k":[24,0,0,55,0],"v":{"t":[0,0]}},{"k":[23,0,0,56,0],"v":{"t":[0,0]}},{"k":[22,0,0,57,0],"v":{"t":[0,0]}},{"k":[21,0,0,58,0],"v":{"t":[0,0]}},{"k":[20,0,0,59,0],"v":{"t":[0,0]}},{"k":[24,0,0,50,0],"v":{"t":[0,0]}},{"k":[25,0,0,49,0],"v":{"t":[0,0]}},{"k":[26,0,0,48,0],"v":{"t":[0,0]}},{"k":[23,0,0,51,0],"v":{"t":[0,0]}},{"k":[22,0,0,52,0],"v":{"t":[0,0]}},{"k":[21,0,0,53,0],"v":{"t":[0,0]}},{"k":[20,0,0,54,0],"v":{"t":[0,0]}},{"k":[19,0,0,55,0],"v":{"t":[0,0]}},{"k":[18,0,0,56,0],"v":{"t":[0,0]}},{"k":[17,0,0,57,0],"v":{"t":[0,0]}},{"k":[16,0,0,58,0],"v":{"t":[0,0]}},{"k":[23,0,0,50,0],"v":{"t":[0,0]}},{"k":[24,0,0,49,0],"v":{"t":[0,0]}},{"k":[25,0,0,48,0],"v":{"t":[0,0]}},{"k":[22,0,0,51,0],"v":{"t":[0,0]}},{"k":[21,0,0,52,0],"v":{"t":[0,0]}},{"k":[20,0,0,53,0],"v":{"t":[0,0]}},{"k":[19,0,0,54,0],"v":{"t":[0,0]}},{"k":[18,0,0,55,0],"v":{"t":[0,0]}},{"k":[17,0,0,56,0],"v":{"t":[0,0]}},{"k":[16,0,0,57,0],"v":{"t":[0,0]}},{"k":[26,0,0,50,0],"v":{"t":[0,0]}},{"k":[27,0,0,49,0],"v":{"t":[0,0]}},{"k":[25,0,0,51,0],"v":{"t":[0,0]}},{"k":[24,0,0,52,0],"v":{"t":[0,0]}},{"k":[23,0,0,53,0],"v":{"t":[0,0]}},{"k":[22,0,0,54,0],"v":{"t":[0,0]}},{"k":[21,0,0,55,0],"v":{"t":[0,0]}},{"k":[20,0,0,56,0],"v":{"t":[0,0]}},{"k":[19,0,0,57,0],"v":{"t":[0,0]}},{"k":[18,0,0,58,0],"v":{"t":[0,0]}},{"k":[17,0,0,59,0],"v":{"t":[0,0]}},{"k":[25,0,0,50,0],"v":{"t":[0,0]}},{"k":[26,0,0,49,0],"v":{"t":[0,0]}},{"k":[27,0,0,48,0],"v":{"t":[0,0]}},{"k":[24,0,0,51,0],"v":{"t":[0,0]}},{"k":[23,0,0,52,0],"v":{"t":[0,0]}},{"k":[22,0,0,53,0],"v":{"t":[0,0]}},{"k":[21,0,0,54,0],"v":{"t":[0,0]}},{"k":[20,0,0,55,0],"v":{"t":[0,0]}},{"k":[19,0,0,56,0],"v":{"t":[0,0]}},{"k":[18,0,0,57,0],"v":{"t":[0,0]}},{"k":[17,0,0,58,0],"v":{"t":[0,0]}},{"k":[16,0,0,59,0],"v":{"t":[0,0]}},{"k":[21,0,0,49,0],"v":{"t":[0,0]}},{"k":[22,0,0,48,0],"v":{"t":[0,0]}},{"k":[18,0,0,52,0],"v":{"t":[0,0]}},{"k":[17,0,0,53,0],"v":{"t":[0,0]}},{"k":[16,0,0,54,0],"v":{"t":[0,0]}},{"k":[21,0,0,48,0],"v":{"t":[0,0]}},{"k":[18,0,0,51,0],"v":{"t":[0,0]}},{"k":[17,0,0,52,0],"v":{"t":[0,0]}},{"k":[16,0,0,53,0],"v":{"t":[0,0]}},{"k":[22,0,0,50,0],"v":{"t":[0,0]}},{"k":[23,0,0,49,0],"v":{"t":[0,0]}},{"k":[24,0,0,48,0],"v":{"t":[0,0]}},{"k":[20,0,0,52,0],"v":{"t":[0,0]}},{"k":[19,0,0,53,0],"v":{"t":[0,0]}},{"k":[18,0,0,54,0],"v":{"t":[0,0]}},{"k":[17,0,0,55,0],"v":{"t":[0,0]}},{"k":[16,0,0,56,0],"v":{"t":[0,0]}},{"k":[22,0,0,49,0],"v":{"t":[0,0]}},{"k":[23,0,0,48,0],"v":{"t":[0,0]}},{"k":[19,0,0,52,0],"v":{"t":[0,0]}},{"k":[18,0,0,53,0],"v":{"t":[0,0]}},{"k":[17,0,0,54,0],"v":{"t":[0,0]}},{"k":[16,0,0,55,0],"v":{"t":[0,0]}},{"k":[16,0,0,50,0],"v":{"t":[0,0]}},{"k":[17,0,0,49,0],"v":{"t":[0,0]}},{"k":[18,0,0,48,0],"v":{"t":[0,0]}},{"k":[16,0,0,49,0],"v":{"t":[0,0]}},{"k":[17,0,0,48,0],"v":{"t":[0,0]}},{"k":[18,0,0,50,0],"v":{"t":[0,0]}},{"k":[19,0,0,49,0],"v":{"t":[0,0]}},{"k":[17,0,0,51,0],"v":{"t":[0,0]}},{"k":[16,0,0,52,0],"v":{"t":[0,0]}},{"k":[17,0,0,50,0],"v":{"t":[0,0]}},{"k":[18,0,0,49,0],"v":{"t":[0,0]}},{"k":[19,0,0,48,0],"v":{"t":[0,0]}},{"k":[16,0,0,51,0],"v":{"t":[0,0]}},{"k":[16,0,0,48,0],"v":{"t":[0,0]}},{"k":[31,0,0,59,0],"v":{"t":[0,0]}},{"k":[31,0,0,58,0],"v":{"t":[0,0]}},{"k":[30,0,0,59,0],"v":{"t":[0,0]}}]},"moun":{"a":[],"o":[]},"objs":{"list":[{"k":[17,0,0,52,0],"v":{"canBeTriggeredAnotherObject":false,"hId":2,"id":2,"name":"Herói","ooepf":false}}]},"objs3d":{"a":[{"k":[28,0,0,54,0,50,50,180],"v":{"did":46}},{"k":[20,0,0,54,0,50,50,180],"v":{"did":46}}],"o":[]},"sprites":{"list":[{"k":[30,0,0,59,0],"v":{"k":4,"t":[6,8,1,1]}},{"k":[27,0,0,59,0],"v":{"k":4,"t":[7,8,1,1]}},{"k":[29,0,0,57,0],"v":{"k":4,"t":[7,8,1,1]}},{"k":[26,0,0,59,0],"v":{"k":6,"t":[0,1,2,2]}},{"k":[29,0,0,59,0],"v":{"k":6,"t":[0,1,2,2]}},{"k":[31,0,0,56,0],"v":{"k":6,"t":[0,1,2,2]}},{"k":[31,0,0,51,0],"v":{"f":false,"k":4,"t":[7,7,1,1]}},{"k":[24,0,0,58,0],"v":{"k":4,"t":[7,8,1,1]}},{"k":[26,0,0,56,0],"v":{"k":4,"t":[7,8,1,1]}},{"k":[22,0,0,59,0],"v":{"k":6,"t":[0,1,2,2]}},{"k":[28,0,0,56,0],"v":{"k":6,"t":[0,1,2,2]}},{"k":[27,0,0,57,0],"v":{"k":4,"t":[6,8,1,1]}},{"k":[19,0,0,59,0],"v":{"k":6,"t":[0,1,2,2]}},{"k":[29,0,0,48,0],"v":{"f":false,"k":4,"t":[7,7,1,1]}},{"k":[21,0,0,56,0],"v":{"k":4,"t":[7,8,1,1]}},{"k":[22,0,0,55,0],"v":{"k":4,"t":[6,8,1,1]}},{"k":[20,0,0,57,0],"v":{"k":4,"t":[6,8,1,1]}},{"k":[24,0,0,56,0],"v":{"k":6,"t":[0,1,2,2]}},{"k":[21,0,0,59,0],"v":{"k":4,"t":[7,8,1,1]}},{"k":[23,0,0,57,0],"v":{"k":4,"t":[6,8,1,1]}},{"k":[25,0,0,49,0],"v":{"f":false,"k":4,"t":[7,7,1,1]}},{"k":[17,0,0,57,0],"v":{"k":4,"t":[7,8,1,1]}},{"k":[16,0,0,57,0],"v":{"k":6,"t":[0,1,2,2]}},{"k":[18,0,0,58,0],"v":{"k":4,"t":[6,8,1,1]}},{"k":[19,0,0,56,0],"v":{"k":6,"t":[0,1,2,2]}},{"k":[27,0,0,48,0],"v":{"f":false,"k":4,"t":[7,7,1,1]}},{"k":[22,0,0,48,0],"v":{"f":false,"k":4,"t":[7,7,1,1]}},{"k":[18,0,0,48,0],"v":{"f":false,"k":4,"t":[7,7,1,1]}},{"k":[16,0,0,49,0],"v":{"f":false,"k":4,"t":[7,7,1,1]}},{"k":[17,0,0,51,0],"v":{"f":false,"k":6,"t":[0,1,2,2]}}],"overflow":[],"walls":[]}}