{"lands":{"autotiles":[{"k":[19,0,0,35,0],"v":{"id":1,"t":[1,0],"tid":584}},{"k":[20,0,0,34,0],"v":{"id":1,"t":[1,0],"tid":318}},{"k":[16,0,0,38,0],"v":{"id":1,"t":[1,0],"tid":471}},{"k":[22,0,0,32,0],"v":{"id":1,"t":[1,0],"tid":318}},{"k":[21,0,0,33,0],"v":{"id":1,"t":[1,0],"tid":318}},{"k":[19,0,0,34,0],"v":{"id":1,"t":[1,0],"tid":584}},{"k":[20,0,0,33,0],"v":{"id":1,"t":[1,0],"tid":318}},{"k":[21,0,0,32,0],"v":{"id":1,"t":[1,0],"tid":318}},{"k":[19,0,0,37,0],"v":{"id":1,"t":[1,0],"tid":584}},{"k":[20,0,0,36,0],"v":{"id":1,"t":[1,0],"tid":318}},{"k":[23,0,0,33,0],"v":{"id":1,"t":[1,0],"tid":318}},{"k":[18,0,0,38,0],"v":{"id":1,"t":[1,0],"tid":471}},{"k":[17,0,0,39,0],"v":{"id":1,"t":[1,0],"tid":324}},{"k":[24,0,0,32,0],"v":{"id":1,"t":[1,0],"tid":318}},{"k":[22,0,0,34,0],"v":{"id":1,"t":[1,0],"tid":318}},{"k":[21,0,0,35,0],"v":{"id":1,"t":[1,0],"tid":318}},{"k":[19,0,0,36,0],"v":{"id":1,"t":[1,0],"tid":584}},{"k":[20,0,0,35,0],"v":{"id":1,"t":[1,0],"tid":318}},{"k":[23,0,0,32,0],"v":{"id":1,"t":[1,0],"tid":318}},{"k":[17,0,0,38,0],"v":{"id":1,"t":[1,0],"tid":471}},{"k":[16,0,0,39,0],"v":{"id":1,"t":[1,0],"tid":324}},{"k":[22,0,0,33,0],"v":{"id":1,"t":[1,0],"tid":318}},{"k":[21,0,0,34,0],"v":{"id":1,"t":[1,0],"tid":318}},{"k":[18,0,0,32,0],"v":{"id":1,"t":[1,0],"tid":471}},{"k":[17,0,0,33,0],"v":{"id":1,"t":[1,0],"tid":324}},{"k":[17,0,0,32,0],"v":{"id":1,"t":[1,0],"tid":471}},{"k":[16,0,0,33,0],"v":{"id":1,"t":[1,0],"tid":324}},{"k":[19,0,0,33,0],"v":{"id":1,"t":[1,0],"tid":308}},{"k":[20,0,0,32,0],"v":{"id":1,"t":[1,0],"tid":318}},{"k":[19,0,0,32,0],"v":{"id":1,"t":[1,0],"tid":62}},{"k":[18,0,0,33,0],"v":{"id":1,"t":[1,0],"tid":324}},{"k":[16,0,0,32,0],"v":{"id":1,"t":[1,0],"tid":471}},{"k":[30,0,0,44,0],"v":{"id":1,"t":[1,0],"tid":520}},{"k":[28,0,0,46,0],"v":{"id":1,"t":[1,0],"tid":360}},{"k":[30,0,0,43,0],"v":{"id":1,"t":[1,0],"tid":413}},{"k":[28,0,0,45,0],"v":{"id":1,"t":[1,0],"tid":370}},{"k":[27,0,0,46,0],"v":{"id":1,"t":[1,0],"tid":570}},{"k":[31,0,0,44,0],"v":{"id":1,"t":[1,0],"tid":477}},{"k":[28,0,0,47,0],"v":{"id":1,"t":[1,0],"tid":636}},{"k":[31,0,0,39,0],"v":{"id":1,"t":[1,0],"tid":324}},{"k":[28,0,0,42,0],"v":{"id":1,"t":[1,0],"tid":268}},{"k":[27,0,0,43,0],"v":{"id":1,"t":[1,0],"tid":584}},{"k":[30,0,0,39,0],"v":{"id":1,"t":[1,0],"tid":324}},{"k":[28,0,0,41,0],"v":{"id":1,"t":[1,0],"tid":370}},{"k":[27,0,0,42,0],"v":{"id":1,"t":[1,0],"tid":584}},{"k":[31,0,0,38,0],"v":{"id":1,"t":[1,0],"tid":471}},{"k":[29,0,0,43,0],"v":{"id":1,"t":[1,0],"tid":274}},{"k":[28,0,0,44,0],"v":{"id":1,"t":[1,0],"tid":370}},{"k":[27,0,0,45,0],"v":{"id":1,"t":[1,0],"tid":584}},{"k":[29,0,0,42,0],"v":{"id":1,"t":[1,0],"tid":423}},{"k":[28,0,0,43,0],"v":{"id":1,"t":[1,0],"tid":316}},{"k":[27,0,0,44,0],"v":{"id":1,"t":[1,0],"tid":584}},{"k":[26,0,0,40,0],"v":{"id":1,"t":[1,0],"tid":324}},{"k":[28,0,0,38,0],"v":{"id":1,"t":[1,0],"tid":268}},{"k":[20,0,0,46,0],"v":{"id":1,"t":[1,0],"tid":636}},{"k":[21,0,0,45,0],"v":{"id":1,"t":[1,0],"tid":372}},{"k":[27,0,0,39,0],"v":{"id":1,"t":[1,0],"tid":318}},{"k":[25,0,0,40,0],"v":{"id":1,"t":[1,0],"tid":324}},{"k":[26,0,0,39,0],"v":{"id":1,"t":[1,0],"tid":318}},{"k":[28,0,0,37,0],"v":{"id":1,"t":[1,0],"tid":370}},{"k":[20,0,0,45,0],"v":{"id":1,"t":[1,0],"tid":582}},{"k":[21,0,0,44,0],"v":{"id":1,"t":[1,0],"tid":370}},{"k":[27,0,0,38,0],"v":{"id":1,"t":[1,0],"tid":318}},{"k":[28,0,0,40,0],"v":{"id":1,"t":[1,0],"tid":370}},{"k":[29,0,0,39,0],"v":{"id":1,"t":[1,0],"tid":324}},{"k":[27,0,0,41,0],"v":{"id":1,"t":[1,0],"tid":584}},{"k":[30,0,0,38,0],"v":{"id":1,"t":[1,0],"tid":471}},{"k":[27,0,0,40,0],"v":{"id":1,"t":[1,0],"tid":308}},{"k":[28,0,0,39,0],"v":{"id":1,"t":[1,0],"tid":316}},{"k":[20,0,0,47,0],"v":{"id":1,"t":[1,0],"tid":636}},{"k":[29,0,0,38,0],"v":{"id":1,"t":[1,0],"tid":471}},{"k":[22,0,0,40,0],"v":{"id":1,"t":[1,0],"tid":324}},{"k":[23,0,0,39,0],"v":{"id":1,"t":[1,0],"tid":318}},{"k":[26,0,0,36,0],"v":{"id":1,"t":[1,0],"tid":318}},{"k":[28,0,0,34,0],"v":{"id":1,"t":[1,0],"tid":370}},{"k":[20,0,0,42,0],"v":{"id":1,"t":[1,0],"tid":584}},{"k":[30,0,0,32,0],"v":{"id":1,"t":[1,0],"tid":471}},{"k":[29,0,0,33,0],"v":{"id":1,"t":[1,0],"tid":324}},{"k":[21,0,0,41,0],"v":{"id":1,"t":[1,0],"tid":370}},{"k":[27,0,0,35,0],"v":{"id":1,"t":[1,0],"tid":318}},{"k":[25,0,0,37,0],"v":{"id":1,"t":[1,0],"tid":318}},{"k":[24,0,0,38,0],"v":{"id":1,"t":[1,0],"tid":318}},{"k":[21,0,0,40,0],"v":{"id":1,"t":[1,0],"tid":316}},{"k":[26,0,0,35,0],"v":{"id":1,"t":[1,0],"tid":318}},{"k":[28,0,0,33,0],"v":{"id":1,"t":[1,0],"tid":316}},{"k":[20,0,0,41,0],"v":{"id":1,"t":[1,0],"tid":584}},{"k":[29,0,0,32,0],"v":{"id":1,"t":[1,0],"tid":471}},{"k":[23,0,0,38,0],"v":{"id":1,"t":[1,0],"tid":318}},{"k":[22,0,0,39,0],"v":{"id":1,"t":[1,0],"tid":318}},{"k":[27,0,0,34,0],"v":{"id":1,"t":[1,0],"tid":318}},{"k":[25,0,0,36,0],"v":{"id":1,"t":[1,0],"tid":318}},{"k":[24,0,0,37,0],"v":{"id":1,"t":[1,0],"tid":318}},{"k":[24,0,0,40,0],"v":{"id":1,"t":[1,0],"tid":324}},{"k":[26,0,0,38,0],"v":{"id":1,"t":[1,0],"tid":318}},{"k":[28,0,0,36,0],"v":{"id":1,"t":[1,0],"tid":370}},{"k":[20,0,0,44,0],"v":{"id":1,"t":[1,0],"tid":584}},{"k":[21,0,0,43,0],"v":{"id":1,"t":[1,0],"tid":370}},{"k":[31,0,0,33,0],"v":{"id":1,"t":[1,0],"tid":324}},{"k":[25,0,0,39,0],"v":{"id":1,"t":[1,0],"tid":318}},{"k":[27,0,0,37,0],"v":{"id":1,"t":[1,0],"tid":318}},{"k":[23,0,0,40,0],"v":{"id":1,"t":[1,0],"tid":324}},{"k":[26,0,0,37,0],"v":{"id":1,"t":[1,0],"tid":318}},{"k":[28,0,0,35,0],"v":{"id":1,"t":[1,0],"tid":370}},{"k":[20,0,0,43,0],"v":{"id":1,"t":[1,0],"tid":584}},{"k":[31,0,0,32,0],"v":{"id":1,"t":[1,0],"tid":471}},{"k":[30,0,0,33,0],"v":{"id":1,"t":[1,0],"tid":324}},{"k":[21,0,0,42,0],"v":{"id":1,"t":[1,0],"tid":370}},{"k":[24,0,0,39,0],"v":{"id":1,"t":[1,0],"tid":318}},{"k":[27,0,0,36,0],"v":{"id":1,"t":[1,0],"tid":318}},{"k":[25,0,0,38,0],"v":{"id":1,"t":[1,0],"tid":318}},{"k":[20,0,0,38,0],"v":{"id":1,"t":[1,0],"tid":318}},{"k":[26,0,0,32,0],"v":{"id":1,"t":[1,0],"tid":318}},{"k":[19,0,0,39,0],"v":{"id":1,"t":[1,0],"tid":318}},{"k":[18,0,0,40,0],"v":{"id":1,"t":[1,0],"tid":582}},{"k":[17,0,0,41,0],"v":{"id":1,"t":[1,0],"tid":223}},{"k":[16,0,0,42,0],"v":{"id":1,"t":[1,0],"tid":469}},{"k":[23,0,0,35,0],"v":{"id":1,"t":[1,0],"tid":318}},{"k":[25,0,0,33,0],"v":{"id":1,"t":[1,0],"tid":318}},{"k":[24,0,0,34,0],"v":{"id":1,"t":[1,0],"tid":318}},{"k":[22,0,0,36,0],"v":{"id":1,"t":[1,0],"tid":318}},{"k":[21,0,0,37,0],"v":{"id":1,"t":[1,0],"tid":318}},{"k":[19,0,0,38,0],"v":{"id":1,"t":[1,0],"tid":62}},{"k":[20,0,0,37,0],"v":{"id":1,"t":[1,0],"tid":318}},{"k":[18,0,0,39,0],"v":{"id":1,"t":[1,0],"tid":308}},{"k":[23,0,0,34,0],"v":{"id":1,"t":[1,0],"tid":318}},{"k":[25,0,0,32,0],"v":{"id":1,"t":[1,0],"tid":318}},{"k":[24,0,0,33,0],"v":{"id":1,"t":[1,0],"tid":318}},{"k":[22,0,0,35,0],"v":{"id":1,"t":[1,0],"tid":318}},{"k":[21,0,0,36,0],"v":{"id":1,"t":[1,0],"tid":318}},{"k":[20,0,0,40,0],"v":{"id":1,"t":[1,0],"tid":308}},{"k":[26,0,0,34,0],"v":{"id":1,"t":[1,0],"tid":318}},{"k":[28,0,0,32,0],"v":{"id":1,"t":[1,0],"tid":268}},{"k":[23,0,0,37,0],"v":{"id":1,"t":[1,0],"tid":318}},{"k":[27,0,0,33,0],"v":{"id":1,"t":[1,0],"tid":318}},{"k":[21,0,0,39,0],"v":{"id":1,"t":[1,0],"tid":318}},{"k":[25,0,0,35,0],"v":{"id":1,"t":[1,0],"tid":318}},{"k":[24,0,0,36,0],"v":{"id":1,"t":[1,0],"tid":318}},{"k":[22,0,0,38,0],"v":{"id":1,"t":[1,0],"tid":318}},{"k":[19,0,0,40,0],"v":{"id":1,"t":[1,0],"tid":324}},{"k":[20,0,0,39,0],"v":{"id":1,"t":[1,0],"tid":318}},{"k":[26,0,0,33,0],"v":{"id":1,"t":[1,0],"tid":318}},{"k":[18,0,0,41,0],"v":{"id":1,"t":[1,0],"tid":116}},{"k":[17,0,0,42,0],"v":{"id":1,"t":[1,0],"tid":116}},{"k":[16,0,0,43,0],"v":{"id":1,"t":[1,0],"tid":372}},{"k":[23,0,0,36,0],"v":{"id":1,"t":[1,0],"tid":318}},{"k":[27,0,0,32,0],"v":{"id":1,"t":[1,0],"tid":318}},{"k":[25,0,0,34,0],"v":{"id":1,"t":[1,0],"tid":318}},{"k":[24,0,0,35,0],"v":{"id":1,"t":[1,0],"tid":318}},{"k":[22,0,0,37,0],"v":{"id":1,"t":[1,0],"tid":318}},{"k":[21,0,0,38,0],"v":{"id":1,"t":[1,0],"tid":318}}],"floors":[{"k":[17,0,0,37,0],"v":{"t":[0,0]}},{"k":[18,0,0,36,0],"v":{"t":[0,0]}},{"k":[16,0,0,37,0],"v":{"t":[0,0]}},{"k":[17,0,0,36,0],"v":{"t":[0,0]}},{"k":[18,0,0,35,0],"v":{"t":[0,0]}},{"k":[16,0,0,40,0],"v":{"t":[0,0]}},{"k":[18,0,0,37,0],"v":{"t":[0,0]}},{"k":[16,0,0,34,0],"v":{"t":[0,0]}},{"k":[18,0,0,34,0],"v":{"t":[0,0]}},{"k":[16,0,0,36,0],"v":{"t":[0,0]}},{"k":[17,0,0,35,0],"v":{"t":[0,0]}},{"k":[17,0,0,34,0],"v":{"t":[0,0]}},{"k":[16,0,0,35,0],"v":{"t":[0,0]}},{"k":[31,0,0,47,0],"v":{"t":[0,0]}},{"k":[30,0,0,47,0],"v":{"t":[0,0]}},{"k":[31,0,0,46,0],"v":{"t":[0,0]}},{"k":[27,0,0,47,0],"v":{"t":[0,0]}},{"k":[29,0,0,45,0],"v":{"t":[0,0]}},{"k":[31,0,0,43,0],"v":{"t":[0,0]}},{"k":[26,0,0,47,0],"v":{"t":[0,0]}},{"k":[29,0,0,44,0],"v":{"t":[0,0]}},{"k":[31,0,0,42,0],"v":{"t":[0,0]}},{"k":[29,0,0,47,0],"v":{"t":[0,0]}},{"k":[30,0,0,46,0],"v":{"t":[0,0]}},{"k":[31,0,0,45,0],"v":{"t":[0,0]}},{"k":[29,0,0,46,0],"v":{"t":[0,0]}},{"k":[30,0,0,45,0],"v":{"t":[0,0]}},{"k":[23,0,0,47,0],"v":{"t":[0,0]}},{"k":[24,0,0,46,0],"v":{"t":[0,0]}},{"k":[25,0,0,45,0],"v":{"t":[0,0]}},{"k":[26,0,0,44,0],"v":{"t":[0,0]}},{"k":[29,0,0,41,0],"v":{"t":[0,0]}},{"k":[30,0,0,40,0],"v":{"t":[0,0]}},{"k":[22,0,0,47,0],"v":{"t":[0,0]}},{"k":[23,0,0,46,0],"v":{"t":[0,0]}},{"k":[24,0,0,45,0],"v":{"t":[0,0]}},{"k":[25,0,0,44,0],"v":{"t":[0,0]}},{"k":[26,0,0,43,0],"v":{"t":[0,0]}},{"k":[29,0,0,40,0],"v":{"t":[0,0]}},{"k":[25,0,0,47,0],"v":{"t":[0,0]}},{"k":[26,0,0,46,0],"v":{"t":[0,0]}},{"k":[30,0,0,42,0],"v":{"t":[0,0]}},{"k":[31,0,0,41,0],"v":{"t":[0,0]}},{"k":[24,0,0,47,0],"v":{"t":[0,0]}},{"k":[25,0,0,46,0],"v":{"t":[0,0]}},{"k":[26,0,0,45,0],"v":{"t":[0,0]}},{"k":[30,0,0,41,0],"v":{"t":[0,0]}},{"k":[31,0,0,40,0],"v":{"t":[0,0]}},{"k":[19,0,0,47,0],"v":{"t":[0,0]}},{"k":[22,0,0,44,0],"v":{"t":[0,0]}},{"k":[23,0,0,43,0],"v":{"t":[0,0]}},{"k":[24,0,0,42,0],"v":{"t":[0,0]}},{"k":[25,0,0,41,0],"v":{"t":[0,0]}},{"k":[29,0,0,37,0],"v":{"t":[0,0]}},{"k":[30,0,0,36,0],"v":{"t":[0,0]}},{"k":[31,0,0,35,0],"v":{"t":[0,0]}},{"k":[31,0,0,34,0],"v":{"t":[0,0]}},{"k":[18,0,0,47,0],"v":{"t":[0,0]}},{"k":[19,0,0,46,0],"v":{"t":[0,0]}},{"k":[22,0,0,43,0],"v":{"t":[0,0]}},{"k":[23,0,0,42,0],"v":{"t":[0,0]}},{"k":[24,0,0,41,0],"v":{"t":[0,0]}},{"k":[29,0,0,36,0],"v":{"t":[0,0]}},{"k":[30,0,0,35,0],"v":{"t":[0,0]}},{"k":[21,0,0,47,0],"v":{"t":[0,0]}},{"k":[22,0,0,46,0],"v":{"t":[0,0]}},{"k":[23,0,0,45,0],"v":{"t":[0,0]}},{"k":[24,0,0,44,0],"v":{"t":[0,0]}},{"k":[25,0,0,43,0],"v":{"t":[0,0]}},{"k":[26,0,0,42,0],"v":{"t":[0,0]}},{"k":[31,0,0,37,0],"v":{"t":[0,0]}},{"k":[21,0,0,46,0],"v":{"t":[0,0]}},{"k":[22,0,0,45,0],"v":{"t":[0,0]}},{"k":[23,0,0,44,0],"v":{"t":[0,0]}},{"k":[24,0,0,43,0],"v":{"t":[0,0]}},{"k":[25,0,0,42,0],"v":{"t":[0,0]}},{"k":[26,0,0,41,0],"v":{"t":[0,0]}},{"k":[30,0,0,37,0],"v":{"t":[0,0]}},{"k":[31,0,0,36,0],"v":{"t":[0,0]}},{"k":[16,0,0,46,0],"v":{"t":[0,0]}},{"k":[17,0,0,45,0],"v":{"t":[0,0]}},{"k":[18,0,0,44,0],"v":{"t":[0,0]}},{"k":[19,0,0,43,0],"v":{"t":[0,0]}},{"k":[16,0,0,45,0],"v":{"t":[0,0]}},{"k":[17,0,0,44,0],"v":{"t":[0,0]}},{"k":[18,0,0,43,0],"v":{"t":[0,0]}},{"k":[19,0,0,42,0],"v":{"t":[0,0]}},{"k":[30,0,0,34,0],"v":{"t":[0,0]}},{"k":[17,0,0,47,0],"v":{"t":[0,0]}},{"k":[18,0,0,46,0],"v":{"t":[0,0]}},{"k":[19,0,0,45,0],"v":{"t":[0,0]}},{"k":[22,0,0,42,0],"v":{"t":[0,0]}},{"k":[23,0,0,41,0],"v":{"t":[0,0]}},{"k":[29,0,0,35,0],"v":{"t":[0,0]}},{"k":[29,0,0,34,0],"v":{"t":[0,0]}},{"k":[16,0,0,47,0],"v":{"t":[0,0]}},{"k":[17,0,0,46,0],"v":{"t":[0,0]}},{"k":[18,0,0,45,0],"v":{"t":[0,0]}},{"k":[19,0,0,44,0],"v":{"t":[0,0]}},{"k":[22,0,0,41,0],"v":{"t":[0,0]}},{"k":[16,0,0,41,0],"v":{"t":[0,0]}},{"k":[17,0,0,40,0],"v":{"t":[0,0]}},{"k":[16,0,0,44,0],"v":{"t":[0,0]}},{"k":[17,0,0,43,0],"v":{"t":[0,0]}},{"k":[19,0,0,41,0],"v":{"t":[0,0]}},{"k":[18,0,0,42,0],"v":{"t":[0,0]}}]},"moun":{"a":[],"o":[]},"objs":{"list":[{"k":[30,0,0,36,0],"v":{"events":[{"id":3,"name":"Enemy touch","p":[],"r":{"1":{"bh":true,"c":[{"command":[1,1,0,7,1,3,2,2],"kind":15},{"children":[{"command":[7,-1,0,1,0,10,0],"kind":21}],"command":[1,8],"kind":8},{"children":[{"command":[7,-1],"kind":41}],"command":[],"kind":9},{"command":[],"kind":10}]}},"sys":false}],"hId":-1,"id":4,"name":"OBJ0003","ooepf":true,"states":[{"cam":true,"climb":false,"dir":false,"f":2,"gid":9,"gk":4,"id":1,"move":true,"name":"Início","omk":1,"pix":true,"pos":false,"stop":false,"sx":{"k":12,"v":1},"sy":{"k":12,"v":1},"sz":{"k":12,"v":1},"through":false,"x":0,"y":0}]}},{"k":[16,0,0,37,0],"v":{"events":[{"id":3,"name":"Enemy touch","p":[],"r":{"1":{"bh":true,"c":[{"command":[1,1,0,7,3,3,2,2],"kind":15},{"children":[{"command":[7,-1,0,1,0,10,0],"kind":21}],"command":[1,8],"kind":8},{"children":[{"command":[7,-1],"kind":41}],"command":[],"kind":9},{"command":[],"kind":10}]}},"sys":false}],"hId":-1,"id":5,"name":"OBJ0003","ooepf":true,"states":[{"cam":true,"climb":false,"dir":false,"f":2,"gid":10,"gk":4,"id":1,"move":true,"name":"Início","omk":1,"pix":true,"pos":false,"stop":false,"sx":{"k":12,"v":1},"sy":{"k":12,"v":1},"sz":{"k":12,"v":1},"through":false,"x":0,"y":0}]}}]},"objs3d":{"a":[],"o":[[21,0,0,14,0,50,50,0,0,0,3,1,3],[12,0,0,24,0,50,50,60],[18,0,0,30,0,50,50,180],[27,0,0,30,0,50,50,180],[24,0,0,10,0,50,50,0,0,0,3,3,7]]},"sprites":{"list":[{"k":[22,0,0,41,0],"v":{"f":false,"k":4,"t":[7,7,1,1]}},{"k":[17,0,0,46,0],"v":{"f":false,"k":4,"t":[7,7,1,1]}},{"k":[19,0,0,44,0],"v":{"f":false,"k":4,"t":[7,7,1,1]}},{"k":[17,0,0,40,0],"v":{"k":4,"t":[7,7,1,1]}},{"k":[16,0,0,44,0],"v":{"f":false,"k":4,"t":[7,7,1,1]}},{"k":[18,0,0,42,0],"v":{"f":false,"k":4,"t":[7,7,1,1]}},{"k":[18,0,0,36,0],"v":{"k":4,"t":[7,7,1,1]}},{"k":[31,0,0,47,0],"v":{"f":false,"k":4,"t":[7,7,1,1]}},{"k":[18,0,0,34,0],"v":{"k":4,"t":[7,7,1,1]}},{"k":[27,0,0,47,0],"v":{"f":false,"k":4,"t":[7,7,1,1]}},{"k":[29,0,0,44,0],"v":{"f":false,"k":4,"t":[7,7,1,1]}},{"k":[31,0,0,41,0],"v":{"f":false,"k":4,"t":[7,7,1,1]}},{"k":[25,0,0,46,0],"v":{"f":false,"k":4,"t":[7,7,1,1]}},{"k":[30,0,0,35,0],"v":{"k":4,"t":[7,7,1,1]}},{"k":[29,0,0,36,0],"v":{"k":4,"t":[6,8,1,1]}},{"k":[25,0,0,42,0],"v":{"f":false,"k":4,"t":[7,7,1,1]}},{"k":[23,0,0,44,0],"v":{"f":false,"k":4,"t":[7,7,1,1]}},{"k":[26,0,0,41,0],"v":{"k":4,"t":[6,8,1,1]}}],"overflow":[],"walls":[]}}