{"lands":{"autotiles":[{"k":[32,0,0,32,0],"v":{"id":1,"t":[1,0],"tid":471}},{"k":[34,0,0,47,0],"v":{"id":1,"t":[1,0],"tid":372}},{"k":[35,0,0,46,0],"v":{"id":1,"t":[1,0],"tid":425}},{"k":[33,0,0,45,0],"v":{"id":1,"t":[1,0],"tid":413}},{"k":[37,0,0,40,0],"v":{"id":1,"t":[1,0],"tid":372}},{"k":[32,0,0,45,0],"v":{"id":1,"t":[1,0],"tid":520}},{"k":[34,0,0,46,0],"v":{"id":1,"t":[1,0],"tid":469}},{"k":[33,0,0,47,0],"v":{"id":1,"t":[1,0],"tid":570}},{"k":[33,0,0,46,0],"v":{"id":1,"t":[1,0],"tid":534}},{"k":[36,0,0,38,0],"v":{"id":1,"t":[1,0],"tid":225}},{"k":[35,0,0,39,0],"v":{"id":1,"t":[1,0],"tid":477}},{"k":[34,0,0,39,0],"v":{"id":1,"t":[1,0],"tid":477}},{"k":[37,0,0,39,0],"v":{"id":1,"t":[1,0],"tid":370}},{"k":[36,0,0,40,0],"v":{"id":1,"t":[1,0],"tid":570}},{"k":[32,0,0,44,0],"v":{"id":1,"t":[1,0],"tid":413}},{"k":[36,0,0,39,0],"v":{"id":1,"t":[1,0],"tid":52}},{"k":[37,0,0,38,0],"v":{"id":1,"t":[1,0],"tid":423}},{"k":[37,0,0,33,0],"v":{"id":1,"t":[1,0],"tid":372}},{"k":[32,0,0,38,0],"v":{"id":1,"t":[1,0],"tid":471}},{"k":[37,0,0,32,0],"v":{"id":1,"t":[1,0],"tid":370}},{"k":[36,0,0,33,0],"v":{"id":1,"t":[1,0],"tid":570}},{"k":[33,0,0,39,0],"v":{"id":1,"t":[1,0],"tid":274}},{"k":[32,0,0,39,0],"v":{"id":1,"t":[1,0],"tid":324}},{"k":[33,0,0,38,0],"v":{"id":1,"t":[1,0],"tid":423}},{"k":[34,0,0,32,0],"v":{"id":1,"t":[1,0],"tid":477}},{"k":[33,0,0,33,0],"v":{"id":1,"t":[1,0],"tid":372}},{"k":[33,0,0,32,0],"v":{"id":1,"t":[1,0],"tid":469}},{"k":[32,0,0,33,0],"v":{"id":1,"t":[1,0],"tid":324}},{"k":[36,0,0,32,0],"v":{"id":1,"t":[1,0],"tid":52}},{"k":[35,0,0,32,0],"v":{"id":1,"t":[1,0],"tid":477}}],"floors":[{"k":[39,0,0,47,0],"v":{"t":[0,0]}},{"k":[40,0,0,46,0],"v":{"t":[0,0]}},{"k":[41,0,0,45,0],"v":{"t":[0,0]}},{"k":[42,0,0,44,0],"v":{"t":[0,0]}},{"k":[43,0,0,43,0],"v":{"t":[0,0]}},{"k":[44,0,0,42,0],"v":{"t":[0,0]}},{"k":[38,0,0,47,0],"v":{"t":[0,0]}},{"k":[39,0,0,46,0],"v":{"t":[0,0]}},{"k":[40,0,0,45,0],"v":{"t":[0,0]}},{"k":[41,0,0,44,0],"v":{"t":[0,0]}},{"k":[42,0,0,43,0],"v":{"t":[0,0]}},{"k":[43,0,0,42,0],"v":{"t":[0,0]}},{"k":[44,0,0,41,0],"v":{"t":[0,0]}},{"k":[41,0,0,47,0],"v":{"t":[0,0]}},{"k":[42,0,0,46,0],"v":{"t":[0,0]}},{"k":[43,0,0,45,0],"v":{"t":[0,0]}},{"k":[44,0,0,44,0],"v":{"t":[0,0]}},{"k":[40,0,0,47,0],"v":{"t":[0,0]}},{"k":[41,0,0,46,0],"v":{"t":[0,0]}},{"k":[42,0,0,45,0],"v":{"t":[0,0]}},{"k":[43,0,0,44,0],"v":{"t":[0,0]}},{"k":[44,0,0,43,0],"v":{"t":[0,0]}},{"k":[35,0,0,47,0],"v":{"t":[0,0]}},{"k":[36,0,0,46,0],"v":{"t":[0,0]}},{"k":[37,0,0,45,0],"v":{"t":[0,0]}},{"k":[38,0,0,44,0],"v":{"t":[0,0]}},{"k":[39,0,0,43,0],"v":{"t":[0,0]}},{"k":[40,0,0,42,0],"v":{"t":[0,0]}},{"k":[41,0,0,41,0],"v":{"t":[0,0]}},{"k":[42,0,0,40,0],"v":{"t":[0,0]}},{"k":[43,0,0,39,0],"v":{"t":[0,0]}},{"k":[44,0,0,38,0],"v":{"t":[0,0]}},{"k":[36,0,0,45,0],"v":{"t":[0,0]}},{"k":[37,0,0,44,0],"v":{"t":[0,0]}},{"k":[38,0,0,43,0],"v":{"t":[0,0]}},{"k":[39,0,0,42,0],"v":{"t":[0,0]}},{"k":[40,0,0,41,0],"v":{"t":[0,0]}},{"k":[41,0,0,40,0],"v":{"t":[0,0]}},{"k":[42,0,0,39,0],"v":{"t":[0,0]}},{"k":[43,0,0,38,0],"v":{"t":[0,0]}},{"k":[44,0,0,37,0],"v":{"t":[0,0]}},{"k":[37,0,0,47,0],"v":{"t":[0,0]}},{"k":[38,0,0,46,0],"v":{"t":[0,0]}},{"k":[39,0,0,45,0],"v":{"t":[0,0]}},{"k":[40,0,0,44,0],"v":{"t":[0,0]}},{"k":[41,0,0,43,0],"v":{"t":[0,0]}},{"k":[42,0,0,42,0],"v":{"t":[0,0]}},{"k":[43,0,0,41,0],"v":{"t":[0,0]}},{"k":[44,0,0,40,0],"v":{"t":[0,0]}},{"k":[36,0,0,47,0],"v":{"t":[0,0]}},{"k":[37,0,0,46,0],"v":{"t":[0,0]}},{"k":[38,0,0,45,0],"v":{"t":[0,0]}},{"k":[39,0,0,44,0],"v":{"t":[0,0]}},{"k":[40,0,0,43,0],"v":{"t":[0,0]}},{"k":[41,0,0,42,0],"v":{"t":[0,0]}},{"k":[42,0,0,41,0],"v":{"t":[0,0]}},{"k":[43,0,0,40,0],"v":{"t":[0,0]}},{"k":[44,0,0,39,0],"v":{"t":[0,0]}},{"k":[44,0,0,34,0],"v":{"t":[0,0]}},{"k":[32,0,0,46,0],"v":{"t":[0,0]}},{"k":[34,0,0,44,0],"v":{"t":[0,0]}},{"k":[35,0,0,43,0],"v":{"t":[0,0]}},{"k":[36,0,0,42,0],"v":{"t":[0,0]}},{"k":[37,0,0,41,0],"v":{"t":[0,0]}},{"k":[38,0,0,40,0],"v":{"t":[0,0]}},{"k":[39,0,0,39,0],"v":{"t":[0,0]}},{"k":[40,0,0,38,0],"v":{"t":[0,0]}},{"k":[41,0,0,37,0],"v":{"t":[0,0]}},{"k":[42,0,0,36,0],"v":{"t":[0,0]}},{"k":[43,0,0,35,0],"v":{"t":[0,0]}},{"k":[44,0,0,33,0],"v":{"t":[0,0]}},{"k":[43,0,0,34,0],"v":{"t":[0,0]}},{"k":[33,0,0,44,0],"v":{"t":[0,0]}},{"k":[34,0,0,43,0],"v":{"t":[0,0]}},{"k":[35,0,0,42,0],"v":{"t":[0,0]}},{"k":[36,0,0,41,0],"v":{"t":[0,0]}},{"k":[38,0,0,39,0],"v":{"t":[0,0]}},{"k":[39,0,0,38,0],"v":{"t":[0,0]}},{"k":[40,0,0,37,0],"v":{"t":[0,0]}},{"k":[41,0,0,36,0],"v":{"t":[0,0]}},{"k":[42,0,0,35,0],"v":{"t":[0,0]}},{"k":[35,0,0,45,0],"v":{"t":[0,0]}},{"k":[36,0,0,44,0],"v":{"t":[0,0]}},{"k":[37,0,0,43,0],"v":{"t":[0,0]}},{"k":[38,0,0,42,0],"v":{"t":[0,0]}},{"k":[39,0,0,41,0],"v":{"t":[0,0]}},{"k":[40,0,0,40,0],"v":{"t":[0,0]}},{"k":[41,0,0,39,0],"v":{"t":[0,0]}},{"k":[42,0,0,38,0],"v":{"t":[0,0]}},{"k":[43,0,0,37,0],"v":{"t":[0,0]}},{"k":[44,0,0,36,0],"v":{"t":[0,0]}},{"k":[32,0,0,47,0],"v":{"t":[0,0]}},{"k":[34,0,0,45,0],"v":{"t":[0,0]}},{"k":[35,0,0,44,0],"v":{"t":[0,0]}},{"k":[36,0,0,43,0],"v":{"t":[0,0]}},{"k":[37,0,0,42,0],"v":{"t":[0,0]}},{"k":[38,0,0,41,0],"v":{"t":[0,0]}},{"k":[39,0,0,40,0],"v":{"t":[0,0]}},{"k":[40,0,0,39,0],"v":{"t":[0,0]}},{"k":[41,0,0,38,0],"v":{"t":[0,0]}},{"k":[42,0,0,37,0],"v":{"t":[0,0]}},{"k":[43,0,0,36,0],"v":{"t":[0,0]}},{"k":[44,0,0,35,0],"v":{"t":[0,0]}},{"k":[42,0,0,32,0],"v":{"t":[0,0]}},{"k":[41,0,0,33,0],"v":{"t":[0,0]}},{"k":[40,0,0,34,0],"v":{"t":[0,0]}},{"k":[32,0,0,42,0],"v":{"t":[0,0]}},{"k":[33,0,0,41,0],"v":{"t":[0,0]}},{"k":[34,0,0,40,0],"v":{"t":[0,0]}},{"k":[37,0,0,37,0],"v":{"t":[0,0]}},{"k":[38,0,0,36,0],"v":{"t":[0,0]}},{"k":[39,0,0,35,0],"v":{"t":[0,0]}},{"k":[41,0,0,32,0],"v":{"t":[0,0]}},{"k":[40,0,0,33,0],"v":{"t":[0,0]}},{"k":[39,0,0,34,0],"v":{"t":[0,0]}},{"k":[32,0,0,41,0],"v":{"t":[0,0]}},{"k":[33,0,0,40,0],"v":{"t":[0,0]}},{"k":[35,0,0,38,0],"v":{"t":[0,0]}},{"k":[36,0,0,37,0],"v":{"t":[0,0]}},{"k":[37,0,0,36,0],"v":{"t":[0,0]}},{"k":[38,0,0,35,0],"v":{"t":[0,0]}},{"k":[44,0,0,32,0],"v":{"t":[0,0]}},{"k":[43,0,0,33,0],"v":{"t":[0,0]}},{"k":[42,0,0,34,0],"v":{"t":[0,0]}},{"k":[33,0,0,43,0],"v":{"t":[0,0]}},{"k":[34,0,0,42,0],"v":{"t":[0,0]}},{"k":[35,0,0,41,0],"v":{"t":[0,0]}},{"k":[38,0,0,38,0],"v":{"t":[0,0]}},{"k":[39,0,0,37,0],"v":{"t":[0,0]}},{"k":[40,0,0,36,0],"v":{"t":[0,0]}},{"k":[41,0,0,35,0],"v":{"t":[0,0]}},{"k":[43,0,0,32,0],"v":{"t":[0,0]}},{"k":[42,0,0,33,0],"v":{"t":[0,0]}},{"k":[41,0,0,34,0],"v":{"t":[0,0]}},{"k":[32,0,0,43,0],"v":{"t":[0,0]}},{"k":[33,0,0,42,0],"v":{"t":[0,0]}},{"k":[34,0,0,41,0],"v":{"t":[0,0]}},{"k":[35,0,0,40,0],"v":{"t":[0,0]}},{"k":[38,0,0,37,0],"v":{"t":[0,0]}},{"k":[39,0,0,36,0],"v":{"t":[0,0]}},{"k":[40,0,0,35,0],"v":{"t":[0,0]}},{"k":[38,0,0,32,0],"v":{"t":[0,0]}},{"k":[36,0,0,34,0],"v":{"t":[0,0]}},{"k":[33,0,0,37,0],"v":{"t":[0,0]}},{"k":[34,0,0,36,0],"v":{"t":[0,0]}},{"k":[35,0,0,35,0],"v":{"t":[0,0]}},{"k":[35,0,0,34,0],"v":{"t":[0,0]}},{"k":[32,0,0,37,0],"v":{"t":[0,0]}},{"k":[33,0,0,36,0],"v":{"t":[0,0]}},{"k":[34,0,0,35,0],"v":{"t":[0,0]}},{"k":[40,0,0,32,0],"v":{"t":[0,0]}},{"k":[39,0,0,33,0],"v":{"t":[0,0]}},{"k":[38,0,0,34,0],"v":{"t":[0,0]}},{"k":[32,0,0,40,0],"v":{"t":[0,0]}},{"k":[35,0,0,37,0],"v":{"t":[0,0]}},{"k":[36,0,0,36,0],"v":{"t":[0,0]}},{"k":[37,0,0,35,0],"v":{"t":[0,0]}},{"k":[34,0,0,38,0],"v":{"t":[0,0]}},{"k":[39,0,0,32,0],"v":{"t":[0,0]}},{"k":[38,0,0,33,0],"v":{"t":[0,0]}},{"k":[37,0,0,34,0],"v":{"t":[0,0]}},{"k":[34,0,0,37,0],"v":{"t":[0,0]}},{"k":[35,0,0,36,0],"v":{"t":[0,0]}},{"k":[36,0,0,35,0],"v":{"t":[0,0]}},{"k":[32,0,0,34,0],"v":{"t":[0,0]}},{"k":[35,0,0,33,0],"v":{"t":[0,0]}},{"k":[34,0,0,34,0],"v":{"t":[0,0]}},{"k":[32,0,0,36,0],"v":{"t":[0,0]}},{"k":[33,0,0,35,0],"v":{"t":[0,0]}},{"k":[34,0,0,33,0],"v":{"t":[0,0]}},{"k":[33,0,0,34,0],"v":{"t":[0,0]}},{"k":[32,0,0,35,0],"v":{"t":[0,0]}},{"k":[43,0,0,47,0],"v":{"t":[0,0]}},{"k":[44,0,0,46,0],"v":{"t":[0,0]}},{"k":[42,0,0,47,0],"v":{"t":[0,0]}},{"k":[43,0,0,46,0],"v":{"t":[0,0]}},{"k":[44,0,0,45,0],"v":{"t":[0,0]}},{"k":[44,0,0,47,0],"v":{"t":[0,0]}}]},"moun":{"a":[],"o":[]},"objs":{"list":[]},"objs3d":{"a":[{"k":[39,0,0,33,0,50,50,278],"v":{"did":46}},{"k":[39,0,0,41,0,50,50,260],"v":{"did":46}}],"o":[]},"sprites":{"list":[{"k":[44,0,0,45,0],"v":{"f":false,"k":6,"t":[0,1,2,2]}},{"k":[43,0,0,43,0],"v":{"k":4,"t":[6,8,1,1]}},{"k":[43,0,0,42,0],"v":{"f":false,"k":6,"t":[0,1,2,2]}},{"k":[42,0,0,45,0],"v":{"f":false,"k":6,"t":[0,1,2,2]}},{"k":[39,0,0,43,0],"v":{"k":4,"t":[7,8,1,1]}},{"k":[44,0,0,37,0],"v":{"f":false,"k":6,"t":[0,1,2,2]}},{"k":[42,0,0,39,0],"v":{"k":4,"t":[7,8,1,1]}},{"k":[43,0,0,38,0],"v":{"k":4,"t":[6,8,1,1]}},{"k":[44,0,0,40,0],"v":{"f":false,"k":6,"t":[0,1,2,2]}},{"k":[40,0,0,43,0],"v":{"k":4,"t":[6,8,1,1]}},{"k":[43,0,0,35,0],"v":{"f":false,"k":6,"t":[0,1,2,2]}},{"k":[35,0,0,42,0],"v":{"f":false,"k":4,"t":[7,7,1,1]}},{"k":[33,0,0,44,0],"v":{"f":false,"k":4,"t":[7,7,1,1]}},{"k":[44,0,0,33,0],"v":{"k":4,"t":[6,8,1,1]}},{"k":[42,0,0,37,0],"v":{"k":4,"t":[6,8,1,1]}},{"k":[33,0,0,41,0],"v":{"f":false,"k":4,"t":[7,7,1,1]}},{"k":[42,0,0,32,0],"v":{"k":4,"t":[7,8,1,1]}},{"k":[36,0,0,37,0],"v":{"k":4,"t":[7,7,1,1]}},{"k":[40,0,0,36,0],"v":{"f":false,"k":6,"t":[0,1,2,2]}},{"k":[44,0,0,32,0],"v":{"f":false,"k":6,"t":[0,1,2,2]}},{"k":[42,0,0,34,0],"v":{"k":4,"t":[6,8,1,1]}},{"k":[35,0,0,35,0],"v":{"k":4,"t":[7,7,1,1]}},{"k":[32,0,0,37,0],"v":{"k":4,"t":[7,7,1,1]}},{"k":[35,0,0,34,0],"v":{"k":4,"t":[7,7,1,1]}},{"k":[43,0,0,47,0],"v":{"f":false,"k":6,"t":[0,1,2,2]}}],"overflow":[],"walls":[]}}