{"lands":{"autotiles":[{"k":[37,0,0,31,0],"v":{"id":1,"t":[1,0],"tid":423}},{"k":[36,0,0,31,0],"v":{"id":1,"t":[1,0],"tid":225}},{"k":[33,0,0,25,0],"v":{"id":1,"t":[1,0],"tid":12}},{"k":[32,0,0,26,0],"v":{"id":1,"t":[1,0],"tid":68}},{"k":[33,0,0,24,0],"v":{"id":1,"t":[1,0],"tid":177}},{"k":[32,0,0,25,0],"v":{"id":1,"t":[1,0],"tid":225}},{"k":[34,0,0,26,0],"v":{"id":1,"t":[1,0],"tid":372}},{"k":[34,0,0,25,0],"v":{"id":1,"t":[1,0],"tid":423}},{"k":[33,0,0,26,0],"v":{"id":1,"t":[1,0],"tid":324}}],"floors":[{"k":[38,0,0,16,0],"v":{"t":[0,0]}},{"k":[37,0,0,17,0],"v":{"t":[0,0]}},{"k":[36,0,0,18,0],"v":{"t":[0,0]}},{"k":[35,0,0,19,0],"v":{"t":[0,0]}},{"k":[34,0,0,20,0],"v":{"t":[0,0]}},{"k":[33,0,0,21,0],"v":{"t":[0,0]}},{"k":[32,0,0,22,0],"v":{"t":[0,0]}},{"k":[37,0,0,16,0],"v":{"t":[0,0]}},{"k":[36,0,0,17,0],"v":{"t":[0,0]}},{"k":[35,0,0,18,0],"v":{"t":[0,0]}},{"k":[34,0,0,19,0],"v":{"t":[0,0]}},{"k":[33,0,0,20,0],"v":{"t":[0,0]}},{"k":[32,0,0,21,0],"v":{"t":[0,0]}},{"k":[40,0,0,16,0],"v":{"t":[0,0]}},{"k":[39,0,0,17,0],"v":{"t":[0,0]}},{"k":[38,0,0,18,0],"v":{"t":[0,0]}},{"k":[37,0,0,19,0],"v":{"t":[0,0]}},{"k":[36,0,0,20,0],"v":{"t":[0,0]}},{"k":[35,0,0,21,0],"v":{"t":[0,0]}},{"k":[34,0,0,22,0],"v":{"t":[0,0]}},{"k":[33,0,0,23,0],"v":{"t":[0,0]}},{"k":[32,0,0,24,0],"v":{"t":[0,0]}},{"k":[39,0,0,16,0],"v":{"t":[0,0]}},{"k":[38,0,0,17,0],"v":{"t":[0,0]}},{"k":[37,0,0,18,0],"v":{"t":[0,0]}},{"k":[36,0,0,19,0],"v":{"t":[0,0]}},{"k":[35,0,0,20,0],"v":{"t":[0,0]}},{"k":[34,0,0,21,0],"v":{"t":[0,0]}},{"k":[33,0,0,22,0],"v":{"t":[0,0]}},{"k":[32,0,0,23,0],"v":{"t":[0,0]}},{"k":[34,0,0,16,0],"v":{"t":[0,0]}},{"k":[33,0,0,17,0],"v":{"t":[0,0]}},{"k":[32,0,0,18,0],"v":{"t":[0,0]}},{"k":[33,0,0,16,0],"v":{"t":[0,0]}},{"k":[32,0,0,17,0],"v":{"t":[0,0]}},{"k":[36,0,0,16,0],"v":{"t":[0,0]}},{"k":[35,0,0,17,0],"v":{"t":[0,0]}},{"k":[34,0,0,18,0],"v":{"t":[0,0]}},{"k":[33,0,0,19,0],"v":{"t":[0,0]}},{"k":[32,0,0,20,0],"v":{"t":[0,0]}},{"k":[35,0,0,16,0],"v":{"t":[0,0]}},{"k":[34,0,0,17,0],"v":{"t":[0,0]}},{"k":[33,0,0,18,0],"v":{"t":[0,0]}},{"k":[32,0,0,19,0],"v":{"t":[0,0]}},{"k":[32,0,0,16,0],"v":{"t":[0,0]}},{"k":[44,0,0,30,0],"v":{"t":[0,0]}},{"k":[43,0,0,31,0],"v":{"t":[0,0]}},{"k":[44,0,0,29,0],"v":{"t":[0,0]}},{"k":[43,0,0,30,0],"v":{"t":[0,0]}},{"k":[42,0,0,31,0],"v":{"t":[0,0]}},{"k":[44,0,0,31,0],"v":{"t":[0,0]}},{"k":[44,0,0,26,0],"v":{"t":[0,0]}},{"k":[43,0,0,27,0],"v":{"t":[0,0]}},{"k":[42,0,0,28,0],"v":{"t":[0,0]}},{"k":[41,0,0,29,0],"v":{"t":[0,0]}},{"k":[40,0,0,30,0],"v":{"t":[0,0]}},{"k":[39,0,0,31,0],"v":{"t":[0,0]}},{"k":[44,0,0,25,0],"v":{"t":[0,0]}},{"k":[43,0,0,26,0],"v":{"t":[0,0]}},{"k":[42,0,0,27,0],"v":{"t":[0,0]}},{"k":[41,0,0,28,0],"v":{"t":[0,0]}},{"k":[40,0,0,29,0],"v":{"t":[0,0]}},{"k":[39,0,0,30,0],"v":{"t":[0,0]}},{"k":[38,0,0,31,0],"v":{"t":[0,0]}},{"k":[44,0,0,28,0],"v":{"t":[0,0]}},{"k":[43,0,0,29,0],"v":{"t":[0,0]}},{"k":[42,0,0,30,0],"v":{"t":[0,0]}},{"k":[41,0,0,31,0],"v":{"t":[0,0]}},{"k":[44,0,0,27,0],"v":{"t":[0,0]}},{"k":[43,0,0,28,0],"v":{"t":[0,0]}},{"k":[42,0,0,29,0],"v":{"t":[0,0]}},{"k":[41,0,0,30,0],"v":{"t":[0,0]}},{"k":[40,0,0,31,0],"v":{"t":[0,0]}},{"k":[44,0,0,22,0],"v":{"t":[0,0]}},{"k":[43,0,0,23,0],"v":{"t":[0,0]}},{"k":[42,0,0,24,0],"v":{"t":[0,0]}},{"k":[41,0,0,25,0],"v":{"t":[0,0]}},{"k":[40,0,0,26,0],"v":{"t":[0,0]}},{"k":[39,0,0,27,0],"v":{"t":[0,0]}},{"k":[38,0,0,28,0],"v":{"t":[0,0]}},{"k":[37,0,0,29,0],"v":{"t":[0,0]}},{"k":[36,0,0,30,0],"v":{"t":[0,0]}},{"k":[35,0,0,31,0],"v":{"t":[0,0]}},{"k":[44,0,0,21,0],"v":{"t":[0,0]}},{"k":[43,0,0,22,0],"v":{"t":[0,0]}},{"k":[42,0,0,23,0],"v":{"t":[0,0]}},{"k":[41,0,0,24,0],"v":{"t":[0,0]}},{"k":[40,0,0,25,0],"v":{"t":[0,0]}},{"k":[39,0,0,26,0],"v":{"t":[0,0]}},{"k":[38,0,0,27,0],"v":{"t":[0,0]}},{"k":[37,0,0,28,0],"v":{"t":[0,0]}},{"k":[36,0,0,29,0],"v":{"t":[0,0]}},{"k":[35,0,0,30,0],"v":{"t":[0,0]}},{"k":[34,0,0,31,0],"v":{"t":[0,0]}},{"k":[44,0,0,24,0],"v":{"t":[0,0]}},{"k":[43,0,0,25,0],"v":{"t":[0,0]}},{"k":[42,0,0,26,0],"v":{"t":[0,0]}},{"k":[41,0,0,27,0],"v":{"t":[0,0]}},{"k":[40,0,0,28,0],"v":{"t":[0,0]}},{"k":[39,0,0,29,0],"v":{"t":[0,0]}},{"k":[38,0,0,30,0],"v":{"t":[0,0]}},{"k":[44,0,0,23,0],"v":{"t":[0,0]}},{"k":[43,0,0,24,0],"v":{"t":[0,0]}},{"k":[42,0,0,25,0],"v":{"t":[0,0]}},{"k":[41,0,0,26,0],"v":{"t":[0,0]}},{"k":[40,0,0,27,0],"v":{"t":[0,0]}},{"k":[39,0,0,28,0],"v":{"t":[0,0]}},{"k":[38,0,0,29,0],"v":{"t":[0,0]}},{"k":[37,0,0,30,0],"v":{"t":[0,0]}},{"k":[44,0,0,18,0],"v":{"t":[0,0]}},{"k":[43,0,0,19,0],"v":{"t":[0,0]}},{"k":[42,0,0,20,0],"v":{"t":[0,0]}},{"k":[41,0,0,21,0],"v":{"t":[0,0]}},{"k":[40,0,0,22,0],"v":{"t":[0,0]}},{"k":[39,0,0,23,0],"v":{"t":[0,0]}},{"k":[38,0,0,24,0],"v":{"t":[0,0]}},{"k":[37,0,0,25,0],"v":{"t":[0,0]}},{"k":[36,0,0,26,0],"v":{"t":[0,0]}},{"k":[35,0,0,27,0],"v":{"t":[0,0]}},{"k":[34,0,0,28,0],"v":{"t":[0,0]}},{"k":[33,0,0,29,0],"v":{"t":[0,0]}},{"k":[32,0,0,30,0],"v":{"t":[0,0]}},{"k":[44,0,0,17,0],"v":{"t":[0,0]}},{"k":[43,0,0,18,0],"v":{"t":[0,0]}},{"k":[42,0,0,19,0],"v":{"t":[0,0]}},{"k":[41,0,0,20,0],"v":{"t":[0,0]}},{"k":[40,0,0,21,0],"v":{"t":[0,0]}},{"k":[39,0,0,22,0],"v":{"t":[0,0]}},{"k":[38,0,0,23,0],"v":{"t":[0,0]}},{"k":[37,0,0,24,0],"v":{"t":[0,0]}},{"k":[36,0,0,25,0],"v":{"t":[0,0]}},{"k":[35,0,0,26,0],"v":{"t":[0,0]}},{"k":[34,0,0,27,0],"v":{"t":[0,0]}},{"k":[33,0,0,28,0],"v":{"t":[0,0]}},{"k":[32,0,0,29,0],"v":{"t":[0,0]}},{"k":[44,0,0,20,0],"v":{"t":[0,0]}},{"k":[43,0,0,21,0],"v":{"t":[0,0]}},{"k":[42,0,0,22,0],"v":{"t":[0,0]}},{"k":[41,0,0,23,0],"v":{"t":[0,0]}},{"k":[40,0,0,24,0],"v":{"t":[0,0]}},{"k":[39,0,0,25,0],"v":{"t":[0,0]}},{"k":[38,0,0,26,0],"v":{"t":[0,0]}},{"k":[37,0,0,27,0],"v":{"t":[0,0]}},{"k":[36,0,0,28,0],"v":{"t":[0,0]}},{"k":[35,0,0,29,0],"v":{"t":[0,0]}},{"k":[34,0,0,30,0],"v":{"t":[0,0]}},{"k":[33,0,0,31,0],"v":{"t":[0,0]}},{"k":[44,0,0,19,0],"v":{"t":[0,0]}},{"k":[43,0,0,20,0],"v":{"t":[0,0]}},{"k":[42,0,0,21,0],"v":{"t":[0,0]}},{"k":[41,0,0,22,0],"v":{"t":[0,0]}},{"k":[40,0,0,23,0],"v":{"t":[0,0]}},{"k":[39,0,0,24,0],"v":{"t":[0,0]}},{"k":[38,0,0,25,0],"v":{"t":[0,0]}},{"k":[37,0,0,26,0],"v":{"t":[0,0]}},{"k":[36,0,0,27,0],"v":{"t":[0,0]}},{"k":[35,0,0,28,0],"v":{"t":[0,0]}},{"k":[34,0,0,29,0],"v":{"t":[0,0]}},{"k":[33,0,0,30,0],"v":{"t":[0,0]}},{"k":[32,0,0,31,0],"v":{"t":[0,0]}},{"k":[42,0,0,16,0],"v":{"t":[0,0]}},{"k":[41,0,0,17,0],"v":{"t":[0,0]}},{"k":[40,0,0,18,0],"v":{"t":[0,0]}},{"k":[39,0,0,19,0],"v":{"t":[0,0]}},{"k":[38,0,0,20,0],"v":{"t":[0,0]}},{"k":[37,0,0,21,0],"v":{"t":[0,0]}},{"k":[36,0,0,22,0],"v":{"t":[0,0]}},{"k":[35,0,0,23,0],"v":{"t":[0,0]}},{"k":[34,0,0,24,0],"v":{"t":[0,0]}},{"k":[41,0,0,16,0],"v":{"t":[0,0]}},{"k":[40,0,0,17,0],"v":{"t":[0,0]}},{"k":[39,0,0,18,0],"v":{"t":[0,0]}},{"k":[38,0,0,19,0],"v":{"t":[0,0]}},{"k":[37,0,0,20,0],"v":{"t":[0,0]}},{"k":[36,0,0,21,0],"v":{"t":[0,0]}},{"k":[35,0,0,22,0],"v":{"t":[0,0]}},{"k":[34,0,0,23,0],"v":{"t":[0,0]}},{"k":[44,0,0,16,0],"v":{"t":[0,0]}},{"k":[43,0,0,17,0],"v":{"t":[0,0]}},{"k":[42,0,0,18,0],"v":{"t":[0,0]}},{"k":[41,0,0,19,0],"v":{"t":[0,0]}},{"k":[40,0,0,20,0],"v":{"t":[0,0]}},{"k":[39,0,0,21,0],"v":{"t":[0,0]}},{"k":[38,0,0,22,0],"v":{"t":[0,0]}},{"k":[37,0,0,23,0],"v":{"t":[0,0]}},{"k":[36,0,0,24,0],"v":{"t":[0,0]}},{"k":[35,0,0,25,0],"v":{"t":[0,0]}},{"k":[33,0,0,27,0],"v":{"t":[0,0]}},{"k":[32,0,0,28,0],"v":{"t":[0,0]}},{"k":[43,0,0,16,0],"v":{"t":[0,0]}},{"k":[42,0,0,17,0],"v":{"t":[0,0]}},{"k":[41,0,0,18,0],"v":{"t":[0,0]}},{"k":[40,0,0,19,0],"v":{"t":[0,0]}},{"k":[39,0,0,20,0],"v":{"t":[0,0]}},{"k":[38,0,0,21,0],"v":{"t":[0,0]}},{"k":[37,0,0,22,0],"v":{"t":[0,0]}},{"k":[36,0,0,23,0],"v":{"t":[0,0]}},{"k":[35,0,0,24,0],"v":{"t":[0,0]}},{"k":[32,0,0,27,0],"v":{"t":[0,0]}}]},"moun":{"a":[],"o":[]},"objs":{"list":[{"k":[34,0,0,26,0],"v":{"events":[{"id":1,"name":"Hero action","p":[],"r":{"1":{"bh":true,"c":[{"command":[8,"Vovô",3,3,0,1,"Eu tentei libertar a Cumadre Fulozinha, mas não consegui achar onde ela\nestá aprisionada. Agora estou no final da vida, e você precisa continuar\no que eu comecei."],"kind":1},{"command":[8,"Vovô",3,3,0,1,"Mas tenha cuidado, algumas pessoas só buscam conseguir poderes para\nganhos pessoais. Você precisa usar esses mesmos poderes para salvar\na nossa natureza."],"kind":1},{"command":[7,-1,7,-1,7,2,0],"kind":18}]},"2":{"bh":true,"c":[{"command":[8,"Vovô",3,3,0,1,"Meu neto, acredito com você. Encontre a Cumadre Fulozinha!"],"kind":1}]}},"sys":false}],"hId":-1,"id":6,"name":"OBJ0006","ooepf":false,"states":[{"cam":true,"climb":false,"cx":{"k":12,"v":20},"dir":false,"gid":31,"gk":4,"id":1,"move":true,"name":"Início","pix":true,"pos":false,"stop":false,"sx":{"k":12,"v":1},"sy":{"k":12,"v":1},"sz":{"k":12,"v":1},"through":false,"x":0,"y":0},{"cam":true,"climb":false,"dir":false,"gid":31,"gk":4,"id":2,"move":true,"name":"Fim","pix":true,"pos":false,"stop":false,"sx":{"k":12,"v":1},"sy":{"k":12,"v":1},"sz":{"k":12,"v":1},"through":false,"x":0,"y":0}]}}]},"objs3d":{"a":[{"k":[35,0,0,25,0,50,50,304],"v":{"did":48}}],"o":[]},"sprites":{"list":[{"k":[42,0,0,28,0],"v":{"f":false,"k":6,"t":[0,1,2,2]}},{"k":[41,0,0,29,0],"v":{"k":4,"t":[6,8,1,1]}},{"k":[43,0,0,29,0],"v":{"k":4,"t":[6,8,1,1]}},{"k":[44,0,0,27,0],"v":{"f":false,"k":6,"t":[0,1,2,2]}},{"k":[36,0,0,30,0],"v":{"k":4,"t":[7,7,1,1]}},{"k":[35,0,0,31,0],"v":{"k":4,"t":[7,7,1,1]}},{"k":[40,0,0,26,0],"v":{"k":4,"t":[6,8,1,1]}},{"k":[38,0,0,27,0],"v":{"f":false,"k":6,"t":[0,1,2,2]}},{"k":[40,0,0,25,0],"v":{"k":4,"t":[6,8,1,1]}},{"k":[42,0,0,23,0],"v":{"k":4,"t":[6,8,1,1]}},{"k":[44,0,0,21,0],"v":{"k":4,"t":[6,8,1,1]}},{"k":[42,0,0,26,0],"v":{"f":false,"k":6,"t":[0,1,2,2]}},{"k":[40,0,0,27,0],"v":{"f":false,"k":6,"t":[0,1,2,2]}},{"k":[43,0,0,24,0],"v":{"f":false,"k":6,"t":[0,1,2,2]}},{"k":[44,0,0,23,0],"v":{"k":4,"t":[7,8,1,1]}},{"k":[33,0,0,29,0],"v":{"k":4,"t":[6,8,1,1]}},{"k":[44,0,0,18,0],"v":{"k":4,"t":[7,8,1,1]}},{"k":[39,0,0,22,0],"v":{"f":false,"k":6,"t":[0,1,2,2]}},{"k":[43,0,0,18,0],"v":{"k":4,"t":[6,8,1,1]}},{"k":[40,0,0,24,0],"v":{"f":false,"k":6,"t":[0,1,2,2]}},{"k":[36,0,0,28,0],"v":{"k":4,"t":[7,7,1,1]}},{"k":[39,0,0,25,0],"v":{"k":4,"t":[7,8,1,1]}},{"k":[43,0,0,20,0],"v":{"f":false,"k":6,"t":[0,1,2,2]}},{"k":[42,0,0,21,0],"v":{"f":false,"k":6,"t":[0,1,2,2]}},{"k":[32,0,0,31,0],"v":{"k":4,"t":[6,8,1,1]}},{"k":[41,0,0,22,0],"v":{"k":4,"t":[7,8,1,1]}},{"k":[40,0,0,18,0],"v":{"f":false,"k":6,"t":[0,1,2,2]}},{"k":[37,0,0,21,0],"v":{"k":4,"t":[7,8,1,1]}},{"k":[38,0,0,19,0],"v":{"f":false,"k":6,"t":[0,1,2,2]}},{"k":[41,0,0,16,0],"v":{"k":4,"t":[7,8,1,1]}},{"k":[40,0,0,20,0],"v":{"f":false,"k":6,"t":[0,1,2,2]}},{"k":[43,0,0,17,0],"v":{"f":false,"k":6,"t":[0,1,2,2]}},{"k":[32,0,0,27,0],"v":{"k":4,"t":[7,7,1,1]}},{"k":[42,0,0,17,0],"v":{"k":4,"t":[6,8,1,1]}},{"k":[35,0,0,19,0],"v":{"f":false,"k":6,"t":[5,8,1,1]}},{"k":[39,0,0,16,0],"v":{"f":false,"k":6,"t":[0,1,2,2]}},{"k":[36,0,0,16,0],"v":{"f":false,"k":6,"t":[0,1,2,2]}},{"k":[43,0,0,31,0],"v":{"f":false,"k":6,"t":[0,1,2,2]}}],"overflow":[],"walls":[]}}