{"lands":{"autotiles":[],"floors":[{"k":[44,0,0,10,0],"v":{"t":[0,0]}},{"k":[43,0,0,11,0],"v":{"t":[0,0]}},{"k":[42,0,0,12,0],"v":{"t":[0,0]}},{"k":[41,0,0,13,0],"v":{"t":[0,0]}},{"k":[40,0,0,14,0],"v":{"t":[0,0]}},{"k":[39,0,0,15,0],"v":{"t":[0,0]}},{"k":[44,0,0,9,0],"v":{"t":[0,0]}},{"k":[43,0,0,10,0],"v":{"t":[0,0]}},{"k":[42,0,0,11,0],"v":{"t":[0,0]}},{"k":[41,0,0,12,0],"v":{"t":[0,0]}},{"k":[40,0,0,13,0],"v":{"t":[0,0]}},{"k":[39,0,0,14,0],"v":{"t":[0,0]}},{"k":[38,0,0,15,0],"v":{"t":[0,0]}},{"k":[44,0,0,12,0],"v":{"t":[0,0]}},{"k":[43,0,0,13,0],"v":{"t":[0,0]}},{"k":[42,0,0,14,0],"v":{"t":[0,0]}},{"k":[41,0,0,15,0],"v":{"t":[0,0]}},{"k":[44,0,0,11,0],"v":{"t":[0,0]}},{"k":[43,0,0,12,0],"v":{"t":[0,0]}},{"k":[42,0,0,13,0],"v":{"t":[0,0]}},{"k":[41,0,0,14,0],"v":{"t":[0,0]}},{"k":[40,0,0,15,0],"v":{"t":[0,0]}},{"k":[44,0,0,6,0],"v":{"t":[0,0]}},{"k":[43,0,0,7,0],"v":{"t":[0,0]}},{"k":[42,0,0,8,0],"v":{"t":[0,0]}},{"k":[41,0,0,9,0],"v":{"t":[0,0]}},{"k":[40,0,0,10,0],"v":{"t":[0,0]}},{"k":[39,0,0,11,0],"v":{"t":[0,0]}},{"k":[38,0,0,12,0],"v":{"t":[0,0]}},{"k":[37,0,0,13,0],"v":{"t":[0,0]}},{"k":[36,0,0,14,0],"v":{"t":[0,0]}},{"k":[35,0,0,15,0],"v":{"t":[0,0]}},{"k":[44,6,0,0,0],"v":{"t":[0,0]}},{"k":[43,0,0,6,0],"v":{"t":[0,0]}},{"k":[42,0,0,7,0],"v":{"t":[0,0]}},{"k":[41,0,0,8,0],"v":{"t":[0,0]}},{"k":[40,0,0,9,0],"v":{"t":[0,0]}},{"k":[39,0,0,10,0],"v":{"t":[0,0]}},{"k":[38,0,0,11,0],"v":{"t":[0,0]}},{"k":[37,0,0,12,0],"v":{"t":[0,0]}},{"k":[36,0,0,13,0],"v":{"t":[0,0]}},{"k":[35,0,0,14,0],"v":{"t":[0,0]}},{"k":[34,0,0,15,0],"v":{"t":[0,0]}},{"k":[44,0,0,5,0],"v":{"t":[0,0]}},{"k":[43,6,0,0,0],"v":{"t":[0,0]}},{"k":[44,4,0,1,0],"v":{"t":[0,0]}},{"k":[44,0,0,8,0],"v":{"t":[0,0]}},{"k":[43,0,0,9,0],"v":{"t":[0,0]}},{"k":[42,0,0,10,0],"v":{"t":[0,0]}},{"k":[41,0,0,11,0],"v":{"t":[0,0]}},{"k":[40,0,0,12,0],"v":{"t":[0,0]}},{"k":[39,0,0,13,0],"v":{"t":[0,0]}},{"k":[38,0,0,14,0],"v":{"t":[0,0]}},{"k":[37,0,0,15,0],"v":{"t":[0,0]}},{"k":[44,0,0,7,0],"v":{"t":[0,0]}},{"k":[43,0,0,8,0],"v":{"t":[0,0]}},{"k":[42,0,0,9,0],"v":{"t":[0,0]}},{"k":[41,0,0,10,0],"v":{"t":[0,0]}},{"k":[40,0,0,11,0],"v":{"t":[0,0]}},{"k":[39,0,0,12,0],"v":{"t":[0,0]}},{"k":[38,0,0,13,0],"v":{"t":[0,0]}},{"k":[37,0,0,14,0],"v":{"t":[0,0]}},{"k":[36,0,0,15,0],"v":{"t":[0,0]}},{"k":[40,0,0,6,0],"v":{"t":[0,0]}},{"k":[39,0,0,7,0],"v":{"t":[0,0]}},{"k":[38,0,0,8,0],"v":{"t":[0,0]}},{"k":[37,0,0,9,0],"v":{"t":[0,0]}},{"k":[36,0,0,10,0],"v":{"t":[0,0]}},{"k":[35,0,0,11,0],"v":{"t":[0,0]}},{"k":[34,0,0,12,0],"v":{"t":[0,0]}},{"k":[33,0,0,13,0],"v":{"t":[0,0]}},{"k":[32,0,0,14,0],"v":{"t":[0,0]}},{"k":[41,0,0,5,0],"v":{"t":[0,0]}},{"k":[42,0,0,4,0],"v":{"t":[0,0]}},{"k":[43,0,0,3,0],"v":{"t":[0,0]}},{"k":[44,0,0,2,0],"v":{"t":[0,0]}},{"k":[40,6,0,0,0],"v":{"t":[0,0]}},{"k":[41,4,0,1,0],"v":{"t":[0,0]}},{"k":[41,3,0,2,0],"v":{"t":[0,0]}},{"k":[42,2,0,2,0],"v":{"t":[0,0]}},{"k":[39,0,0,6,0],"v":{"t":[0,0]}},{"k":[38,0,0,7,0],"v":{"t":[0,0]}},{"k":[37,0,0,8,0],"v":{"t":[0,0]}},{"k":[36,0,0,9,0],"v":{"t":[0,0]}},{"k":[35,0,0,10,0],"v":{"t":[0,0]}},{"k":[34,0,0,11,0],"v":{"t":[0,0]}},{"k":[33,0,0,12,0],"v":{"t":[0,0]}},{"k":[32,0,0,13,0],"v":{"t":[0,0]}},{"k":[40,0,0,5,0],"v":{"t":[0,0]}},{"k":[41,0,0,4,0],"v":{"t":[0,0]}},{"k":[42,0,0,3,0],"v":{"t":[0,0]}},{"k":[43,0,0,2,0],"v":{"t":[0,0]}},{"k":[44,0,0,1,0],"v":{"t":[0,0]}},{"k":[39,6,0,0,0],"v":{"t":[0,0]}},{"k":[40,4,0,1,0],"v":{"t":[0,0]}},{"k":[41,1,0,3,0],"v":{"t":[0,0]}},{"k":[42,0,0,6,0],"v":{"t":[0,0]}},{"k":[41,0,0,7,0],"v":{"t":[0,0]}},{"k":[40,0,0,8,0],"v":{"t":[0,0]}},{"k":[39,0,0,9,0],"v":{"t":[0,0]}},{"k":[38,0,0,10,0],"v":{"t":[0,0]}},{"k":[37,0,0,11,0],"v":{"t":[0,0]}},{"k":[36,0,0,12,0],"v":{"t":[0,0]}},{"k":[35,0,0,13,0],"v":{"t":[0,0]}},{"k":[34,0,0,14,0],"v":{"t":[0,0]}},{"k":[33,0,0,15,0],"v":{"t":[0,0]}},{"k":[43,0,0,5,0],"v":{"t":[0,0]}},{"k":[44,0,0,4,0],"v":{"t":[0,0]}},{"k":[42,6,0,0,0],"v":{"t":[0,0]}},{"k":[43,4,0,1,0],"v":{"t":[0,0]}},{"k":[43,3,0,2,0],"v":{"t":[0,0]}},{"k":[44,2,0,2,0],"v":{"t":[0,0]}},{"k":[44,1,0,3,0],"v":{"t":[0,0]}},{"k":[41,0,0,6,0],"v":{"t":[0,0]}},{"k":[40,0,0,7,0],"v":{"t":[0,0]}},{"k":[39,0,0,8,0],"v":{"t":[0,0]}},{"k":[38,0,0,9,0],"v":{"t":[0,0]}},{"k":[37,0,0,10,0],"v":{"t":[0,0]}},{"k":[36,0,0,11,0],"v":{"t":[0,0]}},{"k":[35,0,0,12,0],"v":{"t":[0,0]}},{"k":[34,0,0,13,0],"v":{"t":[0,0]}},{"k":[33,0,0,14,0],"v":{"t":[0,0]}},{"k":[32,0,0,15,0],"v":{"t":[0,0]}},{"k":[42,0,0,5,0],"v":{"t":[0,0]}},{"k":[43,0,0,4,0],"v":{"t":[0,0]}},{"k":[44,0,0,3,0],"v":{"t":[0,0]}},{"k":[41,6,0,0,0],"v":{"t":[0,0]}},{"k":[42,4,0,1,0],"v":{"t":[0,0]}},{"k":[43,1,0,3,0],"v":{"t":[0,0]}},{"k":[36,0,0,6,0],"v":{"t":[0,0]}},{"k":[35,0,0,7,0],"v":{"t":[0,0]}},{"k":[34,0,0,8,0],"v":{"t":[0,0]}},{"k":[33,0,0,9,0],"v":{"t":[0,0]}},{"k":[32,0,0,10,0],"v":{"t":[0,0]}},{"k":[37,0,0,5,0],"v":{"t":[0,0]}},{"k":[38,0,0,4,0],"v":{"t":[0,0]}},{"k":[39,0,0,3,0],"v":{"t":[0,0]}},{"k":[40,0,0,2,0],"v":{"t":[0,0]}},{"k":[41,0,0,1,0],"v":{"t":[0,0]}},{"k":[42,0,0,0,0],"v":{"t":[0,0]}},{"k":[36,6,0,0,0],"v":{"t":[0,0]}},{"k":[37,4,0,1,0],"v":{"t":[0,0]}},{"k":[38,2,0,2,0],"v":{"t":[0,0]}},{"k":[38,1,0,3,0],"v":{"t":[0,0]}},{"k":[35,0,0,6,0],"v":{"t":[0,0]}},{"k":[34,0,0,7,0],"v":{"t":[0,0]}},{"k":[33,0,0,8,0],"v":{"t":[0,0]}},{"k":[32,0,0,9,0],"v":{"t":[0,0]}},{"k":[36,0,0,5,0],"v":{"t":[0,0]}},{"k":[37,0,0,4,0],"v":{"t":[0,0]}},{"k":[38,0,0,3,0],"v":{"t":[0,0]}},{"k":[39,0,0,2,0],"v":{"t":[0,0]}},{"k":[40,0,0,1,0],"v":{"t":[0,0]}},{"k":[41,0,0,0,0],"v":{"t":[0,0]}},{"k":[35,6,0,0,0],"v":{"t":[0,0]}},{"k":[36,4,0,1,0],"v":{"t":[0,0]}},{"k":[37,2,0,2,0],"v":{"t":[0,0]}},{"k":[38,0,0,6,0],"v":{"t":[0,0]}},{"k":[37,0,0,7,0],"v":{"t":[0,0]}},{"k":[36,0,0,8,0],"v":{"t":[0,0]}},{"k":[35,0,0,9,0],"v":{"t":[0,0]}},{"k":[34,0,0,10,0],"v":{"t":[0,0]}},{"k":[33,0,0,11,0],"v":{"t":[0,0]}},{"k":[32,0,0,12,0],"v":{"t":[0,0]}},{"k":[39,0,0,5,0],"v":{"t":[0,0]}},{"k":[40,0,0,4,0],"v":{"t":[0,0]}},{"k":[41,0,0,3,0],"v":{"t":[0,0]}},{"k":[42,0,0,2,0],"v":{"t":[0,0]}},{"k":[43,0,0,1,0],"v":{"t":[0,0]}},{"k":[44,0,0,0,0],"v":{"t":[0,0]}},{"k":[38,6,0,0,0],"v":{"t":[0,0]}},{"k":[39,4,0,1,0],"v":{"t":[0,0]}},{"k":[40,2,0,2,0],"v":{"t":[0,0]}},{"k":[40,1,0,3,0],"v":{"t":[0,0]}},{"k":[37,0,0,6,0],"v":{"t":[0,0]}},{"k":[36,0,0,7,0],"v":{"t":[0,0]}},{"k":[35,0,0,8,0],"v":{"t":[0,0]}},{"k":[34,0,0,9,0],"v":{"t":[0,0]}},{"k":[33,0,0,10,0],"v":{"t":[0,0]}},{"k":[32,0,0,11,0],"v":{"t":[0,0]}},{"k":[38,0,0,5,0],"v":{"t":[0,0]}},{"k":[39,0,0,4,0],"v":{"t":[0,0]}},{"k":[40,0,0,3,0],"v":{"t":[0,0]}},{"k":[41,0,0,2,0],"v":{"t":[0,0]}},{"k":[42,0,0,1,0],"v":{"t":[0,0]}},{"k":[43,0,0,0,0],"v":{"t":[0,0]}},{"k":[37,6,0,0,0],"v":{"t":[0,0]}},{"k":[38,4,0,1,0],"v":{"t":[0,0]}},{"k":[39,2,0,2,0],"v":{"t":[0,0]}},{"k":[39,1,0,3,0],"v":{"t":[0,0]}},{"k":[32,0,0,6,0],"v":{"t":[0,0]}},{"k":[33,0,0,5,0],"v":{"t":[0,0]}},{"k":[34,0,0,4,0],"v":{"t":[0,0]}},{"k":[35,0,0,3,0],"v":{"t":[0,0]}},{"k":[36,0,0,2,0],"v":{"t":[0,0]}},{"k":[37,0,0,1,0],"v":{"t":[0,0]}},{"k":[38,0,0,0,0],"v":{"t":[0,0]}},{"k":[33,5,0,0,0],"v":{"t":[0,0]}},{"k":[33,4,0,1,0],"v":{"t":[0,0]}},{"k":[34,3,0,1,0],"v":{"t":[0,0]}},{"k":[34,2,0,2,0],"v":{"t":[0,0]}},{"k":[34,1,0,3,0],"v":{"t":[0,0]}},{"k":[32,0,0,5,0],"v":{"t":[0,0]}},{"k":[33,0,0,4,0],"v":{"t":[0,0]}},{"k":[34,0,0,3,0],"v":{"t":[0,0]}},{"k":[35,0,0,2,0],"v":{"t":[0,0]}},{"k":[36,0,0,1,0],"v":{"t":[0,0]}},{"k":[37,0,0,0,0],"v":{"t":[0,0]}},{"k":[32,5,0,0,0],"v":{"t":[0,0]}},{"k":[32,4,0,1,0],"v":{"t":[0,0]}},{"k":[33,2,0,2,0],"v":{"t":[0,0]}},{"k":[33,1,0,3,0],"v":{"t":[0,0]}},{"k":[34,0,0,6,0],"v":{"t":[0,0]}},{"k":[33,0,0,7,0],"v":{"t":[0,0]}},{"k":[32,0,0,8,0],"v":{"t":[0,0]}},{"k":[35,0,0,5,0],"v":{"t":[0,0]}},{"k":[36,0,0,4,0],"v":{"t":[0,0]}},{"k":[37,0,0,3,0],"v":{"t":[0,0]}},{"k":[38,0,0,2,0],"v":{"t":[0,0]}},{"k":[39,0,0,1,0],"v":{"t":[0,0]}},{"k":[40,0,0,0,0],"v":{"t":[0,0]}},{"k":[35,3,0,2,0],"v":{"t":[0,0]}},{"k":[36,2,0,2,0],"v":{"t":[0,0]}},{"k":[33,0,0,6,0],"v":{"t":[0,0]}},{"k":[32,0,0,7,0],"v":{"t":[0,0]}},{"k":[34,0,0,5,0],"v":{"t":[0,0]}},{"k":[35,0,0,4,0],"v":{"t":[0,0]}},{"k":[36,0,0,3,0],"v":{"t":[0,0]}},{"k":[37,0,0,2,0],"v":{"t":[0,0]}},{"k":[38,0,0,1,0],"v":{"t":[0,0]}},{"k":[39,0,0,0,0],"v":{"t":[0,0]}},{"k":[34,5,0,0,0],"v":{"t":[0,0]}},{"k":[35,3,0,1,0],"v":{"t":[0,0]}},{"k":[35,1,0,3,0],"v":{"t":[0,0]}},{"k":[32,0,0,2,0],"v":{"t":[0,0]}},{"k":[33,0,0,1,0],"v":{"t":[0,0]}},{"k":[34,0,0,0,0],"v":{"t":[0,0]}},{"k":[32,0,0,1,0],"v":{"t":[0,0]}},{"k":[33,0,0,0,0],"v":{"t":[0,0]}},{"k":[32,0,0,4,0],"v":{"t":[0,0]}},{"k":[33,0,0,3,0],"v":{"t":[0,0]}},{"k":[34,0,0,2,0],"v":{"t":[0,0]}},{"k":[35,0,0,1,0],"v":{"t":[0,0]}},{"k":[36,0,0,0,0],"v":{"t":[0,0]}},{"k":[32,2,0,2,0],"v":{"t":[0,0]}},{"k":[32,0,0,3,0],"v":{"t":[0,0]}},{"k":[33,0,0,2,0],"v":{"t":[0,0]}},{"k":[34,0,0,1,0],"v":{"t":[0,0]}},{"k":[35,0,0,0,0],"v":{"t":[0,0]}},{"k":[32,0,0,0,0],"v":{"t":[0,0]}},{"k":[44,0,0,14,0],"v":{"t":[0,0]}},{"k":[43,0,0,15,0],"v":{"t":[0,0]}},{"k":[44,0,0,13,0],"v":{"t":[0,0]}},{"k":[43,0,0,14,0],"v":{"t":[0,0]}},{"k":[42,0,0,15,0],"v":{"t":[0,0]}},{"k":[44,0,0,15,0],"v":{"t":[0,0]}}]},"moun":{"a":[{"k":[44,0,0,2,0],"v":{"hs":2,"sid":1}},{"k":[43,0,0,3,0],"v":{"r":true,"sid":1}},{"k":[44,0,0,1,0],"v":{"hs":4,"l":true,"sid":1}},{"k":[43,0,0,2,0],"v":{"hs":3,"sid":1}},{"k":[44,0,0,3,0],"v":{"l":true,"sid":1}},{"k":[42,0,0,0,0],"v":{"hs":6,"l":true,"r":true,"sid":1}},{"k":[41,0,0,1,0],"v":{"hs":4,"l":true,"r":true,"sid":1}},{"k":[40,0,0,2,0],"v":{"hs":2,"l":true,"sid":1}},{"k":[39,0,0,3,0],"v":{"l":true,"r":true,"sid":1}},{"k":[41,0,0,0,0],"v":{"hs":6,"l":true,"r":true,"sid":1}},{"k":[40,0,0,1,0],"v":{"hs":4,"l":true,"r":true,"sid":1}},{"k":[39,0,0,2,0],"v":{"hs":2,"l":true,"r":true,"sid":1}},{"k":[38,0,0,3,0],"v":{"r":true,"sid":1}},{"k":[44,0,0,0,0],"v":{"hs":6,"l":true,"sid":1}},{"k":[43,0,0,1,0],"v":{"hs":4,"l":true,"r":true,"sid":1}},{"k":[42,0,0,2,0],"v":{"hs":2,"sid":1}},{"k":[41,0,0,3,0],"v":{"l":true,"sid":1}},{"k":[43,0,0,0,0],"v":{"hs":6,"l":true,"r":true,"sid":1}},{"k":[42,0,0,1,0],"v":{"hs":4,"l":true,"r":true,"sid":1}},{"k":[41,0,0,2,0],"v":{"hs":3,"sid":1}},{"k":[40,0,0,3,0],"v":{"l":true,"r":true,"sid":1}},{"k":[38,0,0,0,0],"v":{"hs":6,"l":true,"r":true,"sid":1}},{"k":[37,0,0,1,0],"v":{"hs":4,"l":true,"r":true,"sid":1}},{"k":[36,0,0,2,0],"v":{"hs":2,"r":true,"sid":1}},{"k":[35,0,0,3,0],"v":{"l":true,"sid":1}},{"k":[37,0,0,0,0],"v":{"hs":6,"l":true,"r":true,"sid":1}},{"k":[36,0,0,1,0],"v":{"hs":4,"r":true,"sid":1}},{"k":[35,0,0,2,0],"v":{"hs":3,"sid":1,"t":true}},{"k":[34,0,0,3,0],"v":{"l":true,"r":true,"sid":1}},{"k":[40,0,0,0,0],"v":{"hs":6,"l":true,"r":true,"sid":1}},{"k":[39,0,0,1,0],"v":{"hs":4,"l":true,"r":true,"sid":1}},{"k":[38,0,0,2,0],"v":{"hs":2,"l":true,"r":true,"sid":1}},{"k":[39,0,0,0,0],"v":{"hs":6,"l":true,"r":true,"sid":1}},{"k":[38,0,0,1,0],"v":{"hs":4,"l":true,"r":true,"sid":1}},{"k":[37,0,0,2,0],"v":{"hs":2,"l":true,"r":true,"sid":1}},{"k":[34,0,0,0,0],"v":{"hs":5,"l":true,"sid":1}},{"k":[33,0,0,1,0],"v":{"hs":4,"l":true,"sid":1}},{"k":[32,0,0,2,0],"v":{"hs":2,"r":true,"sid":1}},{"k":[33,0,0,0,0],"v":{"hs":5,"l":true,"r":true,"sid":1}},{"k":[32,0,0,1,0],"v":{"hs":4,"l":true,"r":true,"sid":1}},{"k":[36,0,0,0,0],"v":{"hs":6,"l":true,"r":true,"sid":1}},{"k":[35,0,0,1,0],"v":{"b":true,"hs":3,"l":true,"sid":1}},{"k":[34,0,0,2,0],"v":{"hs":2,"l":true,"sid":1}},{"k":[33,0,0,3,0],"v":{"r":true,"sid":1}},{"k":[35,0,0,0,0],"v":{"hs":6,"r":true,"sid":1}},{"k":[34,0,0,1,0],"v":{"hs":3,"r":true,"sid":1}},{"k":[33,0,0,2,0],"v":{"hs":2,"l":true,"r":true,"sid":1}},{"k":[32,0,0,0,0],"v":{"hs":5,"l":true,"r":true,"sid":1}}],"o":[]},"objs":{"list":[]},"objs3d":{"a":[],"o":[]},"sprites":{"list":[{"k":[43,0,0,14,0],"v":{"f":false,"k":6,"t":[0,1,2,2]}},{"k":[44,0,0,13,0],"v":{"k":4,"t":[6,8,1,1]}},{"k":[40,0,0,14,0],"v":{"f":false,"k":6,"t":[0,1,2,2]}},{"k":[44,0,0,10,0],"v":{"k":6,"t":[0,1,2,2]}},{"k":[41,0,0,12,0],"v":{"k":6,"t":[0,1,2,2]}},{"k":[43,0,0,10,0],"v":{"k":4,"t":[6,8,1,1]}},{"k":[44,0,0,12,0],"v":{"k":4,"t":[7,8,1,1]}},{"k":[43,0,0,13,0],"v":{"k":4,"t":[6,8,1,1]}},{"k":[43,0,0,12,0],"v":{"k":6,"t":[0,1,2,2]}},{"k":[44,6,0,0,0],"v":{"k":4,"t":[0,1,2,2]}},{"k":[39,0,0,11,0],"v":{"k":4,"t":[7,8,1,1]}},{"k":[36,0,0,14,0],"v":{"k":4,"t":[7,8,1,1]}},{"k":[35,0,0,14,0],"v":{"f":false,"k":6,"t":[0,1,2,2]}},{"k":[37,0,0,12,0],"v":{"k":4,"t":[7,8,1,1]}},{"k":[37,0,0,15,0],"v":{"k":4,"t":[7,8,1,1]}},{"k":[40,0,0,12,0],"v":{"k":4,"t":[6,8,1,1]}},{"k":[42,0,0,10,0],"v":{"k":4,"t":[6,8,1,1]}},{"k":[38,0,0,13,0],"v":{"f":false,"k":6,"t":[0,1,2,2]}},{"k":[41,0,0,10,0],"v":{"k":6,"t":[0,1,2,2]}},{"k":[43,0,0,8,0],"v":{"k":6,"t":[0,1,2,2]}},{"k":[42,0,0,9,0],"v":{"k":4,"t":[7,8,1,1]}},{"k":[37,0,0,14,0],"v":{"k":4,"t":[6,8,1,1]}},{"k":[39,0,0,12,0],"v":{"k":4,"t":[6,8,1,1]}},{"k":[41,3,0,2,0],"v":{"k":4,"t":[0,1,2,2]}},{"k":[40,0,0,5,0],"v":{"k":6,"t":[0,1,2,2]}},{"k":[41,1,0,3,0],"v":{"k":4,"t":[0,1,2,2]}},{"k":[39,6,0,0,0],"v":{"k":4,"t":[0,1,2,2]}},{"k":[38,0,0,10,0],"v":{"k":6,"t":[0,1,2,2]}},{"k":[43,4,0,1,0],"v":{"k":4,"t":[0,1,2,2]}},{"k":[44,2,0,2,0],"v":{"k":4,"t":[0,1,2,2]}},{"k":[43,3,0,2,0],"v":{"k":4,"t":[0,1,2,2]}},{"k":[44,1,0,3,0],"v":{"k":4,"t":[0,1,2,2]}},{"k":[42,6,0,0,0],"v":{"k":4,"t":[0,1,2,2]}},{"k":[43,0,0,4,0],"v":{"k":6,"t":[0,1,2,2]}},{"k":[41,6,0,0,0],"v":{"k":4,"t":[0,1,2,2]}},{"k":[42,4,0,1,0],"v":{"k":4,"t":[0,1,2,2]}},{"k":[37,0,0,5,0],"v":{"k":6,"t":[0,1,2,2]}},{"k":[37,4,0,1,0],"v":{"k":4,"t":[0,1,2,2]}},{"k":[38,1,0,3,0],"v":{"k":4,"t":[0,1,2,2]}},{"k":[36,6,0,0,0],"v":{"k":4,"t":[0,1,2,2]}},{"k":[35,0,0,6,0],"v":{"k":6,"t":[0,1,2,2]}},{"k":[37,2,0,2,0],"v":{"k":4,"t":[0,1,2,2]}},{"k":[35,6,0,0,0],"v":{"k":4,"t":[0,1,2,2]}},{"k":[39,4,0,1,0],"v":{"k":4,"t":[0,1,2,2]}},{"k":[40,2,0,2,0],"v":{"k":4,"t":[0,1,2,2]}},{"k":[40,1,0,3,0],"v":{"k":4,"t":[0,1,2,2]}},{"k":[37,6,0,0,0],"v":{"k":4,"t":[0,1,2,2]}},{"k":[38,4,0,1,0],"v":{"k":4,"t":[0,1,2,2]}},{"k":[39,1,0,3,0],"v":{"k":4,"t":[0,1,2,2]}},{"k":[33,0,0,5,0],"v":{"k":6,"t":[0,1,2,2]}},{"k":[33,5,0,0,0],"v":{"k":4,"t":[0,1,2,2]}},{"k":[34,2,0,2,0],"v":{"k":4,"t":[0,1,2,2]}},{"k":[34,1,0,3,0],"v":{"k":4,"t":[0,1,2,2]}},{"k":[33,4,0,1,0],"v":{"k":4,"t":[0,1,2,2]}},{"k":[34,3,0,1,0],"v":{"k":4,"t":[0,1,2,2]}},{"k":[32,5,0,0,0],"v":{"k":4,"t":[0,1,2,2]}},{"k":[33,2,0,2,0],"v":{"k":4,"t":[0,1,2,2]}},{"k":[33,1,0,3,0],"v":{"k":4,"t":[0,1,2,2]}},{"k":[33,0,0,7,0],"v":{"k":6,"t":[0,1,2,2]}},{"k":[36,2,0,2,0],"v":{"k":4,"t":[0,1,2,2]}},{"k":[34,5,0,0,0],"v":{"k":4,"t":[0,1,2,2]}}],"overflow":[],"walls":[]}}