{"lands":{"autotiles":[],"floors":[{"k":[36,0,0,50,0],"v":{"t":[0,0]}},{"k":[37,0,0,49,0],"v":{"t":[0,0]}},{"k":[38,0,0,48,0],"v":{"t":[0,0]}},{"k":[35,0,0,51,0],"v":{"t":[0,0]}},{"k":[34,0,0,52,0],"v":{"t":[0,0]}},{"k":[33,0,0,53,0],"v":{"t":[0,0]}},{"k":[32,0,0,54,0],"v":{"t":[0,0]}},{"k":[35,0,0,50,0],"v":{"t":[0,0]}},{"k":[36,0,0,49,0],"v":{"t":[0,0]}},{"k":[37,0,0,48,0],"v":{"t":[0,0]}},{"k":[34,0,0,51,0],"v":{"t":[0,0]}},{"k":[33,0,0,52,0],"v":{"t":[0,0]}},{"k":[32,0,0,53,0],"v":{"t":[0,0]}},{"k":[38,0,0,50,0],"v":{"t":[0,0]}},{"k":[37,0,0,51,0],"v":{"t":[0,0]}},{"k":[39,0,0,49,0],"v":{"t":[0,0]}},{"k":[36,0,0,52,0],"v":{"t":[0,0]}},{"k":[40,0,0,48,0],"v":{"t":[0,0]}},{"k":[35,0,0,53,0],"v":{"t":[0,0]}},{"k":[34,0,0,54,0],"v":{"t":[0,0]}},{"k":[33,0,0,55,0],"v":{"t":[0,0]}},{"k":[32,0,0,56,0],"v":{"t":[0,0]}},{"k":[37,0,0,50,0],"v":{"t":[0,0]}},{"k":[38,0,0,49,0],"v":{"t":[0,0]}},{"k":[36,0,0,51,0],"v":{"t":[0,0]}},{"k":[39,0,0,48,0],"v":{"t":[0,0]}},{"k":[35,0,0,52,0],"v":{"t":[0,0]}},{"k":[34,0,0,53,0],"v":{"t":[0,0]}},{"k":[33,0,0,54,0],"v":{"t":[0,0]}},{"k":[32,0,0,55,0],"v":{"t":[0,0]}},{"k":[32,0,0,50,0],"v":{"t":[0,0]}},{"k":[33,0,0,49,0],"v":{"t":[0,0]}},{"k":[34,0,0,48,0],"v":{"t":[0,0]}},{"k":[32,0,0,49,0],"v":{"t":[0,0]}},{"k":[33,0,0,48,0],"v":{"t":[0,0]}},{"k":[34,0,0,50,0],"v":{"t":[0,0]}},{"k":[35,0,0,49,0],"v":{"t":[0,0]}},{"k":[36,0,0,48,0],"v":{"t":[0,0]}},{"k":[33,0,0,51,0],"v":{"t":[0,0]}},{"k":[32,0,0,52,0],"v":{"t":[0,0]}},{"k":[33,0,0,50,0],"v":{"t":[0,0]}},{"k":[34,0,0,49,0],"v":{"t":[0,0]}},{"k":[35,0,0,48,0],"v":{"t":[0,0]}},{"k":[32,0,0,51,0],"v":{"t":[0,0]}},{"k":[32,0,0,48,0],"v":{"t":[0,0]}},{"k":[44,0,0,58,0],"v":{"t":[0,0]}},{"k":[43,0,0,59,0],"v":{"t":[0,0]}},{"k":[44,0,0,57,0],"v":{"t":[0,0]}},{"k":[43,0,0,58,0],"v":{"t":[0,0]}},{"k":[42,0,0,59,0],"v":{"t":[0,0]}},{"k":[44,0,0,59,0],"v":{"t":[0,0]}},{"k":[44,0,0,54,0],"v":{"t":[0,0]}},{"k":[43,0,0,55,0],"v":{"t":[0,0]}},{"k":[42,0,0,56,0],"v":{"t":[0,0]}},{"k":[41,0,0,57,0],"v":{"t":[0,0]}},{"k":[40,0,0,58,0],"v":{"t":[0,0]}},{"k":[39,0,0,59,0],"v":{"t":[0,0]}},{"k":[44,0,0,53,0],"v":{"t":[0,0]}},{"k":[43,0,0,54,0],"v":{"t":[0,0]}},{"k":[42,0,0,55,0],"v":{"t":[0,0]}},{"k":[41,0,0,56,0],"v":{"t":[0,0]}},{"k":[40,0,0,57,0],"v":{"t":[0,0]}},{"k":[39,0,0,58,0],"v":{"t":[0,0]}},{"k":[38,0,0,59,0],"v":{"t":[0,0]}},{"k":[44,0,0,56,0],"v":{"t":[0,0]}},{"k":[43,0,0,57,0],"v":{"t":[0,0]}},{"k":[42,0,0,58,0],"v":{"t":[0,0]}},{"k":[41,0,0,59,0],"v":{"t":[0,0]}},{"k":[44,0,0,55,0],"v":{"t":[0,0]}},{"k":[43,0,0,56,0],"v":{"t":[0,0]}},{"k":[42,0,0,57,0],"v":{"t":[0,0]}},{"k":[41,0,0,58,0],"v":{"t":[0,0]}},{"k":[40,0,0,59,0],"v":{"t":[0,0]}},{"k":[44,0,0,50,0],"v":{"t":[0,0]}},{"k":[43,0,0,51,0],"v":{"t":[0,0]}},{"k":[42,0,0,52,0],"v":{"t":[0,0]}},{"k":[41,0,0,53,0],"v":{"t":[0,0]}},{"k":[40,0,0,54,0],"v":{"t":[0,0]}},{"k":[39,0,0,55,0],"v":{"t":[0,0]}},{"k":[38,0,0,56,0],"v":{"t":[0,0]}},{"k":[37,0,0,57,0],"v":{"t":[0,0]}},{"k":[36,0,0,58,0],"v":{"t":[0,0]}},{"k":[35,0,0,59,0],"v":{"t":[0,0]}},{"k":[43,0,0,50,0],"v":{"t":[0,0]}},{"k":[42,0,0,51,0],"v":{"t":[0,0]}},{"k":[41,0,0,52,0],"v":{"t":[0,0]}},{"k":[40,0,0,53,0],"v":{"t":[0,0]}},{"k":[39,0,0,54,0],"v":{"t":[0,0]}},{"k":[38,0,0,55,0],"v":{"t":[0,0]}},{"k":[37,0,0,56,0],"v":{"t":[0,0]}},{"k":[44,0,0,49,0],"v":{"t":[0,0]}},{"k":[36,0,0,57,0],"v":{"t":[0,0]}},{"k":[35,0,0,58,0],"v":{"t":[0,0]}},{"k":[34,0,0,59,0],"v":{"t":[0,0]}},{"k":[44,0,0,52,0],"v":{"t":[0,0]}},{"k":[43,0,0,53,0],"v":{"t":[0,0]}},{"k":[42,0,0,54,0],"v":{"t":[0,0]}},{"k":[41,0,0,55,0],"v":{"t":[0,0]}},{"k":[40,0,0,56,0],"v":{"t":[0,0]}},{"k":[39,0,0,57,0],"v":{"t":[0,0]}},{"k":[38,0,0,58,0],"v":{"t":[0,0]}},{"k":[37,0,0,59,0],"v":{"t":[0,0]}},{"k":[44,0,0,51,0],"v":{"t":[0,0]}},{"k":[43,0,0,52,0],"v":{"t":[0,0]}},{"k":[42,0,0,53,0],"v":{"t":[0,0]}},{"k":[41,0,0,54,0],"v":{"t":[0,0]}},{"k":[40,0,0,55,0],"v":{"t":[0,0]}},{"k":[39,0,0,56,0],"v":{"t":[0,0]}},{"k":[38,0,0,57,0],"v":{"t":[0,0]}},{"k":[37,0,0,58,0],"v":{"t":[0,0]}},{"k":[36,0,0,59,0],"v":{"t":[0,0]}},{"k":[40,0,0,50,0],"v":{"t":[0,0]}},{"k":[39,0,0,51,0],"v":{"t":[0,0]}},{"k":[38,0,0,52,0],"v":{"t":[0,0]}},{"k":[37,0,0,53,0],"v":{"t":[0,0]}},{"k":[41,0,0,49,0],"v":{"t":[0,0]}},{"k":[36,0,0,54,0],"v":{"t":[0,0]}},{"k":[42,0,0,48,0],"v":{"t":[0,0]}},{"k":[35,0,0,55,0],"v":{"t":[0,0]}},{"k":[34,0,0,56,0],"v":{"t":[0,0]}},{"k":[33,0,0,57,0],"v":{"t":[0,0]}},{"k":[32,0,0,58,0],"v":{"t":[0,0]}},{"k":[39,0,0,50,0],"v":{"t":[0,0]}},{"k":[38,0,0,51,0],"v":{"t":[0,0]}},{"k":[37,0,0,52,0],"v":{"t":[0,0]}},{"k":[40,0,0,49,0],"v":{"t":[0,0]}},{"k":[36,0,0,53,0],"v":{"t":[0,0]}},{"k":[41,0,0,48,0],"v":{"t":[0,0]}},{"k":[35,0,0,54,0],"v":{"t":[0,0]}},{"k":[34,0,0,55,0],"v":{"t":[0,0]}},{"k":[33,0,0,56,0],"v":{"t":[0,0]}},{"k":[32,0,0,57,0],"v":{"t":[0,0]}},{"k":[42,0,0,50,0],"v":{"t":[0,0]}},{"k":[41,0,0,51,0],"v":{"t":[0,0]}},{"k":[40,0,0,52,0],"v":{"t":[0,0]}},{"k":[39,0,0,53,0],"v":{"t":[0,0]}},{"k":[38,0,0,54,0],"v":{"t":[0,0]}},{"k":[37,0,0,55,0],"v":{"t":[0,0]}},{"k":[43,0,0,49,0],"v":{"t":[0,0]}},{"k":[36,0,0,56,0],"v":{"t":[0,0]}},{"k":[44,0,0,48,0],"v":{"t":[0,0]}},{"k":[35,0,0,57,0],"v":{"t":[0,0]}},{"k":[34,0,0,58,0],"v":{"t":[0,0]}},{"k":[33,0,0,59,0],"v":{"t":[0,0]}},{"k":[41,0,0,50,0],"v":{"t":[0,0]}},{"k":[40,0,0,51,0],"v":{"t":[0,0]}},{"k":[39,0,0,52,0],"v":{"t":[0,0]}},{"k":[38,0,0,53,0],"v":{"t":[0,0]}},{"k":[37,0,0,54,0],"v":{"t":[0,0]}},{"k":[42,0,0,49,0],"v":{"t":[0,0]}},{"k":[36,0,0,55,0],"v":{"t":[0,0]}},{"k":[43,0,0,48,0],"v":{"t":[0,0]}},{"k":[35,0,0,56,0],"v":{"t":[0,0]}},{"k":[34,0,0,57,0],"v":{"t":[0,0]}},{"k":[33,0,0,58,0],"v":{"t":[0,0]}},{"k":[32,0,0,59,0],"v":{"t":[0,0]}}]},"moun":{"a":[],"o":[]},"objs":{"list":[]},"objs3d":{"a":[{"k":[36,0,0,49,0,50,50,240],"v":{"did":46}}],"o":[]},"sprites":{"list":[{"k":[43,0,0,59,0],"v":{"k":4,"t":[7,8,1,1]}},{"k":[44,0,0,58,0],"v":{"k":4,"t":[6,8,1,1]}},{"k":[41,0,0,57,0],"v":{"k":4,"t":[7,8,1,1]}},{"k":[39,0,0,59,0],"v":{"k":4,"t":[7,8,1,1]}},{"k":[39,0,0,58,0],"v":{"f":false,"k":6,"t":[0,1,2,2]}},{"k":[43,0,0,54,0],"v":{"f":false,"k":6,"t":[0,1,2,2]}},{"k":[42,0,0,55,0],"v":{"k":4,"t":[6,8,1,1]}},{"k":[43,0,0,57,0],"v":{"f":false,"k":6,"t":[0,1,2,2]}},{"k":[41,0,0,59,0],"v":{"k":6,"t":[0,1,2,2]}},{"k":[42,0,0,58,0],"v":{"k":4,"t":[6,8,1,1]}},{"k":[40,0,0,54,0],"v":{"f":false,"k":6,"t":[0,1,2,2]}},{"k":[43,0,0,51,0],"v":{"f":false,"k":6,"t":[0,1,2,2]}},{"k":[35,0,0,59,0],"v":{"k":4,"t":[7,8,1,1]}},{"k":[42,0,0,52,0],"v":{"k":4,"t":[7,8,1,1]}},{"k":[39,0,0,55,0],"v":{"k":4,"t":[6,8,1,1]}},{"k":[37,0,0,56,0],"v":{"k":6,"t":[0,1,2,2]}},{"k":[36,0,0,57,0],"v":{"k":4,"t":[6,8,1,1]}},{"k":[40,0,0,56,0],"v":{"f":false,"k":6,"t":[0,1,2,2]}},{"k":[37,0,0,59,0],"v":{"f":false,"k":6,"t":[0,1,2,2]}},{"k":[38,0,0,57,0],"v":{"k":4,"t":[7,8,1,1]}},{"k":[44,0,0,51,0],"v":{"k":4,"t":[6,8,1,1]}},{"k":[36,0,0,54,0],"v":{"f":false,"k":6,"t":[0,1,2,2]}},{"k":[33,0,0,57,0],"v":{"k":4,"t":[6,8,1,1]}},{"k":[41,0,0,49,0],"v":{"k":4,"t":[6,8,1,1]}},{"k":[41,0,0,48,0],"v":{"f":false,"k":6,"t":[0,1,2,2]}},{"k":[38,0,0,51,0],"v":{"k":6,"t":[0,1,2,2]}},{"k":[33,0,0,56,0],"v":{"k":4,"t":[7,8,1,1]}},{"k":[34,0,0,55,0],"v":{"k":4,"t":[6,8,1,1]}},{"k":[32,0,0,57,0],"v":{"k":4,"t":[6,8,1,1]}},{"k":[34,0,0,58,0],"v":{"f":false,"k":6,"t":[0,1,2,2]}},{"k":[42,0,0,50,0],"v":{"f":false,"k":6,"t":[0,1,2,2]}},{"k":[38,0,0,54,0],"v":{"k":4,"t":[7,8,1,1]}},{"k":[33,0,0,59,0],"v":{"k":4,"t":[6,8,1,1]}},{"k":[40,0,0,51,0],"v":{"f":false,"k":6,"t":[0,1,2,2]}},{"k":[32,0,0,59,0],"v":{"k":6,"t":[0,1,2,2]}},{"k":[35,0,0,56,0],"v":{"k":4,"t":[7,8,1,1]}},{"k":[36,0,0,55,0],"v":{"k":4,"t":[6,8,1,1]}},{"k":[39,0,0,52,0],"v":{"k":4,"t":[6,8,1,1]}},{"k":[32,0,0,54,0],"v":{"k":4,"t":[7,8,1,1]}},{"k":[33,0,0,52,0],"v":{"k":6,"t":[0,1,2,2]}},{"k":[34,0,0,54,0],"v":{"k":6,"t":[0,1,2,2]}},{"k":[36,0,0,52,0],"v":{"k":4,"t":[7,8,1,1]}},{"k":[39,0,0,49,0],"v":{"k":4,"t":[6,8,1,1]}},{"k":[39,0,0,48,0],"v":{"k":4,"t":[7,8,1,1]}},{"k":[38,0,0,49,0],"v":{"k":4,"t":[6,8,1,1]}},{"k":[33,0,0,49,0],"v":{"f":false,"k":4,"t":[7,7,1,1]}}],"overflow":[],"walls":[]}}