{"lands":{"autotiles":[{"k":[9,0,0,6,1],"v":{"id":1,"t":[2,0],"tid":477}},{"k":[8,0,0,6,1],"v":{"id":1,"t":[2,0],"tid":477}},{"k":[6,0,0,3,1],"v":{"id":1,"t":[2,0],"tid":584}},{"k":[7,0,0,2,1],"v":{"id":1,"t":[2,0],"tid":471}},{"k":[3,0,0,6,1],"v":{"id":1,"t":[2,0],"tid":520}},{"k":[4,0,0,4,2],"v":{"id":1,"t":[4,0],"tid":116}},{"k":[6,0,0,2,2],"v":{"id":1,"t":[4,0],"tid":223}},{"k":[6,0,0,2,1],"v":{"id":1,"t":[2,0],"tid":225}},{"k":[3,0,0,5,1],"v":{"id":1,"t":[2,0],"tid":636}},{"k":[4,0,0,4,1],"v":{"id":1,"t":[2,0],"tid":372}},{"k":[3,0,0,4,2],"v":{"id":1,"t":[4,0],"tid":477}},{"k":[4,0,0,3,2],"v":{"id":1,"t":[4,0],"tid":636}},{"k":[7,0,0,4,1],"v":{"id":1,"t":[2,0],"tid":306}},{"k":[8,0,0,3,1],"v":{"id":1,"t":[2,0],"tid":370}},{"k":[5,0,0,6,1],"v":{"id":1,"t":[2,0],"tid":459}},{"k":[6,0,0,4,2],"v":{"id":1,"t":[4,0],"tid":520}},{"k":[8,0,0,2,2],"v":{"id":1,"t":[4,0],"tid":413}},{"k":[6,0,0,4,1],"v":{"id":1,"t":[2,0],"tid":570}},{"k":[8,0,0,2,1],"v":{"id":1,"t":[2,0],"tid":423}},{"k":[7,0,0,3,1],"v":{"id":1,"t":[2,0],"tid":318}},{"k":[4,0,0,6,1],"v":{"id":1,"t":[2,0],"tid":477}},{"k":[7,0,0,2,2],"v":{"id":1,"t":[4,0],"tid":477}},{"k":[6,0,0,3,2],"v":{"id":1,"t":[4,0],"tid":636}},{"k":[2,0,0,3,1],"v":{"id":1,"t":[2,0],"tid":584}},{"k":[3,0,0,2,1],"v":{"id":1,"t":[2,0],"tid":471}},{"k":[2,0,0,2,2],"v":{"id":1,"t":[4,0],"tid":223}},{"k":[2,0,0,2,1],"v":{"id":1,"t":[2,0],"tid":225}},{"k":[4,0,0,3,1],"v":{"id":1,"t":[2,0],"tid":370}},{"k":[3,0,0,4,1],"v":{"id":1,"t":[2,0],"tid":306}},{"k":[4,0,0,2,2],"v":{"id":1,"t":[4,0],"tid":413}},{"k":[2,0,0,4,2],"v":{"id":1,"t":[4,0],"tid":520}},{"k":[2,0,0,4,1],"v":{"id":1,"t":[2,0],"tid":570}},{"k":[4,0,0,2,1],"v":{"id":1,"t":[2,0],"tid":423}},{"k":[3,0,0,3,1],"v":{"id":1,"t":[2,0],"tid":318}},{"k":[3,0,0,2,2],"v":{"id":1,"t":[4,0],"tid":477}},{"k":[2,0,0,3,2],"v":{"id":1,"t":[4,0],"tid":636}},{"k":[14,0,0,7,1],"v":{"id":1,"t":[2,0],"tid":372}},{"k":[14,0,0,6,1],"v":{"id":1,"t":[2,0],"tid":370}},{"k":[13,0,0,7,1],"v":{"id":1,"t":[2,0],"tid":324}},{"k":[11,0,0,6,1],"v":{"id":1,"t":[2,0],"tid":52}},{"k":[12,0,0,5,1],"v":{"id":1,"t":[2,0],"tid":471}},{"k":[10,0,0,6,1],"v":{"id":1,"t":[2,0],"tid":477}},{"k":[11,0,0,5,1],"v":{"id":1,"t":[2,0],"tid":225}},{"k":[13,0,0,6,1],"v":{"id":1,"t":[2,0],"tid":318}},{"k":[14,0,0,5,1],"v":{"id":1,"t":[2,0],"tid":423}},{"k":[12,0,0,7,1],"v":{"id":1,"t":[2,0],"tid":324}},{"k":[12,0,0,6,1],"v":{"id":1,"t":[2,0],"tid":318}},{"k":[13,0,0,5,1],"v":{"id":1,"t":[2,0],"tid":471}},{"k":[11,0,0,7,1],"v":{"id":1,"t":[2,0],"tid":570}},{"k":[7,0,0,6,1],"v":{"id":1,"t":[2,0],"tid":18}},{"k":[8,0,0,4,2],"v":{"id":1,"t":[4,0],"tid":116}},{"k":[8,0,0,4,1],"v":{"id":1,"t":[2,0],"tid":372}},{"k":[5,0,0,7,1],"v":{"id":1,"t":[2,0],"tid":618}},{"k":[6,0,0,6,1],"v":{"id":1,"t":[2,0],"tid":477}},{"k":[7,0,0,5,1],"v":{"id":1,"t":[2,0],"tid":636}},{"k":[7,0,0,4,2],"v":{"id":1,"t":[4,0],"tid":477}},{"k":[8,0,0,3,2],"v":{"id":1,"t":[4,0],"tid":636}}],"floors":[{"k":[14,0,0,8,0],"v":{"t":[2,0]}},{"k":[14,0,0,7,0],"v":{"t":[2,0]}},{"k":[13,0,0,8,0],"v":{"t":[2,0]}},{"k":[11,0,0,7,0],"v":{"t":[2,0]}},{"k":[10,0,0,8,0],"v":{"t":[2,0]}},{"k":[9,0,0,9,0],"v":{"t":[2,0]}},{"k":[12,0,0,6,0],"v":{"t":[2,0]}},{"k":[13,0,0,5,0],"v":{"t":[2,0]}},{"k":[14,0,0,4,0],"v":{"t":[2,0]}},{"k":[10,0,0,7,0],"v":{"t":[2,0]}},{"k":[9,0,0,8,0],"v":{"t":[2,0]}},{"k":[8,0,0,9,0],"v":{"t":[2,0]}},{"k":[11,0,0,6,0],"v":{"t":[2,0]}},{"k":[12,0,0,5,0],"v":{"t":[2,0]}},{"k":[13,0,0,4,0],"v":{"t":[2,0]}},{"k":[13,0,0,7,0],"v":{"t":[2,0]}},{"k":[12,0,0,8,0],"v":{"t":[2,0]}},{"k":[14,0,0,6,0],"v":{"t":[2,0]}},{"k":[12,0,0,7,0],"v":{"t":[2,0]}},{"k":[11,0,0,8,0],"v":{"t":[2,0]}},{"k":[10,0,0,9,0],"v":{"t":[2,0]}},{"k":[13,0,0,6,0],"v":{"t":[2,0]}},{"k":[14,0,0,5,0],"v":{"t":[2,0]}},{"k":[7,0,0,7,0],"v":{"t":[2,0]}},{"k":[6,0,0,8,0],"v":{"t":[2,0]}},{"k":[5,0,0,9,0],"v":{"t":[2,0]}},{"k":[8,0,0,6,0],"v":{"t":[2,0]}},{"k":[9,0,0,5,0],"v":{"t":[2,0]}},{"k":[10,0,0,4,0],"v":{"t":[2,0]}},{"k":[6,0,0,7,0],"v":{"t":[2,0]}},{"k":[5,0,0,8,0],"v":{"t":[2,0]}},{"k":[4,0,0,9,0],"v":{"t":[2,0]}},{"k":[7,0,0,6,0],"v":{"t":[2,0]}},{"k":[8,0,0,5,0],"v":{"t":[2,0]}},{"k":[9,0,0,4,0],"v":{"t":[2,0]}},{"k":[10,0,0,3,0],"v":{"t":[2,0]}},{"k":[9,0,0,7,0],"v":{"t":[2,0]}},{"k":[8,0,0,8,0],"v":{"t":[2,0]}},{"k":[7,0,0,9,0],"v":{"t":[2,0]}},{"k":[10,0,0,6,0],"v":{"t":[2,0]}},{"k":[11,0,0,5,0],"v":{"t":[2,0]}},{"k":[12,0,0,4,0],"v":{"t":[2,0]}},{"k":[8,0,0,7,0],"v":{"t":[2,0]}},{"k":[7,0,0,8,0],"v":{"t":[2,0]}},{"k":[6,0,0,9,0],"v":{"t":[2,0]}},{"k":[9,0,0,6,0],"v":{"t":[2,0]}},{"k":[10,0,0,5,0],"v":{"t":[2,0]}},{"k":[11,0,0,4,0],"v":{"t":[2,0]}},{"k":[3,0,0,7,0],"v":{"t":[2,0]}},{"k":[2,0,0,8,0],"v":{"t":[2,0]}},{"k":[1,0,0,9,0],"v":{"t":[2,0]}},{"k":[4,0,0,6,0],"v":{"t":[2,0]}},{"k":[5,0,0,5,0],"v":{"t":[2,0]}},{"k":[6,0,0,4,0],"v":{"t":[2,0]}},{"k":[7,0,0,3,0],"v":{"t":[2,0]}},{"k":[8,0,0,2,0],"v":{"t":[2,0]}},{"k":[9,0,0,1,0],"v":{"t":[2,0]}},{"k":[10,0,0,0,0],"v":{"t":[2,0]}},{"k":[2,0,0,7,0],"v":{"t":[2,0]}},{"k":[1,0,0,8,0],"v":{"t":[2,0]}},{"k":[3,0,0,6,0],"v":{"t":[2,0]}},{"k":[0,0,0,9,0],"v":{"t":[2,0]}},{"k":[4,0,0,5,0],"v":{"t":[2,0]}},{"k":[5,0,0,4,0],"v":{"t":[2,0]}},{"k":[6,0,0,3,0],"v":{"t":[2,0]}},{"k":[7,0,0,2,0],"v":{"t":[2,0]}},{"k":[8,0,0,1,0],"v":{"t":[2,0]}},{"k":[9,0,0,0,0],"v":{"t":[2,0]}},{"k":[5,0,0,7,0],"v":{"t":[2,0]}},{"k":[4,0,0,8,0],"v":{"t":[2,0]}},{"k":[3,0,0,9,0],"v":{"t":[2,0]}},{"k":[6,0,0,6,0],"v":{"t":[2,0]}},{"k":[7,0,0,5,0],"v":{"t":[2,0]}},{"k":[8,0,0,4,0],"v":{"t":[2,0]}},{"k":[9,0,0,3,0],"v":{"t":[2,0]}},{"k":[10,0,0,2,0],"v":{"t":[2,0]}},{"k":[4,0,0,7,0],"v":{"t":[2,0]}},{"k":[3,0,0,8,0],"v":{"t":[2,0]}},{"k":[2,0,0,9,0],"v":{"t":[2,0]}},{"k":[5,0,0,6,0],"v":{"t":[2,0]}},{"k":[6,0,0,5,0],"v":{"t":[2,0]}},{"k":[7,0,0,4,0],"v":{"t":[2,0]}},{"k":[8,0,0,3,0],"v":{"t":[2,0]}},{"k":[9,0,0,2,0],"v":{"t":[2,0]}},{"k":[10,0,0,1,0],"v":{"t":[2,0]}},{"k":[0,0,0,6,0],"v":{"t":[2,0]}},{"k":[1,0,0,5,0],"v":{"t":[2,0]}},{"k":[2,0,0,4,0],"v":{"t":[2,0]}},{"k":[3,0,0,3,0],"v":{"t":[2,0]}},{"k":[4,0,0,2,0],"v":{"t":[2,0]}},{"k":[5,0,0,1,0],"v":{"t":[2,0]}},{"k":[6,0,0,0,0],"v":{"t":[2,0]}},{"k":[0,0,0,5,0],"v":{"t":[2,0]}},{"k":[1,0,0,4,0],"v":{"t":[2,0]}},{"k":[2,0,0,3,0],"v":{"t":[2,0]}},{"k":[3,0,0,2,0],"v":{"t":[2,0]}},{"k":[4,0,0,1,0],"v":{"t":[2,0]}},{"k":[5,0,0,0,0],"v":{"t":[2,0]}},{"k":[1,0,0,7,0],"v":{"t":[2,0]}},{"k":[2,0,0,6,0],"v":{"t":[2,0]}},{"k":[0,0,0,8,0],"v":{"t":[2,0]}},{"k":[3,0,0,5,0],"v":{"t":[2,0]}},{"k":[4,0,0,4,0],"v":{"t":[2,0]}},{"k":[5,0,0,3,0],"v":{"t":[2,0]}},{"k":[6,0,0,2,0],"v":{"t":[2,0]}},{"k":[7,0,0,1,0],"v":{"t":[2,0]}},{"k":[8,0,0,0,0],"v":{"t":[2,0]}},{"k":[0,0,0,7,0],"v":{"t":[2,0]}},{"k":[1,0,0,6,0],"v":{"t":[2,0]}},{"k":[2,0,0,5,0],"v":{"t":[2,0]}},{"k":[3,0,0,4,0],"v":{"t":[2,0]}},{"k":[4,0,0,3,0],"v":{"t":[2,0]}},{"k":[5,0,0,2,0],"v":{"t":[2,0]}},{"k":[6,0,0,1,0],"v":{"t":[2,0]}},{"k":[7,0,0,0,0],"v":{"t":[2,0]}},{"k":[0,0,0,2,0],"v":{"t":[2,0]}},{"k":[1,0,0,1,0],"v":{"t":[2,0]}},{"k":[2,0,0,0,0],"v":{"t":[2,0]}},{"k":[0,0,0,1,0],"v":{"t":[2,0]}},{"k":[1,0,0,0,0],"v":{"t":[2,0]}},{"k":[0,0,0,4,0],"v":{"t":[2,0]}},{"k":[1,0,0,3,0],"v":{"t":[2,0]}},{"k":[2,0,0,2,0],"v":{"t":[2,0]}},{"k":[3,0,0,1,0],"v":{"t":[2,0]}},{"k":[4,0,0,0,0],"v":{"t":[2,0]}},{"k":[0,0,0,3,0],"v":{"t":[2,0]}},{"k":[1,0,0,2,0],"v":{"t":[2,0]}},{"k":[2,0,0,1,0],"v":{"t":[2,0]}},{"k":[3,0,0,0,0],"v":{"t":[2,0]}},{"k":[0,0,0,0,0],"v":{"t":[2,0]}},{"k":[7,0,31.25,3,0],"v":{"t":[0,0]}},{"k":[3,0,31.25,3,0],"v":{"t":[0,0]}}]},"moun":{"a":[{"k":[3,0,0,3,0],"v":{"hp":31.25,"hs":0,"sid":7}},{"k":[7,0,0,3,0],"v":{"hp":31.25,"hs":0,"sid":7}}],"o":[]},"objs":{"list":[{"k":[5,0,0,7,0],"v":{"canBeTriggeredAnotherObject":false,"hId":2,"id":1,"name":"Herói","ooepf":false}},{"k":[8,0,0,4,0],"v":{"events":[{"id":1,"name":"Hero action","p":[],"r":{"1":{"bh":true,"c":[{"command":[2,7,3,1,1],"kind":19}]}},"sys":false}],"hId":-1,"id":16,"name":"OBJ0004","ooepf":false,"states":[{"cam":true,"climb":false,"dir":false,"gid":-1,"gk":0,"id":1,"move":true,"name":"Início","pix":true,"pos":false,"stop":false,"sx":{"k":12,"v":1},"sy":{"k":12,"v":1},"sz":{"k":12,"v":1},"through":false,"x":0,"y":0}]}},{"k":[7,0,0,4,0],"v":{"events":[{"id":1,"name":"Hero action","p":[],"r":{"1":{"bh":true,"c":[{"command":[2,7,3,1,1],"kind":19}]}},"sys":false}],"hId":-1,"id":5,"name":"OBJ0004","ooepf":false,"states":[{"cam":true,"climb":false,"dir":false,"gid":-1,"gk":0,"id":1,"move":true,"name":"Início","pix":true,"pos":false,"stop":false,"sx":{"k":12,"v":1},"sy":{"k":12,"v":1},"sz":{"k":12,"v":1},"through":false,"x":0,"y":0}]}},{"k":[8,0,0,3,0],"v":{"events":[{"id":1,"name":"Hero action","p":[],"r":{"1":{"bh":true,"c":[{"command":[2,7,3,1,1],"kind":19}]}},"sys":false}],"hId":-1,"id":17,"name":"OBJ0004","ooepf":false,"states":[{"cam":true,"climb":false,"dir":false,"gid":-1,"gk":0,"id":1,"move":true,"name":"Início","pix":true,"pos":false,"stop":false,"sx":{"k":12,"v":1},"sy":{"k":12,"v":1},"sz":{"k":12,"v":1},"through":false,"x":0,"y":0}]}},{"k":[4,0,0,2,0],"v":{"events":[{"id":1,"name":"Hero action","p":[],"r":{"1":{"bh":true,"c":[{"command":[2,7,2,1,1],"kind":19}]}},"sys":false}],"hId":-1,"id":9,"name":"OBJ0004","ooepf":false,"states":[{"cam":true,"climb":false,"dir":false,"gid":-1,"gk":0,"id":1,"move":true,"name":"Início","pix":true,"pos":false,"stop":false,"sx":{"k":12,"v":1},"sy":{"k":12,"v":1},"sz":{"k":12,"v":1},"through":false,"x":0,"y":0}]}},{"k":[2,0,0,4,0],"v":{"events":[{"id":1,"name":"Hero action","p":[],"r":{"1":{"bh":true,"c":[{"command":[2,7,2,1,1],"kind":19}]}},"sys":false}],"hId":-1,"id":11,"name":"OBJ0004","ooepf":false,"states":[{"cam":true,"climb":false,"dir":false,"gid":-1,"gk":0,"id":1,"move":true,"name":"Início","pix":true,"pos":false,"stop":false,"sx":{"k":12,"v":1},"sy":{"k":12,"v":1},"sz":{"k":12,"v":1},"through":false,"x":0,"y":0}]}},{"k":[3,0,0,2,0],"v":{"events":[{"id":1,"name":"Hero action","p":[],"r":{"1":{"bh":true,"c":[{"command":[2,7,2,1,1],"kind":19}]}},"sys":false}],"hId":-1,"id":8,"name":"OBJ0004","ooepf":false,"states":[{"cam":true,"climb":false,"dir":false,"gid":-1,"gk":0,"id":1,"move":true,"name":"Início","pix":true,"pos":false,"stop":false,"sx":{"k":12,"v":1},"sy":{"k":12,"v":1},"sz":{"k":12,"v":1},"through":false,"x":0,"y":0}]}},{"k":[2,0,0,3,0],"v":{"events":[{"id":1,"name":"Hero action","p":[],"r":{"1":{"bh":true,"c":[{"command":[2,7,2,1,1],"kind":19}]}},"sys":false}],"hId":-1,"id":10,"name":"OBJ0004","ooepf":false,"states":[{"cam":true,"climb":false,"dir":false,"gid":-1,"gk":0,"id":1,"move":true,"name":"Início","pix":true,"pos":false,"stop":false,"sx":{"k":12,"v":1},"sy":{"k":12,"v":1},"sz":{"k":12,"v":1},"through":false,"x":0,"y":0}]}},{"k":[4,0,0,4,0],"v":{"events":[{"id":1,"name":"Hero action","p":[],"r":{"1":{"bh":true,"c":[{"command":[2,7,2,1,1],"kind":19}]}},"sys":false}],"hId":-1,"id":6,"name":"OBJ0004","ooepf":false,"states":[{"cam":true,"climb":false,"dir":false,"gid":-1,"gk":0,"id":1,"move":true,"name":"Início","pix":true,"pos":false,"stop":false,"sx":{"k":12,"v":1},"sy":{"k":12,"v":1},"sz":{"k":12,"v":1},"through":false,"x":0,"y":0}]}},{"k":[6,0,0,2,0],"v":{"events":[{"id":1,"name":"Hero action","p":[],"r":{"1":{"bh":true,"c":[{"command":[2,7,3,1,1],"kind":19}]}},"sys":false}],"hId":-1,"id":13,"name":"OBJ0004","ooepf":false,"states":[{"cam":true,"climb":false,"dir":false,"gid":-1,"gk":0,"id":1,"move":true,"name":"Início","pix":true,"pos":false,"stop":false,"sx":{"k":12,"v":1},"sy":{"k":12,"v":1},"sz":{"k":12,"v":1},"through":false,"x":0,"y":0}]}},{"k":[3,0,0,4,0],"v":{"events":[{"id":1,"name":"Hero action","p":[],"r":{"1":{"bh":true,"c":[{"command":[2,7,2,1,1],"kind":19}]}},"sys":false}],"hId":-1,"id":4,"name":"OBJ0004","ooepf":false,"states":[{"cam":true,"climb":false,"dir":false,"gid":-1,"gk":0,"id":1,"move":true,"name":"Início","pix":true,"pos":false,"stop":false,"sx":{"k":12,"v":1},"sy":{"k":12,"v":1},"sz":{"k":12,"v":1},"through":false,"x":0,"y":0}]}},{"k":[4,0,0,3,0],"v":{"events":[{"id":1,"name":"Hero action","p":[],"r":{"1":{"bh":true,"c":[{"command":[2,7,2,1,1],"kind":19}]}},"sys":false}],"hId":-1,"id":12,"name":"OBJ0004","ooepf":false,"states":[{"cam":true,"climb":false,"dir":false,"gid":-1,"gk":0,"id":1,"move":true,"name":"Início","pix":true,"pos":false,"stop":false,"sx":{"k":12,"v":1},"sy":{"k":12,"v":1},"sz":{"k":12,"v":1},"through":false,"x":0,"y":0}]}},{"k":[2,0,0,2,0],"v":{"events":[{"id":1,"name":"Hero action","p":[],"r":{"1":{"bh":true,"c":[{"command":[2,7,2,1,1],"kind":19}]}},"sys":false}],"hId":-1,"id":7,"name":"OBJ0004","ooepf":false,"states":[{"cam":true,"climb":false,"dir":false,"gid":-1,"gk":0,"id":1,"move":true,"name":"Início","pix":true,"pos":false,"stop":false,"sx":{"k":12,"v":1},"sy":{"k":12,"v":1},"sz":{"k":12,"v":1},"through":false,"x":0,"y":0}]}},{"k":[13,0,0,5,0],"v":{"events":[{"id":2,"name":"Hero touch","p":[],"r":{"1":{"bh":true,"c":[{"children":[{"command":[7,0,0,4,23,0,0,36,0,1,7,1,1,7,1],"kind":20},{"children":[{"command":[0,3,1,0,4,1,0,7,9],"kind":14}],"command":[1,0,4,101,0,12,1],"kind":8},{"children":[{"command":[0,3,1,0,4,1,0,7,10],"kind":14}],"command":[],"kind":9},{"command":[],"kind":10}],"command":[1,0,4,101,1,12,0],"kind":8},{"children":[{"command":[3,30,12,2,0,12,1],"kind":55},{"command":[8,"",-1,0,0,1,"[c][b]Você precisa escolher seu personagem![/b][/c]"],"kind":1},{"command":[7,0,0,1,0,2,0,2,0],"kind":21}],"command":[],"kind":9},{"command":[],"kind":10}]}},"sys":false}],"hId":-1,"id":20,"name":"OBJ0020","ooepf":false,"states":[{"cam":true,"climb":false,"dir":false,"gid":-1,"gk":0,"id":1,"move":true,"name":"Início","pix":true,"pos":false,"stop":false,"sx":{"k":12,"v":1},"sy":{"k":12,"v":1},"sz":{"k":12,"v":1},"through":false,"x":0,"y":0}]}},{"k":[13,0,0,7,0],"v":{"events":[{"id":2,"name":"Hero touch","p":[],"r":{"1":{"bh":true,"c":[{"children":[{"command":[7,0,0,4,23,0,0,36,0,1,7,1,1,7,1],"kind":20},{"children":[{"command":[0,3,1,0,4,1,0,7,9],"kind":14}],"command":[1,0,4,101,0,12,1],"kind":8},{"children":[{"command":[0,3,1,0,4,1,0,7,10],"kind":14}],"command":[],"kind":9},{"command":[],"kind":10}],"command":[1,0,4,101,1,12,0],"kind":8},{"children":[{"command":[3,30,12,2,0,12,1],"kind":55},{"command":[8,"",-1,0,0,1,"[c][b]Você precisa escolher seu personagem![/b][/c]"],"kind":1},{"command":[7,0,0,1,0,2,0,2,0],"kind":21}],"command":[],"kind":9},{"command":[],"kind":10}]}},"sys":false}],"hId":-1,"id":22,"name":"OBJ0020","ooepf":false,"states":[{"cam":true,"climb":false,"dir":false,"gid":-1,"gk":0,"id":1,"move":true,"name":"Início","pix":true,"pos":false,"stop":false,"sx":{"k":12,"v":1},"sy":{"k":12,"v":1},"sz":{"k":12,"v":1},"through":false,"x":0,"y":0}]}},{"k":[13,0,0,6,0],"v":{"events":[{"id":2,"name":"Hero touch","p":[],"r":{"1":{"bh":true,"c":[{"children":[{"command":[7,0,0,4,23,0,0,36,0,1,7,1,1,7,1],"kind":20},{"children":[{"command":[0,3,1,0,4,1,0,7,9],"kind":14}],"command":[1,0,4,101,0,12,1],"kind":8},{"children":[{"command":[0,3,1,0,4,1,0,7,10],"kind":14}],"command":[],"kind":9},{"command":[],"kind":10}],"command":[1,0,4,101,1,12,0],"kind":8},{"children":[{"command":[3,30,12,2,0,12,1],"kind":55},{"command":[8,"",-1,0,0,1,"[c][b]Você precisa escolher seu personagem![/b][/c]"],"kind":1},{"command":[7,0,0,1,0,2,0,2,0],"kind":21}],"command":[],"kind":9},{"command":[],"kind":10}]}},"sys":false}],"hId":-1,"id":21,"name":"OBJ0020","ooepf":false,"states":[{"cam":true,"climb":false,"dir":false,"gid":-1,"gk":0,"id":1,"move":true,"name":"Início","pix":true,"pos":false,"stop":false,"sx":{"k":12,"v":1},"sy":{"k":12,"v":1},"sz":{"k":12,"v":1},"through":false,"x":0,"y":0}]}},{"k":[7,0,31.25,3,0],"v":{"events":[{"id":1,"name":"Hero action","p":[],"r":{"1":{"bh":true,"c":[{"command":[8,"",1,3,1,1,"Deseja jogar como [b]Niara[/b]?"],"kind":1},{"command":[3,2,3,5,"-",1,"Sim","-",1,"Não"],"kind":31},{"children":[{"command":[7,-1,7,0,7,4,0],"kind":18},{"command":[0,101,0,0,12,2],"kind":2}],"command":[1],"kind":32},{"children":[],"command":[2],"kind":32},{"command":[],"kind":33}]}},"sys":false}],"hId":-1,"id":3,"name":"CharOptionFemale","ooepf":false,"states":[{"cam":true,"climb":false,"dir":false,"gid":8,"gk":4,"id":1,"move":false,"name":"Início","pix":true,"pos":true,"stop":false,"sx":{"k":12,"v":1},"sy":{"k":12,"v":1},"sz":{"k":12,"v":1},"through":false,"x":0,"y":0}]}},{"k":[6,0,0,4,0],"v":{"events":[{"id":1,"name":"Hero action","p":[],"r":{"1":{"bh":true,"c":[{"command":[2,7,3,1,1],"kind":19}]}},"sys":false}],"hId":-1,"id":15,"name":"OBJ0004","ooepf":false,"states":[{"cam":true,"climb":false,"dir":false,"gid":-1,"gk":0,"id":1,"move":true,"name":"Início","pix":true,"pos":false,"stop":false,"sx":{"k":12,"v":1},"sy":{"k":12,"v":1},"sz":{"k":12,"v":1},"through":false,"x":0,"y":0}]}},{"k":[8,0,0,2,0],"v":{"events":[{"id":1,"name":"Hero action","p":[],"r":{"1":{"bh":true,"c":[{"command":[2,7,3,1,1],"kind":19}]}},"sys":false}],"hId":-1,"id":18,"name":"OBJ0004","ooepf":false,"states":[{"cam":true,"climb":false,"dir":false,"gid":-1,"gk":0,"id":1,"move":true,"name":"Início","pix":true,"pos":false,"stop":false,"sx":{"k":12,"v":1},"sy":{"k":12,"v":1},"sz":{"k":12,"v":1},"through":false,"x":0,"y":0}]}},{"k":[3,0,31.25,3,0],"v":{"events":[{"id":1,"name":"Hero action","p":[],"r":{"1":{"bh":true,"c":[{"command":[8,"",1,0,1,1,"Deseja jogar como [b]Endir[/b]?"],"kind":1},{"command":[3,2,3,5,"-",1,"Sim","-",1,"Não"],"kind":31},{"children":[{"command":[7,-1,7,0,7,3,0],"kind":18},{"command":[0,101,0,0,12,1],"kind":2}],"command":[1],"kind":32},{"children":[],"command":[2],"kind":32},{"command":[],"kind":33}]}},"sys":false}],"hId":-1,"id":2,"name":"CharOptionMale","ooepf":false,"states":[{"cam":true,"climb":false,"dir":false,"gid":5,"gk":4,"id":1,"move":false,"name":"Início","pix":true,"pos":true,"stop":false,"sx":{"k":12,"v":1},"sy":{"k":12,"v":1},"sz":{"k":12,"v":1},"through":false,"x":0,"y":0}]}},{"k":[6,0,0,3,0],"v":{"events":[{"id":1,"name":"Hero action","p":[],"r":{"1":{"bh":true,"c":[{"command":[2,7,3,1,1],"kind":19}]}},"sys":false}],"hId":-1,"id":14,"name":"OBJ0004","ooepf":false,"states":[{"cam":true,"climb":false,"dir":false,"gid":-1,"gk":0,"id":1,"move":true,"name":"Início","pix":true,"pos":false,"stop":false,"sx":{"k":12,"v":1},"sy":{"k":12,"v":1},"sz":{"k":12,"v":1},"through":false,"x":0,"y":0}]}},{"k":[7,0,0,2,0],"v":{"events":[{"id":1,"name":"Hero action","p":[],"r":{"1":{"bh":true,"c":[{"command":[2,7,3,1,1],"kind":19}]}},"sys":false}],"hId":-1,"id":19,"name":"OBJ0004","ooepf":false,"states":[{"cam":true,"climb":false,"dir":false,"gid":-1,"gk":0,"id":1,"move":true,"name":"Início","pix":true,"pos":false,"stop":false,"sx":{"k":12,"v":1},"sy":{"k":12,"v":1},"sz":{"k":12,"v":1},"through":false,"x":0,"y":0}]}}]},"objs3d":{"a":[],"o":[]},"sprites":{"list":[{"k":[6,0,0,9,0],"v":{"k":7,"t":[5,5,1,1]}},{"k":[11,0,0,4,0],"v":{"k":7,"t":[5,5,1,1]}},{"k":[9,0,0,1,0],"v":{"k":7,"t":[5,5,1,1]}},{"k":[1,0,0,9,0],"v":{"k":7,"t":[5,5,1,1]}},{"k":[10,0,0,0,0],"v":{"k":7,"t":[5,5,1,1]}},{"k":[0,0,0,9,0],"v":{"k":7,"t":[5,5,1,1]}},{"k":[1,0,0,8,0],"v":{"k":7,"t":[5,5,1,1]}},{"k":[9,0,0,0,0],"v":{"k":7,"t":[5,5,1,1]}},{"k":[3,0,0,9,0],"v":{"k":7,"t":[5,5,1,1]}},{"k":[10,0,0,2,0],"v":{"k":7,"t":[5,5,1,1]}},{"k":[2,0,0,9,0],"v":{"k":7,"t":[5,5,1,1]}},{"k":[10,0,0,1,0],"v":{"k":7,"t":[5,5,1,1]}},{"k":[0,0,0,6,0],"v":{"k":7,"t":[5,5,1,1]}},{"k":[6,0,0,0,0],"v":{"k":7,"t":[5,5,1,1]}},{"k":[0,0,0,5,0],"v":{"k":7,"t":[5,5,1,1]}},{"k":[5,0,0,0,0],"v":{"k":7,"t":[5,5,1,1]}},{"k":[0,0,0,8,0],"v":{"k":7,"t":[5,5,1,1]}},{"k":[8,0,0,0,0],"v":{"k":7,"t":[5,5,1,1]}},{"k":[0,0,0,7,0],"v":{"k":7,"t":[5,5,1,1]}},{"k":[7,0,0,0,0],"v":{"k":7,"t":[5,5,1,1]}},{"k":[1,0,0,1,0],"v":{"k":7,"t":[5,5,1,1]}},{"k":[0,0,0,2,0],"v":{"k":7,"t":[5,5,1,1]}},{"k":[2,0,0,0,0],"v":{"k":7,"t":[5,5,1,1]}},{"k":[0,0,0,1,0],"v":{"k":7,"t":[5,5,1,1]}},{"k":[1,0,0,0,0],"v":{"k":7,"t":[5,5,1,1]}},{"k":[0,0,0,4,0],"v":{"k":7,"t":[5,5,1,1]}},{"k":[4,0,0,0,0],"v":{"k":7,"t":[5,5,1,1]}},{"k":[0,0,0,3,0],"v":{"k":7,"t":[5,5,1,1]}},{"k":[3,0,0,0,0],"v":{"k":7,"t":[5,5,1,1]}},{"k":[0,0,0,0,0],"v":{"k":7,"t":[5,5,1,1]}},{"k":[14,0,0,8,0],"v":{"k":4,"t":[0,1,2,2]}},{"k":[13,0,0,8,0],"v":{"k":4,"t":[0,1,2,2]}},{"k":[14,0,0,4,0],"v":{"k":4,"t":[0,1,2,2]}},{"k":[9,0,0,9,0],"v":{"k":7,"t":[5,5,1,1]}},{"k":[10,0,0,8,0],"v":{"k":7,"t":[5,5,1,1]}},{"k":[13,0,0,4,0],"v":{"k":4,"t":[0,1,2,2]}},{"k":[8,0,0,9,0],"v":{"k":7,"t":[5,5,1,1]}},{"k":[12,0,0,8,0],"v":{"k":4,"t":[0,1,2,2]}},{"k":[11,0,0,8,0],"v":{"k":7,"t":[5,5,1,1]}},{"k":[10,0,0,9,0],"v":{"k":7,"t":[5,5,1,1]}},{"k":[9,0,0,8,0,50,50,180],"v":{"f":false,"k":5,"t":[4,5,1,1]}},{"k":[5,0,0,9,0],"v":{"k":7,"t":[5,5,1,1]}},{"k":[10,0,0,4,0],"v":{"k":7,"t":[5,5,1,1]}},{"k":[9,0,0,4,0],"v":{"k":5,"t":[4,5,1,1]}},{"k":[4,0,0,9,0],"v":{"k":7,"t":[5,5,1,1]}},{"k":[10,0,0,3,0],"v":{"k":7,"t":[5,5,1,1]}},{"k":[12,0,0,4,0],"v":{"k":4,"t":[0,1,2,2]}},{"k":[7,0,0,9,0],"v":{"k":7,"t":[5,5,1,1]}}],"overflow":[],"walls":[]}}