{"bgs":{"id":-1,"ie":false,"is":false,"name":"<None>","v":{"k":3,"v":100}},"d":0,"h":16,"id":3,"isi":false,"isky":true,"l":15,"music":{"id":6,"ie":false,"is":false,"name":"Town1.mp3","v":{"k":3,"v":100}},"names":{"1":"CharacterSelection"},"of3d":[],"ofmoun":[],"ofsprites":[],"sky":{"k":7,"v":2},"so":{"events":[{"id":1,"name":"Time","p":[{"id":1,"name":"Interval","v":{"k":2,"v":null}},{"id":2,"name":"Repeat","v":{"k":10,"v":false}}],"r":{"1":{"bh":true,"c":[{"command":[7,1,1,12,1],"kind":56},{"command":[8,"",-1,0,0,1,"Bem-vindo! Escolha seu personagem!"],"kind":1}]}},"sys":true}],"hId":-1,"id":1,"name":"","ooepf":false,"states":[{"cam":false,"climb":false,"dir":false,"gid":-1,"gk":0,"id":1,"move":false,"name":"Início","pix":false,"pos":false,"stop":false,"sx":{"k":12,"v":1},"sy":{"k":12,"v":1},"sz":{"k":12,"v":1},"through":false,"x":0,"y":0}]},"tileset":1,"w":10}