{"objs":[{"id":1,"name":"Herói","p":[5,0,0,7]},{"id":2,"name":"CharOptionMale","p":[3,0,31.25,3]},{"id":3,"name":"CharOptionFemale","p":[7,0,31.25,3]},{"id":4,"name":"OBJ0004","p":[3,0,0,4]},{"id":5,"name":"OBJ0004","p":[7,0,0,4]},{"id":6,"name":"OBJ0004","p":[4,0,0,4]},{"id":7,"name":"OBJ0004","p":[2,0,0,2]},{"id":8,"name":"OBJ0004","p":[3,0,0,2]},{"id":9,"name":"OBJ0004","p":[4,0,0,2]},{"id":10,"name":"OBJ0004","p":[2,0,0,3]},{"id":11,"name":"OBJ0004","p":[2,0,0,4]},{"id":12,"name":"OBJ0004","p":[4,0,0,3]},{"id":13,"name":"OBJ0004","p":[6,0,0,2]},{"id":14,"name":"OBJ0004","p":[6,0,0,3]},{"id":15,"name":"OBJ0004","p":[6,0,0,4]},{"id":16,"name":"OBJ0004","p":[8,0,0,4]},{"id":17,"name":"OBJ0004","p":[8,0,0,3]},{"id":18,"name":"OBJ0004","p":[8,0,0,2]},{"id":19,"name":"OBJ0004","p":[7,0,0,2]},{"id":20,"name":"OBJ0020","p":[13,0,0,5]},{"id":21,"name":"OBJ0020","p":[13,0,0,6]},{"id":22,"name":"OBJ0020","p":[13,0,0,7]}]}